student_id,campus,class_year,course_name,training_format,pre_test_score,post_test_score,completion_status,completion_time_days,satisfaction_score,assessment_attempts,training_hours,enrollment_date,completion_date
60001,Community Health Institute,M4,Psychiatric Interviewing & Mental Status Examination,Digital Workbook,33.3,,In Progress,,2.8,2,3.1,2025-04-05,
60001,Community Health Institute,M4,"Recognizing Depression, Anxiety & Suicide Risk",Digital Workbook,48.3,,In Progress,,2.8,2,1.5,2025-10-09,
60001,Community Health Institute,M4,Trauma-Informed Care & Communication,Digital Workbook,36.2,,Not Started,,,0,0.0,2025-03-03,
60001,Community Health Institute,M4,De-escalation Micro-Skills for Acute Distress,Gamified Microlearning,49.7,65.7,Completed,3,4.5,1,1.1,2025-05-13,2025-05-16
60001,Community Health Institute,M4,Empathic Communication Quick Course,Gamified Microlearning,34.7,52.2,Completed,3,4.2,2,1.6,2025-08-08,2025-08-11
60001,Community Health Institute,M4,Physician Wellness & Burnout Prevention,Teacher-Led Virtual,47.3,55.3,Completed,18,4.4,1,4.8,2025-09-19,2025-10-07
60001,Community Health Institute,M4,Peer Mentorship & Clinical Team Communication,Blended,20.0,27.7,Completed,11,4.4,1,6.1,2025-07-30,2025-08-10
60001,Community Health Institute,M4,Motivational Interviewing Workshop,Blended,47.7,59.3,Completed,8,4.9,1,2.5,2025-10-15,2025-10-23
60002,Lakeside Medical Center,M3,Psychiatric Interviewing & Mental Status Examination,Digital Workbook,81.6,83.5,Completed,31,3.1,1,6.1,2025-06-24,2025-07-25
60002,Lakeside Medical Center,M3,"Recognizing Depression, Anxiety & Suicide Risk",Digital Workbook,58.1,73.6,Completed,17,4.2,2,6.7,2025-02-10,2025-02-27
60002,Lakeside Medical Center,M3,Trauma-Informed Care & Communication,Digital Workbook,70.6,84.7,Completed,17,3.3,1,3.9,2025-02-16,2025-03-05
60002,Lakeside Medical Center,M3,De-escalation Micro-Skills for Acute Distress,Gamified Microlearning,66.9,85.5,Completed,2,5.0,1,0.9,2025-09-05,2025-09-07
60002,Lakeside Medical Center,M3,Empathic Communication Quick Course,Gamified Microlearning,68.9,91.8,Completed,5,4.9,1,1.9,2025-11-09,2025-11-14
60002,Lakeside Medical Center,M3,Motivational Interviewing Workshop,Blended,68.9,81.0,Completed,7,4.1,1,3.0,2025-08-03,2025-08-10
60002,Lakeside Medical Center,M3,Peer Mentorship & Clinical Team Communication,Blended,47.2,65.7,Completed,14,4.6,3,6.7,2025-06-27,2025-07-11
60003,Lakeside Medical Center,M2,Psychiatric Interviewing & Mental Status Examination,Digital Workbook,75.6,80.6,Completed,18,3.8,2,6.9,2025-07-06,2025-07-24
60003,Lakeside Medical Center,M2,"Recognizing Depression, Anxiety & Suicide Risk",Digital Workbook,71.1,79.1,Completed,24,3.7,1,5.4,2025-09-07,2025-10-01
60003,Lakeside Medical Center,M2,Trauma-Informed Care & Communication,Digital Workbook,72.4,,Not Started,,,0,0.0,2025-01-08,
60003,Lakeside Medical Center,M2,De-escalation Micro-Skills for Acute Distress,Gamified Microlearning,62.3,81.6,Completed,3,4.5,2,1.0,2025-05-08,2025-05-11
60003,Lakeside Medical Center,M2,Empathic Communication Quick Course,Gamified Microlearning,79.1,100.0,Completed,4,5.0,1,1.7,2025-04-25,2025-04-29
60003,Lakeside Medical Center,M2,Peer Mentorship & Clinical Team Communication,Blended,82.5,,Not Started,,,0,0.0,2025-10-02,
60003,Lakeside Medical Center,M2,Intro to Cognitive Behavioral Therapy for Primary Care,Teacher-Led Virtual,68.8,91.9,Completed,2,3.6,2,3.6,2025-02-04,2025-02-06
60004,Community Health Institute,M3,Psychiatric Interviewing & Mental Status Examination,Digital Workbook,56.1,,In Progress,,2.8,2,4.0,2025-05-14,
60004,Community Health Institute,M3,"Recognizing Depression, Anxiety & Suicide Risk",Digital Workbook,56.8,57.4,Completed,11,2.2,1,6.4,2025-07-03,2025-07-14
60004,Community Health Institute,M3,Trauma-Informed Care & Communication,Digital Workbook,65.4,74.9,Completed,12,3.1,3,4.6,2025-06-25,2025-07-07
60004,Community Health Institute,M3,De-escalation Micro-Skills for Acute Distress,Gamified Microlearning,62.7,83.1,Completed,3,5.0,2,1.2,2025-10-27,2025-10-30
60004,Community Health Institute,M3,Empathic Communication Quick Course,Gamified Microlearning,58.9,81.7,Completed,4,4.3,2,1.9,2025-05-25,2025-05-29
60004,Community Health Institute,M3,Motivational Interviewing Workshop,Blended,62.2,75.2,Completed,5,4.7,2,2.9,2025-01-31,2025-02-05
60004,Community Health Institute,M3,Peer Mentorship & Clinical Team Communication,Blended,46.0,62.5,Completed,14,4.4,2,6.2,2025-07-03,2025-07-17
60005,Meridian Main Campus,M1,Psychiatric Interviewing & Mental Status Examination,Digital Workbook,46.3,60.2,Completed,22,3.5,1,6.6,2025-04-17,2025-05-09
60005,Meridian Main Campus,M1,"Recognizing Depression, Anxiety & Suicide Risk",Digital Workbook,71.0,,In Progress,,2.9,2,2.6,2025-02-13,
60005,Meridian Main Campus,M1,Trauma-Informed Care & Communication,Digital Workbook,58.4,62.0,Completed,12,3.1,1,5.5,2025-09-11,2025-09-23
60005,Meridian Main Campus,M1,De-escalation Micro-Skills for Acute Distress,Gamified Microlearning,46.6,60.3,Completed,3,4.9,1,1.0,2025-10-21,2025-10-24
60005,Meridian Main Campus,M1,Empathic Communication Quick Course,Gamified Microlearning,47.0,65.7,Completed,4,4.6,2,1.5,2025-03-17,2025-03-21
60005,Meridian Main Campus,M1,Understanding Implicit Bias in Clinical Decision-Making,Digital Workbook,78.8,88.5,Completed,14,3.9,3,3.6,2025-11-04,2025-11-18
60005,Meridian Main Campus,M1,Intro to Cognitive Behavioral Therapy for Primary Care,Teacher-Led Virtual,30.7,48.6,Completed,8,4.1,3,2.6,2025-04-09,2025-04-17
60006,Riverside Teaching Hospital,M4,Psychiatric Interviewing & Mental Status Examination,Digital Workbook,69.2,82.5,Completed,11,3.0,2,7.7,2025-04-24,2025-05-05
60006,Riverside Teaching Hospital,M4,"Recognizing Depression, Anxiety & Suicide Risk",Digital Workbook,68.2,87.9,Completed,5,3.3,2,5.8,2025-10-07,2025-10-12
60006,Riverside Teaching Hospital,M4,Trauma-Informed Care & Communication,Digital Workbook,91.2,,In Progress,,2.7,1,2.1,2025-06-16,
60006,Riverside Teaching Hospital,M4,De-escalation Micro-Skills for Acute Distress,Gamified Microlearning,79.2,99.1,Completed,2,5.0,1,1.0,2025-01-31,2025-02-02
60006,Riverside Teaching Hospital,M4,Empathic Communication Quick Course,Gamified Microlearning,75.5,100.0,Completed,4,4.9,1,1.7,2025-08-08,2025-08-12
60006,Riverside Teaching Hospital,M4,Motivational Interviewing Workshop,Blended,77.9,82.6,Completed,6,4.2,1,2.6,2025-06-14,2025-06-20
60006,Riverside Teaching Hospital,M4,Intro to Cognitive Behavioral Therapy for Primary Care,Teacher-Led Virtual,74.5,88.2,Completed,4,3.9,1,2.6,2025-07-31,2025-08-04
60007,University Health Partners,M3,Psychiatric Interviewing & Mental Status Examination,Digital Workbook,53.1,61.0,Completed,26,3.3,3,5.7,2025-05-09,2025-06-04
60007,University Health Partners,M3,"Recognizing Depression, Anxiety & Suicide Risk",Digital Workbook,49.4,,In Progress,,3.2,2,3.0,2025-05-21,
60007,University Health Partners,M3,Trauma-Informed Care & Communication,Digital Workbook,64.1,70.4,Completed,17,3.6,2,3.9,2025-06-06,2025-06-23
60007,University Health Partners,M3,De-escalation Micro-Skills for Acute Distress,Gamified Microlearning,65.8,81.5,Completed,2,5.0,2,1.2,2025-09-12,2025-09-14
60007,University Health Partners,M3,Empathic Communication Quick Course,Gamified Microlearning,70.5,91.0,Completed,5,3.8,1,1.5,2025-09-12,2025-09-17
60007,University Health Partners,M3,Peer Mentorship & Clinical Team Communication,Blended,48.0,59.4,Completed,19,4.6,2,7.7,2025-08-02,2025-08-21
60008,Community Health Institute,M3,Psychiatric Interviewing & Mental Status Examination,Digital Workbook,48.9,58.1,Completed,35,3.1,2,6.8,2025-05-03,2025-06-07
60008,Community Health Institute,M3,"Recognizing Depression, Anxiety & Suicide Risk",Digital Workbook,33.4,,Dropped,,2.1,1,1.0,2025-04-12,
60008,Community Health Institute,M3,Trauma-Informed Care & Communication,Digital Workbook,56.2,51.8,Completed,14,3.2,1,5.7,2025-11-08,2025-11-22
60008,Community Health Institute,M3,De-escalation Micro-Skills for Acute Distress,Gamified Microlearning,47.1,59.6,Completed,2,4.3,3,1.2,2025-10-28,2025-10-30
60008,Community Health Institute,M3,Empathic Communication Quick Course,Gamified Microlearning,54.0,66.3,Completed,6,5.0,3,1.8,2025-08-10,2025-08-16
60008,Community Health Institute,M3,Intro to Cognitive Behavioral Therapy for Primary Care,Teacher-Led Virtual,42.8,,Not Started,,,0,0.0,2025-06-23,
60008,Community Health Institute,M3,Understanding Implicit Bias in Clinical Decision-Making,Digital Workbook,50.2,,In Progress,,3.6,3,0.9,2025-04-02,
60008,Community Health Institute,M3,Peer Mentorship & Clinical Team Communication,Blended,45.3,53.2,Completed,27,3.9,3,7.5,2025-10-17,2025-11-13
60009,University Health Partners,M2,Psychiatric Interviewing & Mental Status Examination,Digital Workbook,39.3,39.4,Completed,19,3.7,2,7.0,2025-04-24,2025-05-13
60009,University Health Partners,M2,"Recognizing Depression, Anxiety & Suicide Risk",Digital Workbook,80.7,89.0,Completed,18,3.2,2,5.1,2025-07-07,2025-07-25
60009,University Health Partners,M2,Trauma-Informed Care & Communication,Digital Workbook,59.1,59.8,Completed,7,3.4,2,5.4,2025-02-22,2025-03-01
60009,University Health Partners,M2,De-escalation Micro-Skills for Acute Distress,Gamified Microlearning,44.1,62.5,Completed,3,3.9,2,1.0,2025-09-30,2025-10-03
60009,University Health Partners,M2,Empathic Communication Quick Course,Gamified Microlearning,50.2,67.8,Completed,3,3.8,2,1.8,2025-10-27,2025-10-30
60009,University Health Partners,M2,Physician Wellness & Burnout Prevention,Teacher-Led Virtual,41.4,52.5,Completed,10,4.0,2,4.5,2025-10-16,2025-10-26
60009,University Health Partners,M2,Motivational Interviewing Workshop,Blended,59.2,78.4,Completed,5,4.2,1,3.2,2025-08-24,2025-08-29
60010,Community Health Institute,M1,Psychiatric Interviewing & Mental Status Examination,Digital Workbook,45.3,51.4,Completed,24,3.3,1,6.6,2025-08-25,2025-09-18
60010,Community Health Institute,M1,"Recognizing Depression, Anxiety & Suicide Risk",Digital Workbook,49.3,56.8,Completed,16,2.8,1,5.7,2025-05-20,2025-06-05
60010,Community Health Institute,M1,Trauma-Informed Care & Communication,Digital Workbook,77.1,,Not Started,,,0,0.0,2025-01-10,
60010,Community Health Institute,M1,De-escalation Micro-Skills for Acute Distress,Gamified Microlearning,56.5,73.5,Completed,3,4.8,1,1.3,2025-09-02,2025-09-05
60010,Community Health Institute,M1,Empathic Communication Quick Course,Gamified Microlearning,66.5,81.3,Completed,7,4.1,2,1.4,2025-06-23,2025-06-30
60010,Community Health Institute,M1,Peer Mentorship & Clinical Team Communication,Blended,58.5,71.7,Completed,17,3.9,3,5.2,2025-05-22,2025-06-08
60010,Community Health Institute,M1,Understanding Implicit Bias in Clinical Decision-Making,Digital Workbook,52.4,59.3,Completed,9,3.9,1,2.7,2025-01-13,2025-01-22
60011,Riverside Teaching Hospital,M2,Psychiatric Interviewing & Mental Status Examination,Digital Workbook,69.4,80.6,Completed,15,3.7,3,6.8,2025-01-19,2025-02-03
60011,Riverside Teaching Hospital,M2,"Recognizing Depression, Anxiety & Suicide Risk",Digital Workbook,72.2,,Not Started,,,0,0.0,2025-04-29,
60011,Riverside Teaching Hospital,M2,Trauma-Informed Care & Communication,Digital Workbook,65.7,,Not Started,,,0,0.0,2025-01-21,
60011,Riverside Teaching Hospital,M2,De-escalation Micro-Skills for Acute Distress,Gamified Microlearning,69.6,91.2,Completed,3,4.2,1,1.0,2025-03-09,2025-03-12
60011,Riverside Teaching Hospital,M2,Empathic Communication Quick Course,Gamified Microlearning,77.8,100.0,Completed,5,4.4,1,1.9,2025-02-04,2025-02-09
60011,Riverside Teaching Hospital,M2,Physician Wellness & Burnout Prevention,Teacher-Led Virtual,80.9,95.9,Completed,18,4.4,1,3.9,2025-02-05,2025-02-23
60011,Riverside Teaching Hospital,M2,Motivational Interviewing Workshop,Blended,60.4,77.1,Completed,10,4.3,1,2.2,2025-10-08,2025-10-18
60011,Riverside Teaching Hospital,M2,Intro to Cognitive Behavioral Therapy for Primary Care,Teacher-Led Virtual,69.5,85.7,Completed,4,3.5,1,2.9,2025-07-07,2025-07-11
60012,Riverside Teaching Hospital,M2,Psychiatric Interviewing & Mental Status Examination,Digital Workbook,57.2,65.9,Completed,15,3.0,2,5.4,2025-06-28,2025-07-13
60012,Riverside Teaching Hospital,M2,"Recognizing Depression, Anxiety & Suicide Risk",Digital Workbook,54.0,60.1,Completed,25,3.3,2,5.4,2025-01-23,2025-02-17
60012,Riverside Teaching Hospital,M2,Trauma-Informed Care & Communication,Digital Workbook,40.7,47.9,Completed,8,2.6,1,5.1,2025-05-31,2025-06-08
60012,Riverside Teaching Hospital,M2,De-escalation Micro-Skills for Acute Distress,Gamified Microlearning,60.7,71.8,Completed,2,4.4,1,1.2,2025-03-07,2025-03-09
60012,Riverside Teaching Hospital,M2,Empathic Communication Quick Course,Gamified Microlearning,61.5,82.4,Completed,4,5.0,1,1.3,2025-10-08,2025-10-12
60012,Riverside Teaching Hospital,M2,Understanding Implicit Bias in Clinical Decision-Making,Digital Workbook,42.4,50.7,Completed,10,4.0,2,3.9,2025-09-16,2025-09-26
60012,Riverside Teaching Hospital,M2,Intro to Cognitive Behavioral Therapy for Primary Care,Teacher-Led Virtual,51.1,57.6,Completed,13,3.8,1,3.6,2025-08-20,2025-09-02
60012,Riverside Teaching Hospital,M2,Physician Wellness & Burnout Prevention,Teacher-Led Virtual,48.3,65.7,Completed,3,4.1,2,4.6,2025-05-13,2025-05-16
60013,Lakeside Medical Center,M1,Psychiatric Interviewing & Mental Status Examination,Digital Workbook,58.3,67.4,Completed,23,3.4,2,6.7,2025-07-12,2025-08-04
60013,Lakeside Medical Center,M1,"Recognizing Depression, Anxiety & Suicide Risk",Digital Workbook,64.4,,Dropped,,1.7,2,1.3,2025-09-21,
60013,Lakeside Medical Center,M1,Trauma-Informed Care & Communication,Digital Workbook,54.7,62.8,Completed,15,3.3,2,4.8,2025-10-25,2025-11-09
60013,Lakeside Medical Center,M1,De-escalation Micro-Skills for Acute Distress,Gamified Microlearning,50.7,70.0,Completed,2,4.7,1,1.0,2025-06-05,2025-06-07
60013,Lakeside Medical Center,M1,Empathic Communication Quick Course,Gamified Microlearning,64.5,87.2,Completed,5,5.0,2,1.6,2025-08-18,2025-08-23
60013,Lakeside Medical Center,M1,Physician Wellness & Burnout Prevention,Teacher-Led Virtual,52.0,74.0,Completed,8,4.4,1,3.6,2025-07-23,2025-07-31
60013,Lakeside Medical Center,M1,Motivational Interviewing Workshop,Blended,63.7,78.3,Completed,6,4.9,1,2.8,2025-11-11,2025-11-17
60013,Lakeside Medical Center,M1,Understanding Implicit Bias in Clinical Decision-Making,Digital Workbook,52.6,59.2,Completed,5,3.6,1,2.6,2025-03-25,2025-03-30
60014,Meridian Main Campus,M3,Psychiatric Interviewing & Mental Status Examination,Digital Workbook,52.2,,Not Started,,,0,0.0,2025-09-15,
60014,Meridian Main Campus,M3,"Recognizing Depression, Anxiety & Suicide Risk",Digital Workbook,45.7,,Dropped,,2.1,2,0.5,2025-05-30,
60014,Meridian Main Campus,M3,Trauma-Informed Care & Communication,Digital Workbook,57.0,79.6,Completed,18,3.5,2,5.7,2025-08-02,2025-08-20
60014,Meridian Main Campus,M3,De-escalation Micro-Skills for Acute Distress,Gamified Microlearning,43.4,70.1,Completed,3,4.6,2,1.3,2025-05-06,2025-05-09
60014,Meridian Main Campus,M3,Empathic Communication Quick Course,Gamified Microlearning,70.2,79.4,Completed,1,4.8,1,1.4,2025-03-24,2025-03-25
60014,Meridian Main Campus,M3,Motivational Interviewing Workshop,Blended,53.6,61.9,Completed,11,4.3,2,3.2,2025-08-12,2025-08-23
60014,Meridian Main Campus,M3,Physician Wellness & Burnout Prevention,Teacher-Led Virtual,54.6,67.0,Completed,6,3.9,1,3.9,2025-10-09,2025-10-15
60015,University Health Partners,M1,Psychiatric Interviewing & Mental Status Examination,Digital Workbook,71.0,74.8,Completed,19,3.6,2,7.6,2025-09-16,2025-10-05
60015,University Health Partners,M1,"Recognizing Depression, Anxiety & Suicide Risk",Digital Workbook,60.3,65.9,Completed,26,3.6,2,4.7,2025-04-13,2025-05-09
60015,University Health Partners,M1,Trauma-Informed Care & Communication,Digital Workbook,59.2,68.5,Completed,14,3.7,2,5.2,2025-03-09,2025-03-23
60015,University Health Partners,M1,De-escalation Micro-Skills for Acute Distress,Gamified Microlearning,62.2,75.2,Completed,4,5.0,1,1.1,2025-02-14,2025-02-18
60015,University Health Partners,M1,Empathic Communication Quick Course,Gamified Microlearning,61.7,79.7,Completed,8,4.2,2,1.3,2025-09-26,2025-10-04
60015,University Health Partners,M1,Physician Wellness & Burnout Prevention,Teacher-Led Virtual,50.2,65.2,Completed,15,3.4,2,3.7,2025-04-03,2025-04-18
60015,University Health Partners,M1,Motivational Interviewing Workshop,Blended,51.6,65.3,Completed,6,4.0,1,3.1,2025-06-06,2025-06-12
60016,Community Health Institute,M4,Psychiatric Interviewing & Mental Status Examination,Digital Workbook,61.8,,Dropped,,2.2,2,0.4,2025-03-23,
60016,Community Health Institute,M4,"Recognizing Depression, Anxiety & Suicide Risk",Digital Workbook,70.2,81.0,Completed,20,3.2,3,5.2,2025-05-22,2025-06-11
60016,Community Health Institute,M4,Trauma-Informed Care & Communication,Digital Workbook,56.6,,Not Started,,,0,0.0,2025-06-21,
60016,Community Health Institute,M4,De-escalation Micro-Skills for Acute Distress,Gamified Microlearning,74.3,100.0,Completed,2,5.0,1,1.2,2025-09-26,2025-09-28
60016,Community Health Institute,M4,Empathic Communication Quick Course,Gamified Microlearning,56.9,70.7,Completed,3,4.6,2,1.9,2025-08-17,2025-08-20
60016,Community Health Institute,M4,Understanding Implicit Bias in Clinical Decision-Making,Digital Workbook,44.6,62.3,Completed,14,3.8,1,3.4,2025-05-17,2025-05-31
60016,Community Health Institute,M4,Physician Wellness & Burnout Prevention,Teacher-Led Virtual,59.6,71.3,Completed,17,3.0,2,4.1,2025-04-25,2025-05-12
60017,Community Health Institute,M2,Psychiatric Interviewing & Mental Status Examination,Digital Workbook,66.1,,Dropped,,2.2,2,0.9,2025-05-24,
60017,Community Health Institute,M2,"Recognizing Depression, Anxiety & Suicide Risk",Digital Workbook,49.7,60.0,Completed,16,2.8,2,5.0,2025-06-12,2025-06-28
60017,Community Health Institute,M2,Trauma-Informed Care & Communication,Digital Workbook,53.7,,Not Started,,,0,0.0,2025-04-20,
60017,Community Health Institute,M2,De-escalation Micro-Skills for Acute Distress,Gamified Microlearning,49.2,67.0,Completed,4,4.9,1,1.1,2025-01-12,2025-01-16
60017,Community Health Institute,M2,Empathic Communication Quick Course,Gamified Microlearning,36.5,55.1,Completed,4,5.0,1,1.7,2025-10-24,2025-10-28
60017,Community Health Institute,M2,Understanding Implicit Bias in Clinical Decision-Making,Digital Workbook,64.9,79.9,Completed,10,4.1,1,3.6,2025-07-05,2025-07-15
60017,Community Health Institute,M2,Peer Mentorship & Clinical Team Communication,Blended,73.5,89.3,Completed,25,4.1,2,6.9,2025-09-14,2025-10-09
60018,University Health Partners,M3,Psychiatric Interviewing & Mental Status Examination,Digital Workbook,67.6,,In Progress,,2.9,1,3.4,2025-03-30,
60018,University Health Partners,M3,"Recognizing Depression, Anxiety & Suicide Risk",Digital Workbook,66.9,62.4,Completed,15,3.1,2,5.4,2025-04-25,2025-05-10
60018,University Health Partners,M3,Trauma-Informed Care & Communication,Digital Workbook,62.3,,In Progress,,2.7,1,1.3,2025-07-10,
60018,University Health Partners,M3,De-escalation Micro-Skills for Acute Distress,Gamified Microlearning,77.4,100.0,Completed,1,4.2,2,0.9,2025-04-16,2025-04-17
60018,University Health Partners,M3,Empathic Communication Quick Course,Gamified Microlearning,67.7,85.9,Completed,1,4.7,1,1.4,2025-07-19,2025-07-20
60018,University Health Partners,M3,Physician Wellness & Burnout Prevention,Teacher-Led Virtual,66.9,89.7,Completed,2,4.1,1,4.1,2025-04-17,2025-04-19
60018,University Health Partners,M3,Understanding Implicit Bias in Clinical Decision-Making,Digital Workbook,60.5,61.6,Completed,8,4.1,1,2.8,2025-09-19,2025-09-27
60019,Meridian Main Campus,M4,Psychiatric Interviewing & Mental Status Examination,Digital Workbook,57.3,,Not Started,,,0,0.0,2025-05-06,
60019,Meridian Main Campus,M4,"Recognizing Depression, Anxiety & Suicide Risk",Digital Workbook,68.4,63.7,Completed,12,3.2,2,5.6,2025-07-26,2025-08-07
60019,Meridian Main Campus,M4,Trauma-Informed Care & Communication,Digital Workbook,51.3,67.8,Completed,17,3.3,2,5.8,2025-07-30,2025-08-16
60019,Meridian Main Campus,M4,De-escalation Micro-Skills for Acute Distress,Gamified Microlearning,63.0,78.0,Completed,2,4.0,2,0.9,2025-06-26,2025-06-28
60019,Meridian Main Campus,M4,Empathic Communication Quick Course,Gamified Microlearning,43.7,63.0,Completed,4,4.1,2,1.6,2025-05-08,2025-05-12
60019,Meridian Main Campus,M4,Understanding Implicit Bias in Clinical Decision-Making,Digital Workbook,69.2,,In Progress,,3.0,1,1.6,2025-07-22,
60019,Meridian Main Campus,M4,Intro to Cognitive Behavioral Therapy for Primary Care,Teacher-Led Virtual,57.2,71.1,Completed,13,4.2,2,3.3,2025-04-04,2025-04-17
60019,Meridian Main Campus,M4,Peer Mentorship & Clinical Team Communication,Blended,49.3,72.5,Completed,23,4.4,2,7.5,2025-09-05,2025-09-28
60020,Lakeside Medical Center,M1,Psychiatric Interviewing & Mental Status Examination,Digital Workbook,44.9,42.4,Completed,9,4.2,1,7.6,2025-01-21,2025-01-30
60020,Lakeside Medical Center,M1,"Recognizing Depression, Anxiety & Suicide Risk",Digital Workbook,50.3,52.7,Completed,8,3.3,3,6.6,2025-03-13,2025-03-21
60020,Lakeside Medical Center,M1,Trauma-Informed Care & Communication,Digital Workbook,38.0,41.9,Completed,18,4.4,3,5.5,2025-05-17,2025-06-04
60020,Lakeside Medical Center,M1,De-escalation Micro-Skills for Acute Distress,Gamified Microlearning,48.6,54.7,Completed,2,4.7,1,1.1,2025-03-10,2025-03-12
60020,Lakeside Medical Center,M1,Empathic Communication Quick Course,Gamified Microlearning,35.8,46.0,Completed,5,4.3,3,1.3,2025-02-02,2025-02-07
60020,Lakeside Medical Center,M1,Intro to Cognitive Behavioral Therapy for Primary Care,Teacher-Led Virtual,40.8,,In Progress,,3.1,2,1.7,2025-06-06,
60020,Lakeside Medical Center,M1,Motivational Interviewing Workshop,Blended,52.3,62.5,Completed,5,3.8,1,2.3,2025-05-19,2025-05-24
60020,Lakeside Medical Center,M1,Understanding Implicit Bias in Clinical Decision-Making,Digital Workbook,36.7,37.1,Completed,9,3.7,1,3.2,2025-07-18,2025-07-27
60021,Lakeside Medical Center,M1,Psychiatric Interviewing & Mental Status Examination,Digital Workbook,88.9,99.4,Completed,13,2.8,1,6.4,2025-10-07,2025-10-20
60021,Lakeside Medical Center,M1,"Recognizing Depression, Anxiety & Suicide Risk",Digital Workbook,90.0,,Dropped,,1.5,1,1.0,2025-11-15,
60021,Lakeside Medical Center,M1,Trauma-Informed Care & Communication,Digital Workbook,82.8,100.0,Completed,15,3.1,2,4.6,2025-02-03,2025-02-18
60021,Lakeside Medical Center,M1,De-escalation Micro-Skills for Acute Distress,Gamified Microlearning,80.3,100.0,Completed,4,4.3,1,1.1,2025-11-17,2025-11-21
60021,Lakeside Medical Center,M1,Empathic Communication Quick Course,Gamified Microlearning,85.1,,In Progress,,3.2,2,0.6,2025-09-09,
60021,Lakeside Medical Center,M1,Intro to Cognitive Behavioral Therapy for Primary Care,Teacher-Led Virtual,85.5,100.0,Completed,3,3.9,1,3.2,2025-09-19,2025-09-22
60022,University Health Partners,M3,Psychiatric Interviewing & Mental Status Examination,Digital Workbook,65.3,66.1,Completed,18,3.3,2,6.9,2025-08-22,2025-09-09
60022,University Health Partners,M3,"Recognizing Depression, Anxiety & Suicide Risk",Digital Workbook,42.9,51.8,Completed,17,3.3,2,6.1,2025-09-15,2025-10-02
60022,University Health Partners,M3,Trauma-Informed Care & Communication,Digital Workbook,58.8,54.0,Completed,17,3.1,3,5.6,2025-04-28,2025-05-15
60022,University Health Partners,M3,De-escalation Micro-Skills for Acute Distress,Gamified Microlearning,47.2,72.4,Completed,3,4.8,2,1.0,2025-03-05,2025-03-08
60022,University Health Partners,M3,Empathic Communication Quick Course,Gamified Microlearning,54.7,70.2,Completed,4,4.5,1,1.8,2025-03-23,2025-03-27
60022,University Health Partners,M3,Physician Wellness & Burnout Prevention,Teacher-Led Virtual,42.3,60.3,Completed,18,3.9,2,5.2,2025-03-05,2025-03-23
60022,University Health Partners,M3,Understanding Implicit Bias in Clinical Decision-Making,Digital Workbook,46.8,59.3,Completed,7,4.2,1,2.6,2025-02-15,2025-02-22
60023,Community Health Institute,M1,Psychiatric Interviewing & Mental Status Examination,Digital Workbook,58.4,64.1,Completed,20,3.5,2,6.4,2025-04-16,2025-05-06
60023,Community Health Institute,M1,"Recognizing Depression, Anxiety & Suicide Risk",Digital Workbook,54.4,64.1,Completed,11,3.0,1,7.0,2025-08-20,2025-08-31
60023,Community Health Institute,M1,Trauma-Informed Care & Communication,Digital Workbook,76.8,89.9,Completed,13,3.7,3,4.8,2025-05-23,2025-06-05
60023,Community Health Institute,M1,De-escalation Micro-Skills for Acute Distress,Gamified Microlearning,74.6,91.7,Completed,2,4.0,1,1.0,2025-11-05,2025-11-07
60023,Community Health Institute,M1,Empathic Communication Quick Course,Gamified Microlearning,48.7,58.6,Completed,6,3.7,2,1.4,2025-02-24,2025-03-02
60023,Community Health Institute,M1,Intro to Cognitive Behavioral Therapy for Primary Care,Teacher-Led Virtual,46.0,64.4,Completed,9,4.0,1,3.5,2025-04-28,2025-05-07
60023,Community Health Institute,M1,Understanding Implicit Bias in Clinical Decision-Making,Digital Workbook,59.2,65.1,Completed,11,4.0,2,3.8,2025-06-08,2025-06-19
60023,Community Health Institute,M1,Peer Mentorship & Clinical Team Communication,Blended,51.4,66.1,Completed,21,4.0,2,6.3,2025-06-24,2025-07-15
60024,University Health Partners,M2,Psychiatric Interviewing & Mental Status Examination,Digital Workbook,62.9,71.5,Completed,20,2.8,1,5.3,2025-08-30,2025-09-19
60024,University Health Partners,M2,"Recognizing Depression, Anxiety & Suicide Risk",Digital Workbook,54.7,60.1,Completed,17,3.3,2,6.1,2025-06-22,2025-07-09
60024,University Health Partners,M2,Trauma-Informed Care & Communication,Digital Workbook,52.5,,In Progress,,2.9,2,2.8,2025-06-20,
60024,University Health Partners,M2,De-escalation Micro-Skills for Acute Distress,Gamified Microlearning,55.7,76.1,Completed,2,3.9,1,0.9,2025-02-04,2025-02-06
60024,University Health Partners,M2,Empathic Communication Quick Course,Gamified Microlearning,68.2,97.0,Completed,7,4.2,2,1.5,2025-02-22,2025-03-01
60024,University Health Partners,M2,Intro to Cognitive Behavioral Therapy for Primary Care,Teacher-Led Virtual,65.7,73.1,Completed,7,4.2,1,3.5,2025-09-02,2025-09-09
60024,University Health Partners,M2,Understanding Implicit Bias in Clinical Decision-Making,Digital Workbook,69.7,81.2,Completed,5,3.6,1,3.5,2025-03-09,2025-03-14
60024,University Health Partners,M2,Peer Mentorship & Clinical Team Communication,Blended,72.3,,In Progress,,3.7,1,1.7,2025-11-04,
60025,Meridian Main Campus,M2,Psychiatric Interviewing & Mental Status Examination,Digital Workbook,62.2,,Not Started,,,0,0.0,2025-01-25,
60025,Meridian Main Campus,M2,"Recognizing Depression, Anxiety & Suicide Risk",Digital Workbook,54.1,,In Progress,,2.4,2,2.9,2025-10-25,
60025,Meridian Main Campus,M2,Trauma-Informed Care & Communication,Digital Workbook,34.2,,In Progress,,2.7,1,2.5,2025-06-06,
60025,Meridian Main Campus,M2,De-escalation Micro-Skills for Acute Distress,Gamified Microlearning,45.9,59.6,Completed,2,4.2,2,1.1,2025-02-18,2025-02-20
60025,Meridian Main Campus,M2,Empathic Communication Quick Course,Gamified Microlearning,41.9,50.1,Completed,4,4.3,2,1.6,2025-07-20,2025-07-24
60025,Meridian Main Campus,M2,Intro to Cognitive Behavioral Therapy for Primary Care,Teacher-Led Virtual,46.8,56.8,Completed,11,4.2,3,2.8,2025-09-13,2025-09-24
60025,Meridian Main Campus,M2,Physician Wellness & Burnout Prevention,Teacher-Led Virtual,42.7,,In Progress,,3.3,3,1.9,2025-08-05,
60026,Riverside Teaching Hospital,M3,Psychiatric Interviewing & Mental Status Examination,Digital Workbook,41.6,48.4,Completed,14,3.4,3,5.6,2025-10-21,2025-11-04
60026,Riverside Teaching Hospital,M3,"Recognizing Depression, Anxiety & Suicide Risk",Digital Workbook,50.8,56.2,Completed,9,2.8,3,6.9,2025-08-01,2025-08-10
60026,Riverside Teaching Hospital,M3,Trauma-Informed Care & Communication,Digital Workbook,44.7,,Not Started,,,0,0.0,2025-04-29,
60026,Riverside Teaching Hospital,M3,De-escalation Micro-Skills for Acute Distress,Gamified Microlearning,37.3,51.0,Completed,2,4.4,3,1.0,2025-05-04,2025-05-06
60026,Riverside Teaching Hospital,M3,Empathic Communication Quick Course,Gamified Microlearning,53.4,67.1,Completed,8,3.9,2,1.9,2025-09-04,2025-09-12
60026,Riverside Teaching Hospital,M3,Peer Mentorship & Clinical Team Communication,Blended,47.1,56.5,Completed,23,4.3,3,7.7,2025-04-24,2025-05-17
60026,Riverside Teaching Hospital,M3,Motivational Interviewing Workshop,Blended,50.3,55.9,Completed,4,4.6,1,2.2,2025-04-20,2025-04-24
60027,Meridian Main Campus,M3,Psychiatric Interviewing & Mental Status Examination,Digital Workbook,55.1,,Not Started,,,0,0.0,2025-07-12,
60027,Meridian Main Campus,M3,"Recognizing Depression, Anxiety & Suicide Risk",Digital Workbook,43.7,50.7,Completed,17,3.0,2,6.5,2025-11-18,2025-12-05
60027,Meridian Main Campus,M3,Trauma-Informed Care & Communication,Digital Workbook,69.6,80.8,Completed,19,3.2,2,5.4,2025-03-09,2025-03-28
60027,Meridian Main Campus,M3,De-escalation Micro-Skills for Acute Distress,Gamified Microlearning,48.3,66.1,Completed,4,4.3,1,0.9,2025-05-18,2025-05-22
60027,Meridian Main Campus,M3,Empathic Communication Quick Course,Gamified Microlearning,46.5,65.6,Completed,4,4.7,1,1.5,2025-05-19,2025-05-23
60027,Meridian Main Campus,M3,Motivational Interviewing Workshop,Blended,61.2,82.4,Completed,7,4.3,1,2.7,2025-07-10,2025-07-17
60027,Meridian Main Campus,M3,Understanding Implicit Bias in Clinical Decision-Making,Digital Workbook,62.5,79.1,Completed,8,3.9,3,3.3,2025-07-22,2025-07-30
60027,Meridian Main Campus,M3,Peer Mentorship & Clinical Team Communication,Blended,56.5,71.4,Completed,23,4.1,2,5.7,2025-10-06,2025-10-29
60028,Meridian Main Campus,M3,Psychiatric Interviewing & Mental Status Examination,Digital Workbook,74.4,,Dropped,,1.6,2,2.3,2025-10-10,
60028,Meridian Main Campus,M3,"Recognizing Depression, Anxiety & Suicide Risk",Digital Workbook,65.5,,In Progress,,2.6,1,2.8,2025-06-20,
60028,Meridian Main Campus,M3,Trauma-Informed Care & Communication,Digital Workbook,55.7,,In Progress,,2.5,1,2.7,2025-06-19,
60028,Meridian Main Campus,M3,De-escalation Micro-Skills for Acute Distress,Gamified Microlearning,50.6,74.6,Completed,3,4.7,1,1.0,2025-04-04,2025-04-07
60028,Meridian Main Campus,M3,Empathic Communication Quick Course,Gamified Microlearning,52.4,79.1,Completed,5,4.9,1,1.5,2025-07-08,2025-07-13
60028,Meridian Main Campus,M3,Intro to Cognitive Behavioral Therapy for Primary Care,Teacher-Led Virtual,63.3,93.0,Completed,14,4.0,1,3.7,2025-06-17,2025-07-01
60029,Riverside Teaching Hospital,M2,Psychiatric Interviewing & Mental Status Examination,Digital Workbook,65.0,73.1,Completed,17,2.7,2,7.0,2025-08-22,2025-09-08
60029,Riverside Teaching Hospital,M2,"Recognizing Depression, Anxiety & Suicide Risk",Digital Workbook,66.5,,Dropped,,2.1,1,1.3,2025-01-18,
60029,Riverside Teaching Hospital,M2,Trauma-Informed Care & Communication,Digital Workbook,58.7,70.3,Completed,15,3.3,2,4.6,2025-08-26,2025-09-10
60029,Riverside Teaching Hospital,M2,De-escalation Micro-Skills for Acute Distress,Gamified Microlearning,61.4,70.5,Completed,1,4.6,2,1.1,2025-08-21,2025-08-22
60029,Riverside Teaching Hospital,M2,Empathic Communication Quick Course,Gamified Microlearning,66.8,84.4,Completed,4,4.7,1,1.4,2025-01-09,2025-01-13
60029,Riverside Teaching Hospital,M2,Peer Mentorship & Clinical Team Communication,Blended,74.6,100.0,Completed,11,3.8,2,5.8,2025-04-04,2025-04-15
60029,Riverside Teaching Hospital,M2,Understanding Implicit Bias in Clinical Decision-Making,Digital Workbook,59.9,77.0,Completed,11,3.7,1,2.7,2025-07-29,2025-08-09
60030,Lakeside Medical Center,M3,Psychiatric Interviewing & Mental Status Examination,Digital Workbook,69.0,,In Progress,,2.5,2,1.6,2025-01-15,
60030,Lakeside Medical Center,M3,"Recognizing Depression, Anxiety & Suicide Risk",Digital Workbook,40.4,38.9,Completed,22,2.7,2,5.5,2025-09-02,2025-09-24
60030,Lakeside Medical Center,M3,Trauma-Informed Care & Communication,Digital Workbook,50.3,46.1,Completed,19,3.0,2,4.6,2025-09-06,2025-09-25
60030,Lakeside Medical Center,M3,De-escalation Micro-Skills for Acute Distress,Gamified Microlearning,49.3,63.0,Completed,4,4.2,2,1.2,2025-08-10,2025-08-14
60030,Lakeside Medical Center,M3,Empathic Communication Quick Course,Gamified Microlearning,66.0,83.1,Completed,5,4.3,2,1.5,2025-05-19,2025-05-24
60030,Lakeside Medical Center,M3,Motivational Interviewing Workshop,Blended,37.0,61.7,Completed,8,3.9,2,2.9,2025-08-22,2025-08-30
60030,Lakeside Medical Center,M3,Peer Mentorship & Clinical Team Communication,Blended,52.1,68.5,Completed,16,4.2,2,7.6,2025-04-04,2025-04-20
60031,Lakeside Medical Center,M3,Psychiatric Interviewing & Mental Status Examination,Digital Workbook,45.6,47.3,Completed,14,2.7,3,7.3,2025-05-18,2025-06-01
60031,Lakeside Medical Center,M3,"Recognizing Depression, Anxiety & Suicide Risk",Digital Workbook,55.4,65.2,Completed,30,3.2,2,6.4,2025-10-30,2025-11-29
60031,Lakeside Medical Center,M3,Trauma-Informed Care & Communication,Digital Workbook,58.3,67.8,Completed,18,3.1,3,3.9,2025-08-24,2025-09-11
60031,Lakeside Medical Center,M3,De-escalation Micro-Skills for Acute Distress,Gamified Microlearning,44.7,69.7,Completed,2,4.1,1,0.9,2025-07-25,2025-07-27
60031,Lakeside Medical Center,M3,Empathic Communication Quick Course,Gamified Microlearning,76.8,90.4,Completed,3,4.7,1,1.6,2025-05-23,2025-05-26
60031,Lakeside Medical Center,M3,Motivational Interviewing Workshop,Blended,74.2,91.7,Completed,9,3.4,1,2.9,2025-09-26,2025-10-05
60031,Lakeside Medical Center,M3,Physician Wellness & Burnout Prevention,Teacher-Led Virtual,67.0,84.6,Completed,18,3.8,2,3.7,2025-02-28,2025-03-18
60031,Lakeside Medical Center,M3,Intro to Cognitive Behavioral Therapy for Primary Care,Teacher-Led Virtual,67.7,87.8,Completed,12,4.1,2,3.1,2025-03-05,2025-03-17
60032,Riverside Teaching Hospital,M3,Psychiatric Interviewing & Mental Status Examination,Digital Workbook,39.9,36.0,Completed,23,3.2,2,6.0,2025-05-02,2025-05-25
60032,Riverside Teaching Hospital,M3,"Recognizing Depression, Anxiety & Suicide Risk",Digital Workbook,35.4,35.7,Completed,19,3.9,3,6.4,2025-04-05,2025-04-24
60032,Riverside Teaching Hospital,M3,Trauma-Informed Care & Communication,Digital Workbook,24.5,,Dropped,,1.8,3,1.3,2025-10-27,
60032,Riverside Teaching Hospital,M3,De-escalation Micro-Skills for Acute Distress,Gamified Microlearning,48.3,54.2,Completed,1,4.7,3,0.9,2025-11-18,2025-11-19
60032,Riverside Teaching Hospital,M3,Empathic Communication Quick Course,Gamified Microlearning,48.9,55.2,Completed,3,4.6,1,1.5,2025-01-22,2025-01-25
60032,Riverside Teaching Hospital,M3,Physician Wellness & Burnout Prevention,Teacher-Led Virtual,23.1,20.8,Completed,20,3.7,3,4.2,2025-08-29,2025-09-18
60032,Riverside Teaching Hospital,M3,Peer Mentorship & Clinical Team Communication,Blended,20.0,29.8,Completed,15,4.1,2,7.1,2025-06-26,2025-07-11
60033,Meridian Main Campus,M3,Psychiatric Interviewing & Mental Status Examination,Digital Workbook,67.6,71.1,Completed,10,3.4,2,7.1,2025-02-20,2025-03-02
60033,Meridian Main Campus,M3,"Recognizing Depression, Anxiety & Suicide Risk",Digital Workbook,54.0,55.7,Completed,17,3.1,2,4.9,2025-04-01,2025-04-18
60033,Meridian Main Campus,M3,Trauma-Informed Care & Communication,Digital Workbook,41.8,,Not Started,,,0,0.0,2025-10-29,
60033,Meridian Main Campus,M3,De-escalation Micro-Skills for Acute Distress,Gamified Microlearning,68.8,85.6,Completed,5,5.0,1,1.2,2025-01-23,2025-01-28
60033,Meridian Main Campus,M3,Empathic Communication Quick Course,Gamified Microlearning,80.1,90.0,Completed,7,4.2,2,1.6,2025-06-01,2025-06-08
60033,Meridian Main Campus,M3,Peer Mentorship & Clinical Team Communication,Blended,60.6,,In Progress,,3.9,1,3.7,2025-06-25,
60033,Meridian Main Campus,M3,Intro to Cognitive Behavioral Therapy for Primary Care,Teacher-Led Virtual,72.1,,In Progress,,3.4,1,1.6,2025-03-30,
60033,Meridian Main Campus,M3,Understanding Implicit Bias in Clinical Decision-Making,Digital Workbook,67.5,,Not Started,,,0,0.0,2025-06-29,
60034,Lakeside Medical Center,M1,Psychiatric Interviewing & Mental Status Examination,Digital Workbook,63.6,69.4,Completed,25,3.5,3,7.2,2025-10-21,2025-11-15
60034,Lakeside Medical Center,M1,"Recognizing Depression, Anxiety & Suicide Risk",Digital Workbook,61.3,70.3,Completed,16,3.4,1,6.1,2025-06-05,2025-06-21
60034,Lakeside Medical Center,M1,Trauma-Informed Care & Communication,Digital Workbook,56.2,62.6,Completed,23,2.4,2,5.2,2025-08-06,2025-08-29
60034,Lakeside Medical Center,M1,De-escalation Micro-Skills for Acute Distress,Gamified Microlearning,69.0,78.7,Completed,4,4.5,1,0.9,2025-10-23,2025-10-27
60034,Lakeside Medical Center,M1,Empathic Communication Quick Course,Gamified Microlearning,68.2,92.0,Completed,5,4.3,1,1.4,2025-06-13,2025-06-18
60034,Lakeside Medical Center,M1,Understanding Implicit Bias in Clinical Decision-Making,Digital Workbook,58.0,68.1,Completed,8,3.3,2,3.2,2025-06-13,2025-06-21
60034,Lakeside Medical Center,M1,Motivational Interviewing Workshop,Blended,65.1,82.4,Completed,7,3.9,2,2.3,2025-10-03,2025-10-10
60035,Meridian Main Campus,M3,Psychiatric Interviewing & Mental Status Examination,Digital Workbook,53.8,63.4,Completed,12,3.3,2,5.4,2025-01-08,2025-01-20
60035,Meridian Main Campus,M3,"Recognizing Depression, Anxiety & Suicide Risk",Digital Workbook,61.0,,In Progress,,2.7,2,2.1,2025-06-10,
60035,Meridian Main Campus,M3,Trauma-Informed Care & Communication,Digital Workbook,78.3,87.1,Completed,5,3.2,1,5.8,2025-02-18,2025-02-23
60035,Meridian Main Campus,M3,De-escalation Micro-Skills for Acute Distress,Gamified Microlearning,74.6,96.6,Completed,3,4.4,1,1.2,2025-03-05,2025-03-08
60035,Meridian Main Campus,M3,Empathic Communication Quick Course,Gamified Microlearning,47.6,70.0,Completed,5,4.6,1,1.6,2025-02-19,2025-02-24
60035,Meridian Main Campus,M3,Physician Wellness & Burnout Prevention,Teacher-Led Virtual,62.9,83.6,Completed,20,4.0,2,4.0,2025-07-14,2025-08-03
60035,Meridian Main Campus,M3,Intro to Cognitive Behavioral Therapy for Primary Care,Teacher-Led Virtual,42.7,63.5,Completed,9,4.4,1,3.6,2025-11-08,2025-11-17
60036,Meridian Main Campus,M4,Psychiatric Interviewing & Mental Status Examination,Digital Workbook,61.7,,In Progress,,2.7,2,3.2,2025-04-27,
60036,Meridian Main Campus,M4,"Recognizing Depression, Anxiety & Suicide Risk",Digital Workbook,44.4,47.4,Completed,10,3.2,1,6.0,2025-08-08,2025-08-18
60036,Meridian Main Campus,M4,Trauma-Informed Care & Communication,Digital Workbook,53.5,,Not Started,,,0,0.0,2025-05-08,
60036,Meridian Main Campus,M4,De-escalation Micro-Skills for Acute Distress,Gamified Microlearning,53.4,65.7,Completed,3,5.0,1,1.2,2025-04-14,2025-04-17
60036,Meridian Main Campus,M4,Empathic Communication Quick Course,Gamified Microlearning,48.5,55.7,Completed,4,4.3,1,1.5,2025-02-12,2025-02-16
60036,Meridian Main Campus,M4,Understanding Implicit Bias in Clinical Decision-Making,Digital Workbook,55.1,72.7,Completed,10,4.1,2,3.4,2025-05-13,2025-05-23
60036,Meridian Main Campus,M4,Peer Mentorship & Clinical Team Communication,Blended,57.0,73.9,Completed,18,3.3,1,6.6,2025-11-04,2025-11-22
60037,Lakeside Medical Center,M4,Psychiatric Interviewing & Mental Status Examination,Digital Workbook,63.6,,In Progress,,3.2,1,3.7,2025-03-19,
60037,Lakeside Medical Center,M4,"Recognizing Depression, Anxiety & Suicide Risk",Digital Workbook,75.4,79.8,Completed,14,2.9,2,6.0,2025-05-21,2025-06-04
60037,Lakeside Medical Center,M4,Trauma-Informed Care & Communication,Digital Workbook,43.6,45.5,Completed,20,3.2,1,4.7,2025-09-05,2025-09-25
60037,Lakeside Medical Center,M4,De-escalation Micro-Skills for Acute Distress,Gamified Microlearning,65.4,87.9,Completed,1,4.4,2,1.0,2025-08-25,2025-08-26
60037,Lakeside Medical Center,M4,Empathic Communication Quick Course,Gamified Microlearning,64.7,85.9,Completed,4,4.6,2,1.8,2025-01-10,2025-01-14
60037,Lakeside Medical Center,M4,Physician Wellness & Burnout Prevention,Teacher-Led Virtual,65.5,80.5,Completed,14,3.7,2,3.6,2025-03-29,2025-04-12
60037,Lakeside Medical Center,M4,Understanding Implicit Bias in Clinical Decision-Making,Digital Workbook,50.3,71.3,Completed,11,3.6,1,3.2,2025-06-27,2025-07-08
60038,Meridian Main Campus,M2,Psychiatric Interviewing & Mental Status Examination,Digital Workbook,54.3,55.6,Completed,30,3.1,1,7.0,2025-05-31,2025-06-30
60038,Meridian Main Campus,M2,"Recognizing Depression, Anxiety & Suicide Risk",Digital Workbook,58.6,,Not Started,,,0,0.0,2025-07-10,
60038,Meridian Main Campus,M2,Trauma-Informed Care & Communication,Digital Workbook,64.6,76.2,Completed,21,2.8,2,4.0,2025-09-24,2025-10-15
60038,Meridian Main Campus,M2,De-escalation Micro-Skills for Acute Distress,Gamified Microlearning,52.8,62.7,Completed,2,4.4,1,1.2,2025-06-09,2025-06-11
60038,Meridian Main Campus,M2,Empathic Communication Quick Course,Gamified Microlearning,57.1,76.1,Completed,3,4.4,1,1.7,2025-01-22,2025-01-25
60038,Meridian Main Campus,M2,Understanding Implicit Bias in Clinical Decision-Making,Digital Workbook,68.5,86.2,Completed,7,4.6,1,3.7,2025-09-17,2025-09-24
60039,Lakeside Medical Center,M3,Psychiatric Interviewing & Mental Status Examination,Digital Workbook,73.8,,Not Started,,,0,0.0,2025-07-02,
60039,Lakeside Medical Center,M3,"Recognizing Depression, Anxiety & Suicide Risk",Digital Workbook,82.2,,Not Started,,,0,0.0,2025-11-16,
60039,Lakeside Medical Center,M3,Trauma-Informed Care & Communication,Digital Workbook,73.2,,In Progress,,2.5,1,2.8,2025-11-11,
60039,Lakeside Medical Center,M3,De-escalation Micro-Skills for Acute Distress,Gamified Microlearning,79.1,100.0,Completed,3,3.5,2,1.2,2025-05-21,2025-05-24
60039,Lakeside Medical Center,M3,Empathic Communication Quick Course,Gamified Microlearning,76.2,100.0,Completed,5,5.0,1,1.7,2025-09-22,2025-09-27
60039,Lakeside Medical Center,M3,Intro to Cognitive Behavioral Therapy for Primary Care,Teacher-Led Virtual,58.2,78.5,Completed,2,4.2,1,3.1,2025-10-05,2025-10-07
60039,Lakeside Medical Center,M3,Understanding Implicit Bias in Clinical Decision-Making,Digital Workbook,70.4,86.6,Completed,6,3.7,2,3.0,2025-01-08,2025-01-14
60039,Lakeside Medical Center,M3,Physician Wellness & Burnout Prevention,Teacher-Led Virtual,85.3,100.0,Completed,14,4.2,1,3.5,2025-07-12,2025-07-26
60040,Meridian Main Campus,M4,Psychiatric Interviewing & Mental Status Examination,Digital Workbook,45.8,35.7,Completed,24,3.2,1,7.7,2025-08-22,2025-09-15
60040,Meridian Main Campus,M4,"Recognizing Depression, Anxiety & Suicide Risk",Digital Workbook,60.4,,In Progress,,3.5,2,1.6,2025-06-16,
60040,Meridian Main Campus,M4,Trauma-Informed Care & Communication,Digital Workbook,67.4,,In Progress,,2.2,2,1.4,2025-11-16,
60040,Meridian Main Campus,M4,De-escalation Micro-Skills for Acute Distress,Gamified Microlearning,54.4,66.8,Completed,4,4.7,1,0.9,2025-07-13,2025-07-17
60040,Meridian Main Campus,M4,Empathic Communication Quick Course,Gamified Microlearning,62.0,83.7,Completed,5,4.3,1,1.5,2025-06-08,2025-06-13
60040,Meridian Main Campus,M4,Peer Mentorship & Clinical Team Communication,Blended,71.1,88.7,Completed,21,4.1,3,6.5,2025-05-17,2025-06-07
60040,Meridian Main Campus,M4,Motivational Interviewing Workshop,Blended,81.1,100.0,Completed,4,5.0,1,2.5,2025-04-24,2025-04-28
60041,Meridian Main Campus,M2,Psychiatric Interviewing & Mental Status Examination,Digital Workbook,76.9,,Not Started,,,0,0.0,2025-05-20,
60041,Meridian Main Campus,M2,"Recognizing Depression, Anxiety & Suicide Risk",Digital Workbook,64.6,71.8,Completed,8,3.0,3,5.4,2025-10-26,2025-11-03
60041,Meridian Main Campus,M2,Trauma-Informed Care & Communication,Digital Workbook,78.7,87.6,Completed,16,3.1,1,3.9,2025-10-15,2025-10-31
60041,Meridian Main Campus,M2,De-escalation Micro-Skills for Acute Distress,Gamified Microlearning,62.7,80.6,Completed,1,4.7,1,1.0,2025-07-20,2025-07-21
60041,Meridian Main Campus,M2,Empathic Communication Quick Course,Gamified Microlearning,60.6,76.2,Completed,4,4.6,1,1.5,2025-04-27,2025-05-01
60041,Meridian Main Campus,M2,Understanding Implicit Bias in Clinical Decision-Making,Digital Workbook,71.8,98.0,Completed,5,3.7,1,3.5,2025-06-08,2025-06-13
60041,Meridian Main Campus,M2,Intro to Cognitive Behavioral Therapy for Primary Care,Teacher-Led Virtual,68.6,84.9,Completed,4,3.9,3,3.1,2025-04-01,2025-04-05
60042,University Health Partners,M4,Psychiatric Interviewing & Mental Status Examination,Digital Workbook,55.8,58.8,Completed,31,3.2,1,7.7,2025-02-22,2025-03-25
60042,University Health Partners,M4,"Recognizing Depression, Anxiety & Suicide Risk",Digital Workbook,55.3,,Not Started,,,0,0.0,2025-04-19,
60042,University Health Partners,M4,Trauma-Informed Care & Communication,Digital Workbook,47.3,65.1,Completed,7,3.0,1,3.9,2025-07-14,2025-07-21
60042,University Health Partners,M4,De-escalation Micro-Skills for Acute Distress,Gamified Microlearning,55.5,68.6,Completed,5,5.0,1,1.3,2025-06-01,2025-06-06
60042,University Health Partners,M4,Empathic Communication Quick Course,Gamified Microlearning,45.7,54.8,Completed,8,4.8,2,1.7,2025-01-06,2025-01-14
60042,University Health Partners,M4,Intro to Cognitive Behavioral Therapy for Primary Care,Teacher-Led Virtual,57.8,,Dropped,,2.8,2,0.6,2025-08-14,
60042,University Health Partners,M4,Motivational Interviewing Workshop,Blended,41.8,51.0,Completed,10,4.8,1,2.2,2025-08-25,2025-09-04
60043,Community Health Institute,M4,Psychiatric Interviewing & Mental Status Examination,Digital Workbook,56.3,59.4,Completed,29,3.0,2,5.9,2025-09-14,2025-10-13
60043,Community Health Institute,M4,"Recognizing Depression, Anxiety & Suicide Risk",Digital Workbook,65.5,62.7,Completed,12,3.4,2,6.2,2025-10-04,2025-10-16
60043,Community Health Institute,M4,Trauma-Informed Care & Communication,Digital Workbook,45.7,48.1,Completed,19,3.5,1,4.2,2025-08-03,2025-08-22
60043,Community Health Institute,M4,De-escalation Micro-Skills for Acute Distress,Gamified Microlearning,44.7,61.6,Completed,2,4.1,1,1.0,2025-11-15,2025-11-17
60043,Community Health Institute,M4,Empathic Communication Quick Course,Gamified Microlearning,34.9,43.7,Completed,5,4.5,1,1.6,2025-01-21,2025-01-26
60043,Community Health Institute,M4,Intro to Cognitive Behavioral Therapy for Primary Care,Teacher-Led Virtual,68.3,79.6,Completed,4,3.9,1,3.2,2025-05-23,2025-05-27
60043,Community Health Institute,M4,Physician Wellness & Burnout Prevention,Teacher-Led Virtual,67.0,80.9,Completed,16,3.7,2,4.6,2025-04-14,2025-04-30
60044,Riverside Teaching Hospital,M2,Psychiatric Interviewing & Mental Status Examination,Digital Workbook,52.0,,In Progress,,3.0,2,2.4,2025-05-23,
60044,Riverside Teaching Hospital,M2,"Recognizing Depression, Anxiety & Suicide Risk",Digital Workbook,20.0,7.9,Completed,12,3.8,3,7.0,2025-04-26,2025-05-08
60044,Riverside Teaching Hospital,M2,Trauma-Informed Care & Communication,Digital Workbook,33.5,26.4,Completed,15,3.6,3,5.4,2025-03-16,2025-03-31
60044,Riverside Teaching Hospital,M2,De-escalation Micro-Skills for Acute Distress,Gamified Microlearning,26.7,43.8,Completed,4,4.2,1,0.9,2025-03-21,2025-03-25
60044,Riverside Teaching Hospital,M2,Empathic Communication Quick Course,Gamified Microlearning,20.0,33.6,Completed,7,4.3,2,1.4,2025-06-11,2025-06-18
60044,Riverside Teaching Hospital,M2,Understanding Implicit Bias in Clinical Decision-Making,Digital Workbook,35.7,41.8,Completed,11,3.6,1,2.6,2025-02-19,2025-03-02
60044,Riverside Teaching Hospital,M2,Intro to Cognitive Behavioral Therapy for Primary Care,Teacher-Led Virtual,36.2,45.2,Completed,9,4.0,2,2.8,2025-06-08,2025-06-17
60045,Lakeside Medical Center,M2,Psychiatric Interviewing & Mental Status Examination,Digital Workbook,49.8,,Not Started,,,0,0.0,2025-04-19,
60045,Lakeside Medical Center,M2,"Recognizing Depression, Anxiety & Suicide Risk",Digital Workbook,65.0,68.0,Completed,10,3.1,1,6.9,2025-05-13,2025-05-23
60045,Lakeside Medical Center,M2,Trauma-Informed Care & Communication,Digital Workbook,59.2,,Dropped,,2.0,3,1.2,2025-05-25,
60045,Lakeside Medical Center,M2,De-escalation Micro-Skills for Acute Distress,Gamified Microlearning,54.8,73.6,Completed,5,4.4,2,1.0,2025-06-07,2025-06-12
60045,Lakeside Medical Center,M2,Empathic Communication Quick Course,Gamified Microlearning,49.5,69.1,Completed,5,4.1,2,1.6,2025-11-11,2025-11-16
60045,Lakeside Medical Center,M2,Understanding Implicit Bias in Clinical Decision-Making,Digital Workbook,53.7,64.0,Completed,8,3.7,2,3.4,2025-10-10,2025-10-18
60045,Lakeside Medical Center,M2,Physician Wellness & Burnout Prevention,Teacher-Led Virtual,62.9,67.0,Completed,20,4.6,1,4.3,2025-05-22,2025-06-11
60045,Lakeside Medical Center,M2,Peer Mentorship & Clinical Team Communication,Blended,49.3,53.0,Completed,13,3.5,2,5.8,2025-04-15,2025-04-28
60046,Meridian Main Campus,M2,Psychiatric Interviewing & Mental Status Examination,Digital Workbook,63.5,68.6,Completed,25,3.8,1,5.5,2025-07-15,2025-08-09
60046,Meridian Main Campus,M2,"Recognizing Depression, Anxiety & Suicide Risk",Digital Workbook,64.3,75.0,Completed,25,3.2,2,4.7,2025-08-01,2025-08-26
60046,Meridian Main Campus,M2,Trauma-Informed Care & Communication,Digital Workbook,63.5,72.4,Completed,10,3.1,3,4.6,2025-03-29,2025-04-08
60046,Meridian Main Campus,M2,De-escalation Micro-Skills for Acute Distress,Gamified Microlearning,71.5,89.8,Completed,1,5.0,1,1.2,2025-11-18,2025-11-19
60046,Meridian Main Campus,M2,Empathic Communication Quick Course,Gamified Microlearning,50.4,81.0,Completed,4,4.6,2,1.4,2025-10-24,2025-10-28
60046,Meridian Main Campus,M2,Physician Wellness & Burnout Prevention,Teacher-Led Virtual,59.0,71.2,Completed,12,4.6,1,3.7,2025-05-07,2025-05-19
60046,Meridian Main Campus,M2,Understanding Implicit Bias in Clinical Decision-Making,Digital Workbook,54.7,64.0,Completed,12,3.6,1,3.6,2025-10-15,2025-10-27
60047,Meridian Main Campus,M3,Psychiatric Interviewing & Mental Status Examination,Digital Workbook,50.2,,Dropped,,1.3,3,2.0,2025-04-14,
60047,Meridian Main Campus,M3,"Recognizing Depression, Anxiety & Suicide Risk",Digital Workbook,57.6,,In Progress,,2.8,2,1.6,2025-04-26,
60047,Meridian Main Campus,M3,Trauma-Informed Care & Communication,Digital Workbook,43.8,,In Progress,,3.3,2,1.4,2025-03-09,
60047,Meridian Main Campus,M3,De-escalation Micro-Skills for Acute Distress,Gamified Microlearning,42.9,57.2,Completed,4,4.4,1,1.1,2025-08-10,2025-08-14
60047,Meridian Main Campus,M3,Empathic Communication Quick Course,Gamified Microlearning,29.0,36.9,Completed,8,4.8,2,1.9,2025-02-06,2025-02-14
60047,Meridian Main Campus,M3,Intro to Cognitive Behavioral Therapy for Primary Care,Teacher-Led Virtual,38.2,45.7,Completed,7,3.9,1,3.9,2025-09-24,2025-10-01
60047,Meridian Main Campus,M3,Motivational Interviewing Workshop,Blended,50.5,60.4,Completed,2,4.5,2,2.2,2025-05-14,2025-05-16
60047,Meridian Main Campus,M3,Peer Mentorship & Clinical Team Communication,Blended,44.5,57.6,Completed,17,3.4,3,5.6,2025-04-27,2025-05-14
60048,Lakeside Medical Center,M3,Psychiatric Interviewing & Mental Status Examination,Digital Workbook,69.9,77.7,Completed,28,3.4,1,7.5,2025-05-16,2025-06-13
60048,Lakeside Medical Center,M3,"Recognizing Depression, Anxiety & Suicide Risk",Digital Workbook,75.1,,Not Started,,,0,0.0,2025-08-09,
60048,Lakeside Medical Center,M3,Trauma-Informed Care & Communication,Digital Workbook,64.8,77.9,Completed,18,3.2,1,5.3,2025-07-15,2025-08-02
60048,Lakeside Medical Center,M3,De-escalation Micro-Skills for Acute Distress,Gamified Microlearning,67.9,91.1,Completed,4,4.4,1,1.1,2025-06-19,2025-06-23
60048,Lakeside Medical Center,M3,Empathic Communication Quick Course,Gamified Microlearning,65.3,88.8,Completed,1,4.7,1,1.9,2025-09-06,2025-09-07
60048,Lakeside Medical Center,M3,Peer Mentorship & Clinical Team Communication,Blended,70.6,86.9,Completed,33,4.6,1,6.1,2025-02-03,2025-03-08
60048,Lakeside Medical Center,M3,Intro to Cognitive Behavioral Therapy for Primary Care,Teacher-Led Virtual,61.0,77.7,Completed,1,4.5,2,3.1,2025-08-09,2025-08-10
60048,Lakeside Medical Center,M3,Physician Wellness & Burnout Prevention,Teacher-Led Virtual,62.3,81.8,Completed,7,4.3,3,4.1,2025-02-05,2025-02-12
60049,Meridian Main Campus,M2,Psychiatric Interviewing & Mental Status Examination,Digital Workbook,33.8,45.7,Completed,15,2.7,1,6.4,2025-04-02,2025-04-17
60049,Meridian Main Campus,M2,"Recognizing Depression, Anxiety & Suicide Risk",Digital Workbook,77.4,,Dropped,,2.3,4,0.8,2025-11-10,
60049,Meridian Main Campus,M2,Trauma-Informed Care & Communication,Digital Workbook,55.0,49.4,Completed,13,3.1,2,4.2,2025-07-06,2025-07-19
60049,Meridian Main Campus,M2,De-escalation Micro-Skills for Acute Distress,Gamified Microlearning,42.4,63.7,Completed,2,4.3,3,0.9,2025-01-23,2025-01-25
60049,Meridian Main Campus,M2,Empathic Communication Quick Course,Gamified Microlearning,41.6,64.2,Completed,4,4.4,1,1.8,2025-09-14,2025-09-18
60049,Meridian Main Campus,M2,Peer Mentorship & Clinical Team Communication,Blended,52.2,72.9,Completed,12,3.8,2,6.4,2025-04-05,2025-04-17
60049,Meridian Main Campus,M2,Understanding Implicit Bias in Clinical Decision-Making,Digital Workbook,50.8,61.0,Completed,13,2.9,2,3.0,2025-06-21,2025-07-04
60050,University Health Partners,M1,Psychiatric Interviewing & Mental Status Examination,Digital Workbook,89.7,,In Progress,,1.9,2,4.0,2025-09-20,
60050,University Health Partners,M1,"Recognizing Depression, Anxiety & Suicide Risk",Digital Workbook,78.6,100.0,Completed,28,3.0,1,4.8,2025-08-13,2025-09-10
60050,University Health Partners,M1,Trauma-Informed Care & Communication,Digital Workbook,86.7,94.3,Completed,17,3.7,1,5.0,2025-11-12,2025-11-29
60050,University Health Partners,M1,De-escalation Micro-Skills for Acute Distress,Gamified Microlearning,79.1,100.0,Completed,3,4.5,1,1.2,2025-06-23,2025-06-26
60050,University Health Partners,M1,Empathic Communication Quick Course,Gamified Microlearning,77.0,100.0,Completed,2,4.5,1,1.5,2025-01-18,2025-01-20
60050,University Health Partners,M1,Motivational Interviewing Workshop,Blended,65.0,96.5,Completed,8,4.4,1,2.5,2025-01-09,2025-01-17
60051,Lakeside Medical Center,M3,Psychiatric Interviewing & Mental Status Examination,Digital Workbook,54.6,,In Progress,,3.1,1,4.0,2025-06-30,
60051,Lakeside Medical Center,M3,"Recognizing Depression, Anxiety & Suicide Risk",Digital Workbook,83.6,,Not Started,,,0,0.0,2025-06-22,
60051,Lakeside Medical Center,M3,Trauma-Informed Care & Communication,Digital Workbook,62.5,,Dropped,,2.0,3,0.9,2025-01-21,
60051,Lakeside Medical Center,M3,De-escalation Micro-Skills for Acute Distress,Gamified Microlearning,60.6,81.0,Completed,3,4.3,3,1.1,2025-09-08,2025-09-11
60051,Lakeside Medical Center,M3,Empathic Communication Quick Course,Gamified Microlearning,56.3,80.9,Completed,4,4.7,1,1.7,2025-03-12,2025-03-16
60051,Lakeside Medical Center,M3,Peer Mentorship & Clinical Team Communication,Blended,47.3,,In Progress,,4.0,2,1.9,2025-03-20,
60051,Lakeside Medical Center,M3,Intro to Cognitive Behavioral Therapy for Primary Care,Teacher-Led Virtual,64.5,85.1,Completed,10,4.2,2,3.1,2025-08-10,2025-08-20
60052,University Health Partners,M4,Psychiatric Interviewing & Mental Status Examination,Digital Workbook,54.9,,Not Started,,,0,0.0,2025-05-02,
60052,University Health Partners,M4,"Recognizing Depression, Anxiety & Suicide Risk",Digital Workbook,67.6,82.6,Completed,12,3.8,3,6.4,2025-04-18,2025-04-30
60052,University Health Partners,M4,Trauma-Informed Care & Communication,Digital Workbook,76.3,85.2,Completed,17,3.8,1,5.2,2025-10-25,2025-11-11
60052,University Health Partners,M4,De-escalation Micro-Skills for Acute Distress,Gamified Microlearning,60.4,86.0,Completed,2,4.2,1,1.1,2025-10-19,2025-10-21
60052,University Health Partners,M4,Empathic Communication Quick Course,Gamified Microlearning,60.7,75.3,Completed,1,4.4,2,1.5,2025-04-13,2025-04-14
60052,University Health Partners,M4,Physician Wellness & Burnout Prevention,Teacher-Led Virtual,64.9,91.3,Completed,15,3.0,4,3.6,2025-04-24,2025-05-09
60053,Meridian Main Campus,M1,Psychiatric Interviewing & Mental Status Examination,Digital Workbook,81.1,,Dropped,,2.2,1,1.5,2025-08-27,
60053,Meridian Main Campus,M1,"Recognizing Depression, Anxiety & Suicide Risk",Digital Workbook,75.8,84.7,Completed,11,3.4,1,6.3,2025-08-01,2025-08-12
60053,Meridian Main Campus,M1,Trauma-Informed Care & Communication,Digital Workbook,73.6,81.0,Completed,11,3.2,1,5.8,2025-02-26,2025-03-09
60053,Meridian Main Campus,M1,De-escalation Micro-Skills for Acute Distress,Gamified Microlearning,73.8,85.4,Completed,3,4.2,2,1.2,2025-04-03,2025-04-06
60053,Meridian Main Campus,M1,Empathic Communication Quick Course,Gamified Microlearning,64.4,81.3,Completed,6,5.0,1,1.8,2025-11-16,2025-11-22
60053,Meridian Main Campus,M1,Motivational Interviewing Workshop,Blended,66.2,81.0,Completed,5,4.4,1,2.7,2025-05-24,2025-05-29
60053,Meridian Main Campus,M1,Understanding Implicit Bias in Clinical Decision-Making,Digital Workbook,73.6,87.0,Completed,11,3.4,1,2.9,2025-02-04,2025-02-15
60054,Community Health Institute,M2,Psychiatric Interviewing & Mental Status Examination,Digital Workbook,33.4,33.0,Completed,22,3.3,3,6.3,2025-08-03,2025-08-25
60054,Community Health Institute,M2,"Recognizing Depression, Anxiety & Suicide Risk",Digital Workbook,41.0,,Not Started,,,0,0.0,2025-04-09,
60054,Community Health Institute,M2,Trauma-Informed Care & Communication,Digital Workbook,49.1,53.6,Completed,14,3.2,2,5.1,2025-03-28,2025-04-11
60054,Community Health Institute,M2,De-escalation Micro-Skills for Acute Distress,Gamified Microlearning,58.8,78.9,Completed,3,4.9,1,1.2,2025-02-03,2025-02-06
60054,Community Health Institute,M2,Empathic Communication Quick Course,Gamified Microlearning,36.9,43.5,Completed,4,3.8,3,1.4,2025-05-19,2025-05-23
60054,Community Health Institute,M2,Peer Mentorship & Clinical Team Communication,Blended,20.0,25.1,Completed,14,4.0,2,7.6,2025-05-19,2025-06-02
60054,Community Health Institute,M2,Intro to Cognitive Behavioral Therapy for Primary Care,Teacher-Led Virtual,62.6,68.5,Completed,13,4.4,2,3.7,2025-06-09,2025-06-22
60055,Riverside Teaching Hospital,M3,Psychiatric Interviewing & Mental Status Examination,Digital Workbook,51.3,56.8,Completed,18,3.2,3,7.1,2025-01-24,2025-02-11
60055,Riverside Teaching Hospital,M3,"Recognizing Depression, Anxiety & Suicide Risk",Digital Workbook,50.3,,Not Started,,,0,0.0,2025-09-29,
60055,Riverside Teaching Hospital,M3,Trauma-Informed Care & Communication,Digital Workbook,25.5,31.8,Completed,10,2.9,2,3.9,2025-07-08,2025-07-18
60055,Riverside Teaching Hospital,M3,De-escalation Micro-Skills for Acute Distress,Gamified Microlearning,55.1,69.3,Completed,1,4.2,1,1.2,2025-08-10,2025-08-11
60055,Riverside Teaching Hospital,M3,Empathic Communication Quick Course,Gamified Microlearning,50.8,72.4,Completed,4,4.9,2,1.6,2025-02-04,2025-02-08
60055,Riverside Teaching Hospital,M3,Peer Mentorship & Clinical Team Communication,Blended,35.0,,In Progress,,3.7,3,2.3,2025-09-17,
60055,Riverside Teaching Hospital,M3,Intro to Cognitive Behavioral Therapy for Primary Care,Teacher-Led Virtual,20.0,37.3,Completed,4,3.8,2,3.3,2025-01-28,2025-02-01
60056,Community Health Institute,M2,Psychiatric Interviewing & Mental Status Examination,Digital Workbook,62.0,,In Progress,,2.2,2,3.6,2025-06-02,
60056,Community Health Institute,M2,"Recognizing Depression, Anxiety & Suicide Risk",Digital Workbook,61.1,68.0,Completed,26,3.2,1,6.6,2025-07-17,2025-08-12
60056,Community Health Institute,M2,Trauma-Informed Care & Communication,Digital Workbook,40.6,50.2,Completed,21,3.0,2,5.6,2025-06-11,2025-07-02
60056,Community Health Institute,M2,De-escalation Micro-Skills for Acute Distress,Gamified Microlearning,36.2,52.8,Completed,3,4.3,2,1.1,2025-10-06,2025-10-09
60056,Community Health Institute,M2,Empathic Communication Quick Course,Gamified Microlearning,64.3,90.3,Completed,5,4.5,1,1.6,2025-04-22,2025-04-27
60056,Community Health Institute,M2,Intro to Cognitive Behavioral Therapy for Primary Care,Teacher-Led Virtual,55.4,73.3,Completed,8,3.9,1,3.4,2025-10-01,2025-10-09
60057,Lakeside Medical Center,M1,Psychiatric Interviewing & Mental Status Examination,Digital Workbook,51.6,52.1,Completed,16,3.7,2,5.6,2025-07-10,2025-07-26
60057,Lakeside Medical Center,M1,"Recognizing Depression, Anxiety & Suicide Risk",Digital Workbook,58.5,,In Progress,,2.2,2,2.6,2025-09-14,
60057,Lakeside Medical Center,M1,Trauma-Informed Care & Communication,Digital Workbook,37.5,,Not Started,,,0,0.0,2025-01-07,
60057,Lakeside Medical Center,M1,De-escalation Micro-Skills for Acute Distress,Gamified Microlearning,42.6,,Dropped,,3.4,1,0.4,2025-06-12,
60057,Lakeside Medical Center,M1,Empathic Communication Quick Course,Gamified Microlearning,59.4,73.3,Completed,1,4.9,1,1.7,2025-07-21,2025-07-22
60057,Lakeside Medical Center,M1,Physician Wellness & Burnout Prevention,Teacher-Led Virtual,37.3,53.7,Completed,12,3.7,2,4.1,2025-06-07,2025-06-19
60057,Lakeside Medical Center,M1,Intro to Cognitive Behavioral Therapy for Primary Care,Teacher-Led Virtual,50.8,60.8,Completed,12,4.0,2,3.5,2025-05-14,2025-05-26
60058,University Health Partners,M4,Psychiatric Interviewing & Mental Status Examination,Digital Workbook,67.0,88.3,Completed,27,2.6,2,5.6,2025-09-21,2025-10-18
60058,University Health Partners,M4,"Recognizing Depression, Anxiety & Suicide Risk",Digital Workbook,56.4,62.6,Completed,18,4.0,2,5.2,2025-03-22,2025-04-09
60058,University Health Partners,M4,Trauma-Informed Care & Communication,Digital Workbook,71.7,,Dropped,,2.1,2,1.8,2025-02-17,
60058,University Health Partners,M4,De-escalation Micro-Skills for Acute Distress,Gamified Microlearning,65.5,85.0,Completed,3,3.8,1,1.2,2025-02-18,2025-02-21
60058,University Health Partners,M4,Empathic Communication Quick Course,Gamified Microlearning,68.6,90.4,Completed,6,5.0,1,1.6,2025-03-24,2025-03-30
60058,University Health Partners,M4,Motivational Interviewing Workshop,Blended,58.1,68.5,Completed,8,4.1,1,3.1,2025-06-04,2025-06-12
60058,University Health Partners,M4,Understanding Implicit Bias in Clinical Decision-Making,Digital Workbook,50.9,57.7,Completed,6,4.2,2,3.6,2025-04-18,2025-04-24
60059,University Health Partners,M2,Psychiatric Interviewing & Mental Status Examination,Digital Workbook,57.6,70.3,Completed,15,3.7,2,6.8,2025-07-25,2025-08-09
60059,University Health Partners,M2,"Recognizing Depression, Anxiety & Suicide Risk",Digital Workbook,73.9,76.7,Completed,20,3.2,2,6.3,2025-09-14,2025-10-04
60059,University Health Partners,M2,Trauma-Informed Care & Communication,Digital Workbook,44.9,,Not Started,,,0,0.0,2025-10-16,
60059,University Health Partners,M2,De-escalation Micro-Skills for Acute Distress,Gamified Microlearning,51.0,63.0,Completed,2,4.7,2,1.3,2025-07-30,2025-08-01
60059,University Health Partners,M2,Empathic Communication Quick Course,Gamified Microlearning,52.2,70.8,Completed,3,4.1,1,1.7,2025-03-21,2025-03-24
60059,University Health Partners,M2,Understanding Implicit Bias in Clinical Decision-Making,Digital Workbook,66.6,88.5,Completed,1,3.5,2,2.9,2025-06-07,2025-06-08
60059,University Health Partners,M2,Intro to Cognitive Behavioral Therapy for Primary Care,Teacher-Led Virtual,48.9,58.7,Completed,5,4.8,2,3.6,2025-02-01,2025-02-06
60060,Community Health Institute,M4,Psychiatric Interviewing & Mental Status Examination,Digital Workbook,74.2,86.2,Completed,23,3.5,1,5.7,2025-02-20,2025-03-15
60060,Community Health Institute,M4,"Recognizing Depression, Anxiety & Suicide Risk",Digital Workbook,45.7,55.8,Completed,23,3.5,1,6.3,2025-08-02,2025-08-25
60060,Community Health Institute,M4,Trauma-Informed Care & Communication,Digital Workbook,68.0,,In Progress,,3.2,2,1.2,2025-04-17,
60060,Community Health Institute,M4,De-escalation Micro-Skills for Acute Distress,Gamified Microlearning,69.7,95.5,Completed,4,4.8,1,0.9,2025-07-28,2025-08-01
60060,Community Health Institute,M4,Empathic Communication Quick Course,Gamified Microlearning,56.2,74.7,Completed,5,4.6,1,1.3,2025-08-15,2025-08-20
60060,Community Health Institute,M4,Motivational Interviewing Workshop,Blended,59.4,80.9,Completed,11,3.4,1,2.1,2025-04-28,2025-05-09
60060,Community Health Institute,M4,Intro to Cognitive Behavioral Therapy for Primary Care,Teacher-Led Virtual,74.5,93.3,Completed,9,4.2,1,2.8,2025-10-28,2025-11-06
60061,Community Health Institute,M4,Psychiatric Interviewing & Mental Status Examination,Digital Workbook,46.5,,Dropped,,2.2,1,0.8,2025-08-29,
60061,Community Health Institute,M4,"Recognizing Depression, Anxiety & Suicide Risk",Digital Workbook,65.9,76.5,Completed,25,2.9,3,4.8,2025-02-04,2025-03-01
60061,Community Health Institute,M4,Trauma-Informed Care & Communication,Digital Workbook,45.9,,In Progress,,3.1,1,2.9,2025-07-03,
60061,Community Health Institute,M4,De-escalation Micro-Skills for Acute Distress,Gamified Microlearning,42.4,50.7,Completed,1,4.4,1,1.0,2025-06-11,2025-06-12
60061,Community Health Institute,M4,Empathic Communication Quick Course,Gamified Microlearning,65.6,,In Progress,,3.7,1,0.6,2025-05-30,
60061,Community Health Institute,M4,Motivational Interviewing Workshop,Blended,60.5,76.9,Completed,5,4.7,1,3.1,2025-06-23,2025-06-28
60061,Community Health Institute,M4,Peer Mentorship & Clinical Team Communication,Blended,71.7,,Dropped,,2.5,2,1.9,2025-08-29,
60062,Meridian Main Campus,M4,Psychiatric Interviewing & Mental Status Examination,Digital Workbook,62.6,77.7,Completed,25,3.0,1,6.4,2025-10-27,2025-11-21
60062,Meridian Main Campus,M4,"Recognizing Depression, Anxiety & Suicide Risk",Digital Workbook,56.8,,Dropped,,1.9,2,2.1,2025-05-31,
60062,Meridian Main Campus,M4,Trauma-Informed Care & Communication,Digital Workbook,64.9,66.7,Completed,20,3.7,1,5.8,2025-03-22,2025-04-11
60062,Meridian Main Campus,M4,De-escalation Micro-Skills for Acute Distress,Gamified Microlearning,64.8,84.0,Completed,3,4.1,1,1.2,2025-06-16,2025-06-19
60062,Meridian Main Campus,M4,Empathic Communication Quick Course,Gamified Microlearning,46.7,66.3,Completed,3,4.5,2,1.9,2025-08-16,2025-08-19
60062,Meridian Main Campus,M4,Motivational Interviewing Workshop,Blended,62.3,73.4,Completed,6,4.2,2,2.4,2025-04-17,2025-04-23
60063,Riverside Teaching Hospital,M2,Psychiatric Interviewing & Mental Status Examination,Digital Workbook,75.2,85.5,Completed,35,3.4,2,5.3,2025-03-11,2025-04-15
60063,Riverside Teaching Hospital,M2,"Recognizing Depression, Anxiety & Suicide Risk",Digital Workbook,72.9,,Not Started,,,0,0.0,2025-07-07,
60063,Riverside Teaching Hospital,M2,Trauma-Informed Care & Communication,Digital Workbook,62.4,70.9,Completed,23,3.2,1,5.3,2025-04-15,2025-05-08
60063,Riverside Teaching Hospital,M2,De-escalation Micro-Skills for Acute Distress,Gamified Microlearning,57.5,74.8,Completed,2,4.2,1,1.0,2025-11-08,2025-11-10
60063,Riverside Teaching Hospital,M2,Empathic Communication Quick Course,Gamified Microlearning,70.8,92.9,Completed,5,4.7,1,1.8,2025-09-02,2025-09-07
60063,Riverside Teaching Hospital,M2,Physician Wellness & Burnout Prevention,Teacher-Led Virtual,52.0,69.7,Completed,15,4.1,2,5.1,2025-04-19,2025-05-04
60063,Riverside Teaching Hospital,M2,Intro to Cognitive Behavioral Therapy for Primary Care,Teacher-Led Virtual,75.2,96.6,Completed,17,4.3,3,2.9,2025-08-17,2025-09-03
60063,Riverside Teaching Hospital,M2,Motivational Interviewing Workshop,Blended,51.3,70.0,Completed,8,4.9,2,2.9,2025-06-03,2025-06-11
60064,University Health Partners,M3,Psychiatric Interviewing & Mental Status Examination,Digital Workbook,54.1,63.2,Completed,18,3.4,2,7.4,2025-11-05,2025-11-23
60064,University Health Partners,M3,"Recognizing Depression, Anxiety & Suicide Risk",Digital Workbook,61.1,72.5,Completed,20,2.9,3,6.7,2025-08-30,2025-09-19
60064,University Health Partners,M3,Trauma-Informed Care & Communication,Digital Workbook,44.9,53.6,Completed,10,3.2,1,4.2,2025-08-25,2025-09-04
60064,University Health Partners,M3,De-escalation Micro-Skills for Acute Distress,Gamified Microlearning,46.5,61.0,Completed,3,4.5,2,1.1,2025-11-02,2025-11-05
60064,University Health Partners,M3,Empathic Communication Quick Course,Gamified Microlearning,54.9,78.0,Completed,5,4.8,2,1.3,2025-09-10,2025-09-15
60064,University Health Partners,M3,Intro to Cognitive Behavioral Therapy for Primary Care,Teacher-Led Virtual,51.8,71.0,Completed,11,4.5,1,2.9,2025-02-09,2025-02-20
60065,Riverside Teaching Hospital,M3,Psychiatric Interviewing & Mental Status Examination,Digital Workbook,69.0,86.9,Completed,25,3.8,3,6.7,2025-07-13,2025-08-07
60065,Riverside Teaching Hospital,M3,"Recognizing Depression, Anxiety & Suicide Risk",Digital Workbook,59.4,67.5,Completed,15,3.0,3,5.4,2025-08-31,2025-09-15
60065,Riverside Teaching Hospital,M3,Trauma-Informed Care & Communication,Digital Workbook,68.4,79.9,Completed,11,3.6,1,5.0,2025-07-27,2025-08-07
60065,Riverside Teaching Hospital,M3,De-escalation Micro-Skills for Acute Distress,Gamified Microlearning,66.7,,Not Started,,,0,0.0,2025-06-09,
60065,Riverside Teaching Hospital,M3,Empathic Communication Quick Course,Gamified Microlearning,45.7,,Not Started,,,0,0.0,2025-11-07,
60065,Riverside Teaching Hospital,M3,Intro to Cognitive Behavioral Therapy for Primary Care,Teacher-Led Virtual,62.2,81.8,Completed,14,4.3,1,3.5,2025-05-28,2025-06-11
60066,Community Health Institute,M1,Psychiatric Interviewing & Mental Status Examination,Digital Workbook,43.9,52.3,Completed,27,3.2,2,7.8,2025-06-11,2025-07-08
60066,Community Health Institute,M1,"Recognizing Depression, Anxiety & Suicide Risk",Digital Workbook,72.6,80.5,Completed,24,3.4,3,5.4,2025-08-09,2025-09-02
60066,Community Health Institute,M1,Trauma-Informed Care & Communication,Digital Workbook,49.9,,Dropped,,1.9,2,1.4,2025-02-27,
60066,Community Health Institute,M1,De-escalation Micro-Skills for Acute Distress,Gamified Microlearning,51.2,66.2,Completed,1,3.9,1,1.3,2025-06-01,2025-06-02
60066,Community Health Institute,M1,Empathic Communication Quick Course,Gamified Microlearning,38.6,55.2,Completed,3,4.7,1,1.5,2025-09-30,2025-10-03
60066,Community Health Institute,M1,Physician Wellness & Burnout Prevention,Teacher-Led Virtual,52.9,69.0,Completed,12,4.3,2,3.6,2025-01-11,2025-01-23
60067,Community Health Institute,M4,Psychiatric Interviewing & Mental Status Examination,Digital Workbook,52.3,58.6,Completed,19,2.9,3,7.5,2025-08-19,2025-09-07
60067,Community Health Institute,M4,"Recognizing Depression, Anxiety & Suicide Risk",Digital Workbook,56.2,65.8,Completed,16,3.5,2,6.3,2025-03-28,2025-04-13
60067,Community Health Institute,M4,Trauma-Informed Care & Communication,Digital Workbook,51.7,57.8,Completed,6,3.2,2,4.6,2025-05-03,2025-05-09
60067,Community Health Institute,M4,De-escalation Micro-Skills for Acute Distress,Gamified Microlearning,58.4,70.7,Completed,3,4.3,1,0.9,2025-05-19,2025-05-22
60067,Community Health Institute,M4,Empathic Communication Quick Course,Gamified Microlearning,45.2,63.1,Completed,5,5.0,1,1.8,2025-07-05,2025-07-10
60067,Community Health Institute,M4,Peer Mentorship & Clinical Team Communication,Blended,45.7,,Not Started,,,0,0.0,2025-09-26,
60067,Community Health Institute,M4,Intro to Cognitive Behavioral Therapy for Primary Care,Teacher-Led Virtual,60.1,70.0,Completed,12,4.1,1,2.8,2025-09-06,2025-09-18
60067,Community Health Institute,M4,Motivational Interviewing Workshop,Blended,43.4,55.7,Completed,5,4.3,1,3.0,2025-06-16,2025-06-21
60068,Meridian Main Campus,M3,Psychiatric Interviewing & Mental Status Examination,Digital Workbook,58.3,63.1,Completed,21,3.7,3,5.8,2025-10-09,2025-10-30
60068,Meridian Main Campus,M3,"Recognizing Depression, Anxiety & Suicide Risk",Digital Workbook,78.6,,Not Started,,,0,0.0,2025-09-13,
60068,Meridian Main Campus,M3,Trauma-Informed Care & Communication,Digital Workbook,50.0,51.3,Completed,10,3.8,2,4.2,2025-11-06,2025-11-16
60068,Meridian Main Campus,M3,De-escalation Micro-Skills for Acute Distress,Gamified Microlearning,71.5,90.8,Completed,3,4.2,1,0.9,2025-05-25,2025-05-28
60068,Meridian Main Campus,M3,Empathic Communication Quick Course,Gamified Microlearning,47.1,57.7,Completed,5,5.0,1,1.3,2025-05-25,2025-05-30
60068,Meridian Main Campus,M3,Physician Wellness & Burnout Prevention,Teacher-Led Virtual,46.6,63.1,Completed,6,4.2,1,3.7,2025-04-28,2025-05-04
60068,Meridian Main Campus,M3,Intro to Cognitive Behavioral Therapy for Primary Care,Teacher-Led Virtual,57.0,81.4,Completed,9,4.1,1,3.0,2025-06-17,2025-06-26
60069,Community Health Institute,M2,Psychiatric Interviewing & Mental Status Examination,Digital Workbook,26.2,33.0,Completed,21,3.4,2,5.3,2025-06-25,2025-07-16
60069,Community Health Institute,M2,"Recognizing Depression, Anxiety & Suicide Risk",Digital Workbook,57.3,56.4,Completed,17,4.0,3,6.8,2025-04-18,2025-05-05
60069,Community Health Institute,M2,Trauma-Informed Care & Communication,Digital Workbook,34.3,37.1,Completed,16,3.7,2,5.5,2025-10-04,2025-10-20
60069,Community Health Institute,M2,De-escalation Micro-Skills for Acute Distress,Gamified Microlearning,30.6,35.7,Completed,3,4.8,1,0.9,2025-11-15,2025-11-18
60069,Community Health Institute,M2,Empathic Communication Quick Course,Gamified Microlearning,48.2,,In Progress,,4.3,2,0.9,2025-02-24,
60069,Community Health Institute,M2,Motivational Interviewing Workshop,Blended,58.0,,In Progress,,3.7,2,0.9,2025-09-28,
60070,Community Health Institute,M2,Psychiatric Interviewing & Mental Status Examination,Digital Workbook,43.8,,In Progress,,2.5,2,2.3,2025-09-27,
60070,Community Health Institute,M2,"Recognizing Depression, Anxiety & Suicide Risk",Digital Workbook,36.5,45.1,Completed,20,3.2,2,6.9,2025-03-08,2025-03-28
60070,Community Health Institute,M2,Trauma-Informed Care & Communication,Digital Workbook,37.1,28.4,Completed,6,2.9,2,5.8,2025-01-07,2025-01-13
60070,Community Health Institute,M2,De-escalation Micro-Skills for Acute Distress,Gamified Microlearning,33.0,48.8,Completed,3,5.0,2,1.2,2025-08-19,2025-08-22
60070,Community Health Institute,M2,Empathic Communication Quick Course,Gamified Microlearning,21.4,27.6,Completed,4,3.9,1,1.5,2025-03-28,2025-04-01
60070,Community Health Institute,M2,Intro to Cognitive Behavioral Therapy for Primary Care,Teacher-Led Virtual,47.6,71.6,Completed,7,4.2,3,2.8,2025-06-09,2025-06-16
60070,Community Health Institute,M2,Understanding Implicit Bias in Clinical Decision-Making,Digital Workbook,41.6,45.0,Completed,13,3.2,3,2.7,2025-09-14,2025-09-27
60070,Community Health Institute,M2,Peer Mentorship & Clinical Team Communication,Blended,55.3,69.4,Completed,19,4.0,2,6.1,2025-01-25,2025-02-13
60071,Community Health Institute,M3,Psychiatric Interviewing & Mental Status Examination,Digital Workbook,39.8,,In Progress,,2.9,2,3.2,2025-05-11,
60071,Community Health Institute,M3,"Recognizing Depression, Anxiety & Suicide Risk",Digital Workbook,68.3,76.7,Completed,14,3.0,3,6.2,2025-01-07,2025-01-21
60071,Community Health Institute,M3,Trauma-Informed Care & Communication,Digital Workbook,59.9,63.8,Completed,15,3.1,2,5.3,2025-10-02,2025-10-17
60071,Community Health Institute,M3,De-escalation Micro-Skills for Acute Distress,Gamified Microlearning,65.6,87.2,Completed,3,4.6,1,1.0,2025-08-09,2025-08-12
60071,Community Health Institute,M3,Empathic Communication Quick Course,Gamified Microlearning,41.4,61.0,Completed,6,4.2,3,1.9,2025-10-30,2025-11-05
60071,Community Health Institute,M3,Understanding Implicit Bias in Clinical Decision-Making,Digital Workbook,71.1,78.9,Completed,10,3.8,1,2.6,2025-08-06,2025-08-16
60071,Community Health Institute,M3,Intro to Cognitive Behavioral Therapy for Primary Care,Teacher-Led Virtual,56.2,71.2,Completed,14,3.7,2,3.2,2025-02-03,2025-02-17
60071,Community Health Institute,M3,Motivational Interviewing Workshop,Blended,49.1,56.6,Completed,9,4.8,1,2.6,2025-08-22,2025-08-31
60072,Lakeside Medical Center,M2,Psychiatric Interviewing & Mental Status Examination,Digital Workbook,61.5,73.2,Completed,11,2.5,1,5.5,2025-02-13,2025-02-24
60072,Lakeside Medical Center,M2,"Recognizing Depression, Anxiety & Suicide Risk",Digital Workbook,59.8,62.8,Completed,25,3.1,2,5.7,2025-01-20,2025-02-14
60072,Lakeside Medical Center,M2,Trauma-Informed Care & Communication,Digital Workbook,75.1,,Dropped,,2.0,1,1.6,2025-10-20,
60072,Lakeside Medical Center,M2,De-escalation Micro-Skills for Acute Distress,Gamified Microlearning,50.2,72.4,Completed,3,4.7,1,1.1,2025-08-02,2025-08-05
60072,Lakeside Medical Center,M2,Empathic Communication Quick Course,Gamified Microlearning,73.7,98.0,Completed,3,4.1,1,1.3,2025-07-22,2025-07-25
60072,Lakeside Medical Center,M2,Motivational Interviewing Workshop,Blended,85.8,100.0,Completed,4,3.5,3,2.8,2025-08-11,2025-08-15
60072,Lakeside Medical Center,M2,Intro to Cognitive Behavioral Therapy for Primary Care,Teacher-Led Virtual,67.5,94.0,Completed,13,4.1,2,3.2,2025-06-02,2025-06-15
60073,Riverside Teaching Hospital,M3,Psychiatric Interviewing & Mental Status Examination,Digital Workbook,63.7,,In Progress,,3.4,2,3.7,2025-10-12,
60073,Riverside Teaching Hospital,M3,"Recognizing Depression, Anxiety & Suicide Risk",Digital Workbook,61.5,67.9,Completed,24,2.8,2,6.3,2025-02-10,2025-03-06
60073,Riverside Teaching Hospital,M3,Trauma-Informed Care & Communication,Digital Workbook,49.8,,Dropped,,1.6,2,1.0,2025-02-16,
60073,Riverside Teaching Hospital,M3,De-escalation Micro-Skills for Acute Distress,Gamified Microlearning,61.5,74.7,Completed,3,4.1,1,1.3,2025-08-22,2025-08-25
60073,Riverside Teaching Hospital,M3,Empathic Communication Quick Course,Gamified Microlearning,40.2,54.2,Completed,4,4.1,1,1.4,2025-08-04,2025-08-08
60073,Riverside Teaching Hospital,M3,Intro to Cognitive Behavioral Therapy for Primary Care,Teacher-Led Virtual,58.8,76.2,Completed,8,3.8,1,2.8,2025-06-29,2025-07-07
60074,University Health Partners,M3,Psychiatric Interviewing & Mental Status Examination,Digital Workbook,57.8,,Dropped,,1.9,1,1.9,2025-08-06,
60074,University Health Partners,M3,"Recognizing Depression, Anxiety & Suicide Risk",Digital Workbook,54.9,,Dropped,,1.7,2,2.1,2025-11-15,
60074,University Health Partners,M3,Trauma-Informed Care & Communication,Digital Workbook,67.1,75.6,Completed,10,3.3,3,4.9,2025-02-19,2025-03-01
60074,University Health Partners,M3,De-escalation Micro-Skills for Acute Distress,Gamified Microlearning,62.4,83.3,Completed,4,4.9,2,1.1,2025-07-14,2025-07-18
60074,University Health Partners,M3,Empathic Communication Quick Course,Gamified Microlearning,54.6,72.2,Completed,4,4.3,3,1.6,2025-06-11,2025-06-15
60074,University Health Partners,M3,Intro to Cognitive Behavioral Therapy for Primary Care,Teacher-Led Virtual,75.6,95.3,Completed,7,3.9,1,3.2,2025-03-29,2025-04-05
60075,University Health Partners,M1,Psychiatric Interviewing & Mental Status Examination,Digital Workbook,39.2,,In Progress,,2.8,2,2.7,2025-10-02,
60075,University Health Partners,M1,"Recognizing Depression, Anxiety & Suicide Risk",Digital Workbook,41.0,49.4,Completed,8,3.6,3,6.3,2025-04-23,2025-05-01
60075,University Health Partners,M1,Trauma-Informed Care & Communication,Digital Workbook,58.2,,In Progress,,2.9,1,3.0,2025-09-08,
60075,University Health Partners,M1,De-escalation Micro-Skills for Acute Distress,Gamified Microlearning,46.1,53.0,Completed,5,3.5,2,0.9,2025-03-16,2025-03-21
60075,University Health Partners,M1,Empathic Communication Quick Course,Gamified Microlearning,34.2,33.7,Completed,2,4.4,1,1.8,2025-07-09,2025-07-11
60075,University Health Partners,M1,Understanding Implicit Bias in Clinical Decision-Making,Digital Workbook,55.9,73.9,Completed,14,3.9,2,3.0,2025-05-21,2025-06-04
60075,University Health Partners,M1,Intro to Cognitive Behavioral Therapy for Primary Care,Teacher-Led Virtual,52.2,66.0,Completed,8,4.3,1,3.4,2025-10-08,2025-10-16
60075,University Health Partners,M1,Motivational Interviewing Workshop,Blended,61.5,79.0,Completed,9,3.6,1,2.9,2025-01-25,2025-02-03
60076,Community Health Institute,M1,Psychiatric Interviewing & Mental Status Examination,Digital Workbook,36.9,,In Progress,,2.0,3,4.0,2025-06-16,
60076,Community Health Institute,M1,"Recognizing Depression, Anxiety & Suicide Risk",Digital Workbook,47.8,,Not Started,,,0,0.0,2025-08-01,
60076,Community Health Institute,M1,Trauma-Informed Care & Communication,Digital Workbook,43.6,,In Progress,,2.7,3,2.6,2025-03-03,
60076,Community Health Institute,M1,De-escalation Micro-Skills for Acute Distress,Gamified Microlearning,80.4,96.6,Completed,3,5.0,2,1.2,2025-01-13,2025-01-16
60076,Community Health Institute,M1,Empathic Communication Quick Course,Gamified Microlearning,46.1,64.3,Completed,6,4.3,1,1.6,2025-08-31,2025-09-06
60076,Community Health Institute,M1,Intro to Cognitive Behavioral Therapy for Primary Care,Teacher-Led Virtual,70.9,87.6,Completed,14,4.1,1,3.6,2025-03-02,2025-03-16
60076,Community Health Institute,M1,Motivational Interviewing Workshop,Blended,58.1,73.3,Completed,10,3.7,1,2.9,2025-03-23,2025-04-02
60076,Community Health Institute,M1,Understanding Implicit Bias in Clinical Decision-Making,Digital Workbook,55.5,68.5,Completed,8,3.3,1,3.8,2025-05-10,2025-05-18
60077,Community Health Institute,M1,Psychiatric Interviewing & Mental Status Examination,Digital Workbook,82.3,100.0,Completed,19,3.3,2,5.1,2025-05-11,2025-05-30
60077,Community Health Institute,M1,"Recognizing Depression, Anxiety & Suicide Risk",Digital Workbook,67.4,,Not Started,,,0,0.0,2025-06-14,
60077,Community Health Institute,M1,Trauma-Informed Care & Communication,Digital Workbook,69.4,85.5,Completed,16,2.6,2,4.4,2025-10-05,2025-10-21
60077,Community Health Institute,M1,De-escalation Micro-Skills for Acute Distress,Gamified Microlearning,79.3,95.6,Completed,2,4.9,1,0.9,2025-08-04,2025-08-06
60077,Community Health Institute,M1,Empathic Communication Quick Course,Gamified Microlearning,64.7,88.6,Completed,7,4.8,2,1.9,2025-08-14,2025-08-21
60077,Community Health Institute,M1,Motivational Interviewing Workshop,Blended,58.6,77.8,Completed,5,4.1,2,2.7,2025-04-13,2025-04-18
60077,Community Health Institute,M1,Intro to Cognitive Behavioral Therapy for Primary Care,Teacher-Led Virtual,61.3,80.1,Completed,9,4.3,2,3.8,2025-04-20,2025-04-29
60077,Community Health Institute,M1,Peer Mentorship & Clinical Team Communication,Blended,52.5,75.3,Completed,21,4.4,1,6.0,2025-07-06,2025-07-27
60078,Riverside Teaching Hospital,M2,Psychiatric Interviewing & Mental Status Examination,Digital Workbook,54.2,70.5,Completed,6,3.2,3,7.6,2025-05-25,2025-05-31
60078,Riverside Teaching Hospital,M2,"Recognizing Depression, Anxiety & Suicide Risk",Digital Workbook,55.6,61.5,Completed,16,2.9,2,7.0,2025-11-05,2025-11-21
60078,Riverside Teaching Hospital,M2,Trauma-Informed Care & Communication,Digital Workbook,54.4,58.1,Completed,14,3.7,2,5.2,2025-03-01,2025-03-15
60078,Riverside Teaching Hospital,M2,De-escalation Micro-Skills for Acute Distress,Gamified Microlearning,54.7,76.3,Completed,7,5.0,2,1.1,2025-10-14,2025-10-21
60078,Riverside Teaching Hospital,M2,Empathic Communication Quick Course,Gamified Microlearning,79.2,91.6,Completed,8,4.3,1,1.4,2025-08-31,2025-09-08
60078,Riverside Teaching Hospital,M2,Understanding Implicit Bias in Clinical Decision-Making,Digital Workbook,56.4,79.6,Completed,10,4.4,2,3.7,2025-07-17,2025-07-27
60078,Riverside Teaching Hospital,M2,Peer Mentorship & Clinical Team Communication,Blended,43.4,,In Progress,,4.2,1,3.3,2025-05-10,
60079,University Health Partners,M4,Psychiatric Interviewing & Mental Status Examination,Digital Workbook,58.3,,Not Started,,,0,0.0,2025-08-15,
60079,University Health Partners,M4,"Recognizing Depression, Anxiety & Suicide Risk",Digital Workbook,60.7,62.0,Completed,19,3.3,1,5.3,2025-04-11,2025-04-30
60079,University Health Partners,M4,Trauma-Informed Care & Communication,Digital Workbook,55.6,63.2,Completed,15,2.8,1,4.6,2025-06-14,2025-06-29
60079,University Health Partners,M4,De-escalation Micro-Skills for Acute Distress,Gamified Microlearning,63.8,83.9,Completed,2,3.9,2,1.0,2025-07-28,2025-07-30
60079,University Health Partners,M4,Empathic Communication Quick Course,Gamified Microlearning,60.5,82.9,Completed,4,4.5,1,1.7,2025-04-03,2025-04-07
60079,University Health Partners,M4,Understanding Implicit Bias in Clinical Decision-Making,Digital Workbook,51.1,54.5,Completed,12,3.3,1,3.5,2025-10-02,2025-10-14
60079,University Health Partners,M4,Physician Wellness & Burnout Prevention,Teacher-Led Virtual,73.3,83.2,Completed,8,4.3,1,4.6,2025-03-18,2025-03-26
60080,University Health Partners,M2,Psychiatric Interviewing & Mental Status Examination,Digital Workbook,72.8,,Dropped,,1.7,1,1.5,2025-04-22,
60080,University Health Partners,M2,"Recognizing Depression, Anxiety & Suicide Risk",Digital Workbook,75.1,,In Progress,,2.4,1,1.6,2025-01-20,
60080,University Health Partners,M2,Trauma-Informed Care & Communication,Digital Workbook,62.3,71.7,Completed,9,2.6,1,4.8,2025-09-21,2025-09-30
60080,University Health Partners,M2,De-escalation Micro-Skills for Acute Distress,Gamified Microlearning,68.7,90.6,Completed,1,3.8,2,1.3,2025-08-17,2025-08-18
60080,University Health Partners,M2,Empathic Communication Quick Course,Gamified Microlearning,75.6,97.9,Completed,6,4.0,2,1.5,2025-03-13,2025-03-19
60080,University Health Partners,M2,Understanding Implicit Bias in Clinical Decision-Making,Digital Workbook,83.7,100.0,Completed,9,4.1,1,2.8,2025-03-16,2025-03-25
60080,University Health Partners,M2,Physician Wellness & Burnout Prevention,Teacher-Led Virtual,73.1,80.8,Completed,9,4.7,2,3.4,2025-02-06,2025-02-15
60081,Community Health Institute,M4,Psychiatric Interviewing & Mental Status Examination,Digital Workbook,54.2,62.4,Completed,12,3.9,3,6.3,2025-08-07,2025-08-19
60081,Community Health Institute,M4,"Recognizing Depression, Anxiety & Suicide Risk",Digital Workbook,63.2,61.8,Completed,21,3.1,2,6.7,2025-11-06,2025-11-27
60081,Community Health Institute,M4,Trauma-Informed Care & Communication,Digital Workbook,55.6,61.6,Completed,23,3.5,2,5.2,2025-04-06,2025-04-29
60081,Community Health Institute,M4,De-escalation Micro-Skills for Acute Distress,Gamified Microlearning,46.3,62.8,Completed,1,3.9,1,1.1,2025-03-25,2025-03-26
60081,Community Health Institute,M4,Empathic Communication Quick Course,Gamified Microlearning,61.2,81.0,Completed,3,4.5,2,1.7,2025-05-30,2025-06-02
60081,Community Health Institute,M4,Physician Wellness & Burnout Prevention,Teacher-Led Virtual,64.3,70.4,Completed,9,3.7,1,4.8,2025-04-04,2025-04-13
60081,Community Health Institute,M4,Peer Mentorship & Clinical Team Communication,Blended,57.7,,In Progress,,3.8,1,2.0,2025-07-06,
60082,University Health Partners,M1,Psychiatric Interviewing & Mental Status Examination,Digital Workbook,59.1,,In Progress,,2.3,1,1.5,2025-03-19,
60082,University Health Partners,M1,"Recognizing Depression, Anxiety & Suicide Risk",Digital Workbook,63.6,,Not Started,,,0,0.0,2025-03-06,
60082,University Health Partners,M1,Trauma-Informed Care & Communication,Digital Workbook,49.8,53.9,Completed,11,3.4,2,5.3,2025-05-24,2025-06-04
60082,University Health Partners,M1,De-escalation Micro-Skills for Acute Distress,Gamified Microlearning,59.0,82.8,Completed,3,4.8,2,1.2,2025-02-20,2025-02-23
60082,University Health Partners,M1,Empathic Communication Quick Course,Gamified Microlearning,42.5,63.6,Completed,6,4.2,2,1.5,2025-08-19,2025-08-25
60082,University Health Partners,M1,Intro to Cognitive Behavioral Therapy for Primary Care,Teacher-Led Virtual,60.7,72.3,Completed,9,3.6,1,3.8,2025-02-21,2025-03-02
60083,Lakeside Medical Center,M3,Psychiatric Interviewing & Mental Status Examination,Digital Workbook,64.2,,In Progress,,2.3,1,3.3,2025-06-06,
60083,Lakeside Medical Center,M3,"Recognizing Depression, Anxiety & Suicide Risk",Digital Workbook,50.5,,In Progress,,2.9,2,2.7,2025-07-09,
60083,Lakeside Medical Center,M3,Trauma-Informed Care & Communication,Digital Workbook,64.4,,Dropped,,2.3,1,1.4,2025-05-20,
60083,Lakeside Medical Center,M3,De-escalation Micro-Skills for Acute Distress,Gamified Microlearning,62.8,79.9,Completed,1,4.3,1,1.2,2025-07-11,2025-07-12
60083,Lakeside Medical Center,M3,Empathic Communication Quick Course,Gamified Microlearning,48.6,62.4,Completed,6,4.2,2,1.6,2025-03-13,2025-03-19
60083,Lakeside Medical Center,M3,Physician Wellness & Burnout Prevention,Teacher-Led Virtual,83.8,100.0,Completed,11,3.5,1,3.5,2025-09-16,2025-09-27
60083,Lakeside Medical Center,M3,Understanding Implicit Bias in Clinical Decision-Making,Digital Workbook,59.0,82.2,Completed,11,4.7,1,3.7,2025-04-27,2025-05-08
60084,Riverside Teaching Hospital,M1,Psychiatric Interviewing & Mental Status Examination,Digital Workbook,72.2,,In Progress,,2.9,1,2.6,2025-03-27,
60084,Riverside Teaching Hospital,M1,"Recognizing Depression, Anxiety & Suicide Risk",Digital Workbook,42.5,50.8,Completed,7,3.6,2,6.6,2025-04-14,2025-04-21
60084,Riverside Teaching Hospital,M1,Trauma-Informed Care & Communication,Digital Workbook,54.3,,Dropped,,1.9,2,0.8,2025-09-26,
60084,Riverside Teaching Hospital,M1,De-escalation Micro-Skills for Acute Distress,Gamified Microlearning,58.7,75.8,Completed,2,4.5,1,1.1,2025-07-04,2025-07-06
60084,Riverside Teaching Hospital,M1,Empathic Communication Quick Course,Gamified Microlearning,48.4,66.0,Completed,4,3.9,1,1.4,2025-04-27,2025-05-01
60084,Riverside Teaching Hospital,M1,Physician Wellness & Burnout Prevention,Teacher-Led Virtual,45.4,61.2,Completed,9,3.7,1,3.5,2025-09-28,2025-10-07
60084,Riverside Teaching Hospital,M1,Intro to Cognitive Behavioral Therapy for Primary Care,Teacher-Led Virtual,47.7,54.7,Completed,12,3.3,2,3.8,2025-07-11,2025-07-23
60085,University Health Partners,M3,Psychiatric Interviewing & Mental Status Examination,Digital Workbook,61.7,63.4,Completed,27,3.4,2,6.7,2025-11-18,2025-12-15
60085,University Health Partners,M3,"Recognizing Depression, Anxiety & Suicide Risk",Digital Workbook,60.6,67.0,Completed,16,3.4,2,6.2,2025-09-28,2025-10-14
60085,University Health Partners,M3,Trauma-Informed Care & Communication,Digital Workbook,45.8,53.6,Completed,12,3.0,2,5.3,2025-05-12,2025-05-24
60085,University Health Partners,M3,De-escalation Micro-Skills for Acute Distress,Gamified Microlearning,63.7,81.2,Completed,4,4.0,1,1.3,2025-01-08,2025-01-12
60085,University Health Partners,M3,Empathic Communication Quick Course,Gamified Microlearning,69.0,91.2,Completed,5,3.8,1,1.5,2025-08-03,2025-08-08
60085,University Health Partners,M3,Understanding Implicit Bias in Clinical Decision-Making,Digital Workbook,55.7,73.3,Completed,5,3.8,1,3.6,2025-03-02,2025-03-07
60085,University Health Partners,M3,Peer Mentorship & Clinical Team Communication,Blended,70.2,95.1,Completed,27,4.5,1,5.7,2025-10-26,2025-11-22
60086,Lakeside Medical Center,M2,Psychiatric Interviewing & Mental Status Examination,Digital Workbook,57.5,63.8,Completed,10,3.5,3,7.0,2025-05-27,2025-06-06
60086,Lakeside Medical Center,M2,"Recognizing Depression, Anxiety & Suicide Risk",Digital Workbook,48.3,,In Progress,,3.2,3,2.3,2025-10-05,
60086,Lakeside Medical Center,M2,Trauma-Informed Care & Communication,Digital Workbook,45.0,52.0,Completed,15,2.7,1,5.7,2025-07-02,2025-07-17
60086,Lakeside Medical Center,M2,De-escalation Micro-Skills for Acute Distress,Gamified Microlearning,57.7,73.9,Completed,4,4.2,2,1.0,2025-05-28,2025-06-01
60086,Lakeside Medical Center,M2,Empathic Communication Quick Course,Gamified Microlearning,43.3,53.1,Completed,3,4.4,1,1.9,2025-03-22,2025-03-25
60086,Lakeside Medical Center,M2,Understanding Implicit Bias in Clinical Decision-Making,Digital Workbook,63.7,,Dropped,,3.1,3,0.3,2025-05-11,
60086,Lakeside Medical Center,M2,Motivational Interviewing Workshop,Blended,53.1,69.3,Completed,6,4.7,2,2.4,2025-09-12,2025-09-18
60087,Meridian Main Campus,M3,Psychiatric Interviewing & Mental Status Examination,Digital Workbook,62.2,,In Progress,,2.4,2,4.1,2025-07-01,
60087,Meridian Main Campus,M3,"Recognizing Depression, Anxiety & Suicide Risk",Digital Workbook,47.0,,Not Started,,,0,0.0,2025-10-11,
60087,Meridian Main Campus,M3,Trauma-Informed Care & Communication,Digital Workbook,66.5,68.0,Completed,21,3.0,2,4.5,2025-07-27,2025-08-17
60087,Meridian Main Campus,M3,De-escalation Micro-Skills for Acute Distress,Gamified Microlearning,50.6,63.1,Completed,4,4.6,3,1.0,2025-10-14,2025-10-18
60087,Meridian Main Campus,M3,Empathic Communication Quick Course,Gamified Microlearning,70.3,91.8,Completed,3,5.0,1,1.7,2025-04-16,2025-04-19
60087,Meridian Main Campus,M3,Peer Mentorship & Clinical Team Communication,Blended,57.4,74.2,Completed,19,4.4,2,7.7,2025-10-31,2025-11-19
60088,Meridian Main Campus,M1,Psychiatric Interviewing & Mental Status Examination,Digital Workbook,80.8,,Dropped,,2.0,2,1.3,2025-09-05,
60088,Meridian Main Campus,M1,"Recognizing Depression, Anxiety & Suicide Risk",Digital Workbook,44.7,,In Progress,,3.2,1,3.5,2025-04-14,
60088,Meridian Main Campus,M1,Trauma-Informed Care & Communication,Digital Workbook,52.0,60.9,Completed,15,3.6,1,5.5,2025-11-14,2025-11-29
60088,Meridian Main Campus,M1,De-escalation Micro-Skills for Acute Distress,Gamified Microlearning,48.7,66.5,Completed,4,4.2,3,0.9,2025-02-28,2025-03-04
60088,Meridian Main Campus,M1,Empathic Communication Quick Course,Gamified Microlearning,66.1,79.1,Completed,6,4.7,1,1.5,2025-03-02,2025-03-08
60088,Meridian Main Campus,M1,Understanding Implicit Bias in Clinical Decision-Making,Digital Workbook,43.7,49.9,Completed,5,3.7,1,2.8,2025-06-14,2025-06-19
60089,Meridian Main Campus,M1,Psychiatric Interviewing & Mental Status Examination,Digital Workbook,41.1,,Not Started,,,0,0.0,2025-07-05,
60089,Meridian Main Campus,M1,"Recognizing Depression, Anxiety & Suicide Risk",Digital Workbook,44.3,50.3,Completed,23,3.4,1,6.1,2025-10-09,2025-11-01
60089,Meridian Main Campus,M1,Trauma-Informed Care & Communication,Digital Workbook,69.3,72.6,Completed,19,3.1,4,3.9,2025-10-15,2025-11-03
60089,Meridian Main Campus,M1,De-escalation Micro-Skills for Acute Distress,Gamified Microlearning,34.6,54.3,Completed,4,4.2,2,1.0,2025-09-14,2025-09-18
60089,Meridian Main Campus,M1,Empathic Communication Quick Course,Gamified Microlearning,61.7,83.1,Completed,5,4.7,1,1.5,2025-01-13,2025-01-18
60089,Meridian Main Campus,M1,Peer Mentorship & Clinical Team Communication,Blended,47.0,51.3,Completed,29,4.0,1,5.5,2025-02-22,2025-03-23
60089,Meridian Main Campus,M1,Understanding Implicit Bias in Clinical Decision-Making,Digital Workbook,68.6,85.7,Completed,9,3.4,2,3.4,2025-07-08,2025-07-17
60089,Meridian Main Campus,M1,Intro to Cognitive Behavioral Therapy for Primary Care,Teacher-Led Virtual,61.6,76.7,Completed,7,4.6,1,2.6,2025-08-12,2025-08-19
60090,University Health Partners,M3,Psychiatric Interviewing & Mental Status Examination,Digital Workbook,52.7,,Not Started,,,0,0.0,2025-10-21,
60090,University Health Partners,M3,"Recognizing Depression, Anxiety & Suicide Risk",Digital Workbook,59.1,,In Progress,,2.3,2,3.4,2025-10-02,
60090,University Health Partners,M3,Trauma-Informed Care & Communication,Digital Workbook,57.0,57.4,Completed,17,3.1,2,5.3,2025-02-10,2025-02-27
60090,University Health Partners,M3,De-escalation Micro-Skills for Acute Distress,Gamified Microlearning,43.7,65.3,Completed,1,4.2,3,1.0,2025-04-03,2025-04-04
60090,University Health Partners,M3,Empathic Communication Quick Course,Gamified Microlearning,75.2,80.5,Completed,5,4.4,3,1.3,2025-01-26,2025-01-31
60090,University Health Partners,M3,Motivational Interviewing Workshop,Blended,71.3,78.4,Completed,7,5.0,1,2.3,2025-02-17,2025-02-24
60091,Community Health Institute,M2,Psychiatric Interviewing & Mental Status Examination,Digital Workbook,33.8,,In Progress,,2.6,2,3.2,2025-08-25,
60091,Community Health Institute,M2,"Recognizing Depression, Anxiety & Suicide Risk",Digital Workbook,38.5,,Dropped,,1.0,2,0.3,2025-05-02,
60091,Community Health Institute,M2,Trauma-Informed Care & Communication,Digital Workbook,47.0,,Not Started,,,0,0.0,2025-06-01,
60091,Community Health Institute,M2,De-escalation Micro-Skills for Acute Distress,Gamified Microlearning,46.1,61.9,Completed,2,4.5,1,0.9,2025-02-23,2025-02-25
60091,Community Health Institute,M2,Empathic Communication Quick Course,Gamified Microlearning,62.7,69.8,Completed,3,5.0,1,1.6,2025-05-31,2025-06-03
60091,Community Health Institute,M2,Motivational Interviewing Workshop,Blended,46.3,58.0,Completed,7,3.6,2,3.0,2025-09-13,2025-09-20
60092,Meridian Main Campus,M1,Psychiatric Interviewing & Mental Status Examination,Digital Workbook,67.5,71.1,Completed,2,3.3,3,5.6,2025-09-03,2025-09-05
60092,Meridian Main Campus,M1,"Recognizing Depression, Anxiety & Suicide Risk",Digital Workbook,48.3,50.2,Completed,24,3.0,2,6.2,2025-01-29,2025-02-22
60092,Meridian Main Campus,M1,Trauma-Informed Care & Communication,Digital Workbook,54.5,,Not Started,,,0,0.0,2025-07-21,
60092,Meridian Main Campus,M1,De-escalation Micro-Skills for Acute Distress,Gamified Microlearning,42.4,55.7,Completed,3,4.3,2,1.2,2025-08-12,2025-08-15
60092,Meridian Main Campus,M1,Empathic Communication Quick Course,Gamified Microlearning,41.3,55.6,Completed,3,4.6,1,1.3,2025-05-28,2025-05-31
60092,Meridian Main Campus,M1,Intro to Cognitive Behavioral Therapy for Primary Care,Teacher-Led Virtual,53.8,68.3,Completed,8,4.2,2,3.7,2025-08-16,2025-08-24
60092,Meridian Main Campus,M1,Physician Wellness & Burnout Prevention,Teacher-Led Virtual,55.1,69.7,Completed,12,3.9,1,5.0,2025-03-04,2025-03-16
60092,Meridian Main Campus,M1,Peer Mentorship & Clinical Team Communication,Blended,60.2,79.0,Completed,19,4.1,1,5.3,2025-05-08,2025-05-27
60093,University Health Partners,M2,Psychiatric Interviewing & Mental Status Examination,Digital Workbook,50.0,,In Progress,,1.4,3,3.0,2025-03-30,
60093,University Health Partners,M2,"Recognizing Depression, Anxiety & Suicide Risk",Digital Workbook,31.6,,Not Started,,,0,0.0,2025-04-27,
60093,University Health Partners,M2,Trauma-Informed Care & Communication,Digital Workbook,37.9,43.5,Completed,14,3.1,1,4.8,2025-08-08,2025-08-22
60093,University Health Partners,M2,De-escalation Micro-Skills for Acute Distress,Gamified Microlearning,47.5,64.3,Completed,3,4.3,1,1.1,2025-08-13,2025-08-16
60093,University Health Partners,M2,Empathic Communication Quick Course,Gamified Microlearning,43.3,52.8,Completed,5,3.8,2,1.4,2025-09-02,2025-09-07
60093,University Health Partners,M2,Understanding Implicit Bias in Clinical Decision-Making,Digital Workbook,34.7,47.2,Completed,9,2.5,2,3.8,2025-06-07,2025-06-16
60093,University Health Partners,M2,Motivational Interviewing Workshop,Blended,30.0,34.3,Completed,11,4.1,2,2.8,2025-11-16,2025-11-27
60094,Meridian Main Campus,M4,Psychiatric Interviewing & Mental Status Examination,Digital Workbook,66.7,,Dropped,,2.2,2,1.1,2025-03-10,
60094,Meridian Main Campus,M4,"Recognizing Depression, Anxiety & Suicide Risk",Digital Workbook,61.6,72.7,Completed,11,3.4,1,5.7,2025-01-28,2025-02-08
60094,Meridian Main Campus,M4,Trauma-Informed Care & Communication,Digital Workbook,65.0,,Not Started,,,0,0.0,2025-05-12,
60094,Meridian Main Campus,M4,De-escalation Micro-Skills for Acute Distress,Gamified Microlearning,56.6,,Not Started,,,0,0.0,2025-05-09,
60094,Meridian Main Campus,M4,Empathic Communication Quick Course,Gamified Microlearning,63.9,87.7,Completed,5,4.9,1,1.4,2025-02-07,2025-02-12
60094,Meridian Main Campus,M4,Intro to Cognitive Behavioral Therapy for Primary Care,Teacher-Led Virtual,75.4,100.0,Completed,3,4.5,2,2.6,2025-06-16,2025-06-19
60094,Meridian Main Campus,M4,Motivational Interviewing Workshop,Blended,84.4,100.0,Completed,6,5.0,1,2.7,2025-03-10,2025-03-16
60095,Meridian Main Campus,M4,Psychiatric Interviewing & Mental Status Examination,Digital Workbook,30.7,32.0,Completed,15,3.0,3,7.3,2025-08-28,2025-09-12
60095,Meridian Main Campus,M4,"Recognizing Depression, Anxiety & Suicide Risk",Digital Workbook,58.2,,In Progress,,2.3,1,3.2,2025-04-03,
60095,Meridian Main Campus,M4,Trauma-Informed Care & Communication,Digital Workbook,35.9,34.4,Completed,24,2.9,2,5.1,2025-10-08,2025-11-01
60095,Meridian Main Campus,M4,De-escalation Micro-Skills for Acute Distress,Gamified Microlearning,52.9,74.6,Completed,3,4.4,1,0.9,2025-01-22,2025-01-25
60095,Meridian Main Campus,M4,Empathic Communication Quick Course,Gamified Microlearning,34.1,57.1,Completed,3,4.2,2,1.6,2025-05-03,2025-05-06
60095,Meridian Main Campus,M4,Motivational Interviewing Workshop,Blended,37.2,54.0,Completed,5,4.2,3,2.5,2025-09-01,2025-09-06
60095,Meridian Main Campus,M4,Peer Mentorship & Clinical Team Communication,Blended,45.4,64.8,Completed,24,5.0,1,6.3,2025-03-07,2025-03-31
60096,Meridian Main Campus,M1,Psychiatric Interviewing & Mental Status Examination,Digital Workbook,80.6,89.4,Completed,9,3.0,2,6.0,2025-08-22,2025-08-31
60096,Meridian Main Campus,M1,"Recognizing Depression, Anxiety & Suicide Risk",Digital Workbook,67.6,81.5,Completed,25,2.6,2,6.0,2025-09-03,2025-09-28
60096,Meridian Main Campus,M1,Trauma-Informed Care & Communication,Digital Workbook,66.4,,In Progress,,2.7,2,2.2,2025-10-12,
60096,Meridian Main Campus,M1,De-escalation Micro-Skills for Acute Distress,Gamified Microlearning,54.3,67.8,Completed,3,4.7,1,1.2,2025-06-05,2025-06-08
60096,Meridian Main Campus,M1,Empathic Communication Quick Course,Gamified Microlearning,54.8,72.8,Completed,3,4.3,1,1.8,2025-03-19,2025-03-22
60096,Meridian Main Campus,M1,Motivational Interviewing Workshop,Blended,65.9,80.9,Completed,13,3.9,2,2.4,2025-10-01,2025-10-14
60096,Meridian Main Campus,M1,Intro to Cognitive Behavioral Therapy for Primary Care,Teacher-Led Virtual,69.9,87.2,Completed,7,4.3,1,2.9,2025-09-10,2025-09-17
60096,Meridian Main Campus,M1,Understanding Implicit Bias in Clinical Decision-Making,Digital Workbook,54.6,69.6,Completed,7,4.2,1,3.2,2025-10-28,2025-11-04
60097,Riverside Teaching Hospital,M3,Psychiatric Interviewing & Mental Status Examination,Digital Workbook,53.9,61.0,Completed,31,3.4,3,5.8,2025-08-16,2025-09-16
60097,Riverside Teaching Hospital,M3,"Recognizing Depression, Anxiety & Suicide Risk",Digital Workbook,41.9,41.8,Completed,25,2.9,1,6.4,2025-04-11,2025-05-06
60097,Riverside Teaching Hospital,M3,Trauma-Informed Care & Communication,Digital Workbook,49.5,53.9,Completed,6,3.5,2,4.3,2025-06-25,2025-07-01
60097,Riverside Teaching Hospital,M3,De-escalation Micro-Skills for Acute Distress,Gamified Microlearning,38.4,50.4,Completed,2,4.3,1,1.0,2025-03-23,2025-03-25
60097,Riverside Teaching Hospital,M3,Empathic Communication Quick Course,Gamified Microlearning,49.1,66.2,Completed,5,4.0,1,1.7,2025-03-16,2025-03-21
60097,Riverside Teaching Hospital,M3,Intro to Cognitive Behavioral Therapy for Primary Care,Teacher-Led Virtual,72.3,,In Progress,,3.4,1,2.0,2025-10-07,
60097,Riverside Teaching Hospital,M3,Understanding Implicit Bias in Clinical Decision-Making,Digital Workbook,58.6,79.0,Completed,8,3.3,1,2.8,2025-07-05,2025-07-13
60098,Lakeside Medical Center,M3,Psychiatric Interviewing & Mental Status Examination,Digital Workbook,75.7,85.2,Completed,15,2.7,1,7.7,2025-02-27,2025-03-14
60098,Lakeside Medical Center,M3,"Recognizing Depression, Anxiety & Suicide Risk",Digital Workbook,74.6,93.2,Completed,3,4.1,1,6.3,2025-02-25,2025-02-28
60098,Lakeside Medical Center,M3,Trauma-Informed Care & Communication,Digital Workbook,76.9,98.1,Completed,7,2.8,1,5.3,2025-01-30,2025-02-06
60098,Lakeside Medical Center,M3,De-escalation Micro-Skills for Acute Distress,Gamified Microlearning,73.3,91.3,Completed,1,5.0,1,1.1,2025-05-14,2025-05-15
60098,Lakeside Medical Center,M3,Empathic Communication Quick Course,Gamified Microlearning,78.2,100.0,Completed,3,4.3,1,1.6,2025-08-02,2025-08-05
60098,Lakeside Medical Center,M3,Peer Mentorship & Clinical Team Communication,Blended,94.0,100.0,Completed,25,4.7,3,6.8,2025-06-09,2025-07-04
60098,Lakeside Medical Center,M3,Understanding Implicit Bias in Clinical Decision-Making,Digital Workbook,67.3,,Not Started,,,0,0.0,2025-01-21,
60098,Lakeside Medical Center,M3,Physician Wellness & Burnout Prevention,Teacher-Led Virtual,83.0,100.0,Completed,6,3.9,1,4.5,2025-07-30,2025-08-05
60099,Lakeside Medical Center,M4,Psychiatric Interviewing & Mental Status Examination,Digital Workbook,77.6,85.7,Completed,13,3.5,2,5.8,2025-10-17,2025-10-30
60099,Lakeside Medical Center,M4,"Recognizing Depression, Anxiety & Suicide Risk",Digital Workbook,59.5,,Not Started,,,0,0.0,2025-04-11,
60099,Lakeside Medical Center,M4,Trauma-Informed Care & Communication,Digital Workbook,58.1,67.2,Completed,6,3.4,2,4.4,2025-04-06,2025-04-12
60099,Lakeside Medical Center,M4,De-escalation Micro-Skills for Acute Distress,Gamified Microlearning,58.9,74.2,Completed,2,4.2,1,0.9,2025-04-16,2025-04-18
60099,Lakeside Medical Center,M4,Empathic Communication Quick Course,Gamified Microlearning,49.4,62.2,Completed,3,4.3,1,1.4,2025-05-23,2025-05-26
60099,Lakeside Medical Center,M4,Motivational Interviewing Workshop,Blended,65.7,86.1,Completed,6,4.5,1,2.8,2025-06-11,2025-06-17
60099,Lakeside Medical Center,M4,Understanding Implicit Bias in Clinical Decision-Making,Digital Workbook,63.7,,In Progress,,2.7,2,0.8,2025-03-28,
60100,University Health Partners,M1,Psychiatric Interviewing & Mental Status Examination,Digital Workbook,39.6,46.5,Completed,16,3.5,3,6.8,2025-05-26,2025-06-11
60100,University Health Partners,M1,"Recognizing Depression, Anxiety & Suicide Risk",Digital Workbook,56.4,65.1,Completed,12,3.3,3,6.9,2025-04-28,2025-05-10
60100,University Health Partners,M1,Trauma-Informed Care & Communication,Digital Workbook,62.3,68.1,Completed,15,3.3,2,4.7,2025-07-19,2025-08-03
60100,University Health Partners,M1,De-escalation Micro-Skills for Acute Distress,Gamified Microlearning,60.3,80.1,Completed,3,5.0,1,1.2,2025-07-12,2025-07-15
60100,University Health Partners,M1,Empathic Communication Quick Course,Gamified Microlearning,40.5,61.9,Completed,3,3.9,1,1.8,2025-11-11,2025-11-14
60100,University Health Partners,M1,Motivational Interviewing Workshop,Blended,47.0,54.1,Completed,1,4.2,1,2.4,2025-06-12,2025-06-13
60101,Community Health Institute,M3,Psychiatric Interviewing & Mental Status Examination,Digital Workbook,70.2,79.1,Completed,16,3.0,1,5.2,2025-05-04,2025-05-20
60101,Community Health Institute,M3,"Recognizing Depression, Anxiety & Suicide Risk",Digital Workbook,73.3,85.2,Completed,15,3.0,2,4.7,2025-04-19,2025-05-04
60101,Community Health Institute,M3,Trauma-Informed Care & Communication,Digital Workbook,74.2,80.0,Completed,14,3.2,1,5.4,2025-08-11,2025-08-25
60101,Community Health Institute,M3,De-escalation Micro-Skills for Acute Distress,Gamified Microlearning,51.7,73.9,Completed,3,4.9,2,1.1,2025-01-16,2025-01-19
60101,Community Health Institute,M3,Empathic Communication Quick Course,Gamified Microlearning,62.4,85.3,Completed,4,4.7,1,1.6,2025-01-31,2025-02-04
60101,Community Health Institute,M3,Understanding Implicit Bias in Clinical Decision-Making,Digital Workbook,70.6,87.4,Completed,8,3.6,2,3.6,2025-04-06,2025-04-14
60101,Community Health Institute,M3,Physician Wellness & Burnout Prevention,Teacher-Led Virtual,59.1,72.6,Completed,11,3.6,2,4.1,2025-03-15,2025-03-26
60102,Meridian Main Campus,M1,Psychiatric Interviewing & Mental Status Examination,Digital Workbook,59.9,52.3,Completed,22,3.6,2,6.2,2025-09-05,2025-09-27
60102,Meridian Main Campus,M1,"Recognizing Depression, Anxiety & Suicide Risk",Digital Workbook,58.8,61.2,Completed,15,2.7,3,6.8,2025-03-05,2025-03-20
60102,Meridian Main Campus,M1,Trauma-Informed Care & Communication,Digital Workbook,56.4,,In Progress,,2.8,2,2.0,2025-02-25,
60102,Meridian Main Campus,M1,De-escalation Micro-Skills for Acute Distress,Gamified Microlearning,63.0,79.7,Completed,2,4.3,1,1.1,2025-01-20,2025-01-22
60102,Meridian Main Campus,M1,Empathic Communication Quick Course,Gamified Microlearning,70.4,89.5,Completed,3,4.8,1,1.9,2025-01-09,2025-01-12
60102,Meridian Main Campus,M1,Intro to Cognitive Behavioral Therapy for Primary Care,Teacher-Led Virtual,51.4,,Dropped,,2.9,3,0.7,2025-05-06,
60103,Lakeside Medical Center,M3,Psychiatric Interviewing & Mental Status Examination,Digital Workbook,56.1,69.5,Completed,16,2.9,2,5.4,2025-09-09,2025-09-25
60103,Lakeside Medical Center,M3,"Recognizing Depression, Anxiety & Suicide Risk",Digital Workbook,89.8,100.0,Completed,15,2.9,2,5.3,2025-07-03,2025-07-18
60103,Lakeside Medical Center,M3,Trauma-Informed Care & Communication,Digital Workbook,73.7,91.0,Completed,18,2.5,2,5.1,2025-02-08,2025-02-26
60103,Lakeside Medical Center,M3,De-escalation Micro-Skills for Acute Distress,Gamified Microlearning,71.5,100.0,Completed,3,4.6,2,1.1,2025-03-03,2025-03-06
60103,Lakeside Medical Center,M3,Empathic Communication Quick Course,Gamified Microlearning,56.3,77.3,Completed,5,4.3,1,1.6,2025-02-04,2025-02-09
60103,Lakeside Medical Center,M3,Intro to Cognitive Behavioral Therapy for Primary Care,Teacher-Led Virtual,80.3,100.0,Completed,12,3.8,1,3.2,2025-09-04,2025-09-16
60103,Lakeside Medical Center,M3,Peer Mentorship & Clinical Team Communication,Blended,85.1,100.0,Completed,13,3.6,2,7.3,2025-10-18,2025-10-31
60104,Lakeside Medical Center,M1,Psychiatric Interviewing & Mental Status Examination,Digital Workbook,56.3,,Not Started,,,0,0.0,2025-04-11,
60104,Lakeside Medical Center,M1,"Recognizing Depression, Anxiety & Suicide Risk",Digital Workbook,63.9,,In Progress,,3.3,2,1.7,2025-01-18,
60104,Lakeside Medical Center,M1,Trauma-Informed Care & Communication,Digital Workbook,37.0,36.0,Completed,13,3.6,1,4.7,2025-07-19,2025-08-01
60104,Lakeside Medical Center,M1,De-escalation Micro-Skills for Acute Distress,Gamified Microlearning,52.6,,In Progress,,3.4,1,0.3,2025-06-16,
60104,Lakeside Medical Center,M1,Empathic Communication Quick Course,Gamified Microlearning,61.8,81.2,Completed,6,4.8,2,1.3,2025-02-11,2025-02-17
60104,Lakeside Medical Center,M1,Intro to Cognitive Behavioral Therapy for Primary Care,Teacher-Led Virtual,66.8,79.4,Completed,8,3.5,1,2.7,2025-10-31,2025-11-08
60104,Lakeside Medical Center,M1,Motivational Interviewing Workshop,Blended,66.1,83.6,Completed,6,4.5,1,2.5,2025-08-26,2025-09-01
60105,Lakeside Medical Center,M2,Psychiatric Interviewing & Mental Status Examination,Digital Workbook,74.9,,In Progress,,2.6,2,4.1,2025-07-21,
60105,Lakeside Medical Center,M2,"Recognizing Depression, Anxiety & Suicide Risk",Digital Workbook,79.4,83.0,Completed,25,3.1,2,6.4,2025-06-07,2025-07-02
60105,Lakeside Medical Center,M2,Trauma-Informed Care & Communication,Digital Workbook,73.6,,In Progress,,1.9,2,1.2,2025-06-23,
60105,Lakeside Medical Center,M2,De-escalation Micro-Skills for Acute Distress,Gamified Microlearning,69.0,83.4,Completed,3,4.7,2,0.9,2025-01-07,2025-01-10
60105,Lakeside Medical Center,M2,Empathic Communication Quick Course,Gamified Microlearning,74.3,100.0,Completed,3,4.5,1,1.8,2025-10-25,2025-10-28
60105,Lakeside Medical Center,M2,Physician Wellness & Burnout Prevention,Teacher-Led Virtual,59.8,71.2,Completed,6,3.2,1,3.5,2025-04-07,2025-04-13
60106,Community Health Institute,M2,Psychiatric Interviewing & Mental Status Examination,Digital Workbook,43.6,,Not Started,,,0,0.0,2025-05-20,
60106,Community Health Institute,M2,"Recognizing Depression, Anxiety & Suicide Risk",Digital Workbook,68.5,72.5,Completed,17,3.9,2,5.7,2025-02-17,2025-03-06
60106,Community Health Institute,M2,Trauma-Informed Care & Communication,Digital Workbook,59.4,68.3,Completed,9,4.0,1,5.2,2025-03-25,2025-04-03
60106,Community Health Institute,M2,De-escalation Micro-Skills for Acute Distress,Gamified Microlearning,59.9,75.7,Completed,3,4.0,2,1.0,2025-07-23,2025-07-26
60106,Community Health Institute,M2,Empathic Communication Quick Course,Gamified Microlearning,57.6,70.0,Completed,5,3.7,1,1.8,2025-02-06,2025-02-11
60106,Community Health Institute,M2,Intro to Cognitive Behavioral Therapy for Primary Care,Teacher-Led Virtual,53.7,60.5,Completed,19,3.6,2,3.1,2025-03-13,2025-04-01
60106,Community Health Institute,M2,Peer Mentorship & Clinical Team Communication,Blended,53.3,65.6,Completed,13,4.6,2,6.8,2025-07-14,2025-07-27
60107,University Health Partners,M3,Psychiatric Interviewing & Mental Status Examination,Digital Workbook,62.3,62.0,Completed,22,3.0,2,7.0,2025-08-01,2025-08-23
60107,University Health Partners,M3,"Recognizing Depression, Anxiety & Suicide Risk",Digital Workbook,58.2,55.7,Completed,24,3.3,2,4.9,2025-07-16,2025-08-09
60107,University Health Partners,M3,Trauma-Informed Care & Communication,Digital Workbook,40.2,,In Progress,,2.7,1,2.8,2025-04-11,
60107,University Health Partners,M3,De-escalation Micro-Skills for Acute Distress,Gamified Microlearning,51.3,65.2,Completed,2,5.0,1,1.2,2025-01-11,2025-01-13
60107,University Health Partners,M3,Empathic Communication Quick Course,Gamified Microlearning,42.2,53.1,Completed,4,4.7,2,1.9,2025-05-22,2025-05-26
60107,University Health Partners,M3,Physician Wellness & Burnout Prevention,Teacher-Led Virtual,41.0,54.9,Completed,9,3.9,3,4.6,2025-10-06,2025-10-15
60107,University Health Partners,M3,Motivational Interviewing Workshop,Blended,54.5,71.4,Completed,4,4.3,2,2.9,2025-09-12,2025-09-16
60108,University Health Partners,M1,Psychiatric Interviewing & Mental Status Examination,Digital Workbook,56.4,,Not Started,,,0,0.0,2025-11-12,
60108,University Health Partners,M1,"Recognizing Depression, Anxiety & Suicide Risk",Digital Workbook,55.8,51.2,Completed,13,2.7,1,6.2,2025-02-11,2025-02-24
60108,University Health Partners,M1,Trauma-Informed Care & Communication,Digital Workbook,51.4,,Not Started,,,0,0.0,2025-03-02,
60108,University Health Partners,M1,De-escalation Micro-Skills for Acute Distress,Gamified Microlearning,68.9,89.7,Completed,2,4.8,2,1.2,2025-05-27,2025-05-29
60108,University Health Partners,M1,Empathic Communication Quick Course,Gamified Microlearning,59.4,78.5,Completed,5,4.0,1,1.7,2025-03-02,2025-03-07
60108,University Health Partners,M1,Peer Mentorship & Clinical Team Communication,Blended,55.4,66.1,Completed,17,4.0,1,7.2,2025-09-29,2025-10-16
60108,University Health Partners,M1,Understanding Implicit Bias in Clinical Decision-Making,Digital Workbook,61.4,83.3,Completed,12,4.2,1,3.8,2025-10-10,2025-10-22
60109,Lakeside Medical Center,M2,Psychiatric Interviewing & Mental Status Examination,Digital Workbook,51.9,57.0,Completed,22,3.0,3,7.8,2025-04-18,2025-05-10
60109,Lakeside Medical Center,M2,"Recognizing Depression, Anxiety & Suicide Risk",Digital Workbook,45.4,45.4,Completed,20,3.1,1,6.5,2025-09-02,2025-09-22
60109,Lakeside Medical Center,M2,Trauma-Informed Care & Communication,Digital Workbook,57.5,,In Progress,,2.9,1,2.4,2025-06-07,
60109,Lakeside Medical Center,M2,De-escalation Micro-Skills for Acute Distress,Gamified Microlearning,27.0,45.6,Completed,5,4.8,1,0.9,2025-01-18,2025-01-23
60109,Lakeside Medical Center,M2,Empathic Communication Quick Course,Gamified Microlearning,41.6,56.3,Completed,7,3.5,2,1.3,2025-03-26,2025-04-02
60109,Lakeside Medical Center,M2,Intro to Cognitive Behavioral Therapy for Primary Care,Teacher-Led Virtual,39.0,49.7,Completed,3,4.3,1,2.9,2025-01-10,2025-01-13
60109,Lakeside Medical Center,M2,Understanding Implicit Bias in Clinical Decision-Making,Digital Workbook,27.3,43.8,Completed,4,3.6,2,3.7,2025-03-26,2025-03-30
60110,Meridian Main Campus,M4,Psychiatric Interviewing & Mental Status Examination,Digital Workbook,52.2,,In Progress,,2.8,2,2.8,2025-10-07,
60110,Meridian Main Campus,M4,"Recognizing Depression, Anxiety & Suicide Risk",Digital Workbook,54.8,69.0,Completed,22,3.6,1,5.2,2025-07-28,2025-08-19
60110,Meridian Main Campus,M4,Trauma-Informed Care & Communication,Digital Workbook,67.7,,Dropped,,2.0,2,1.0,2025-03-08,
60110,Meridian Main Campus,M4,De-escalation Micro-Skills for Acute Distress,Gamified Microlearning,57.1,77.1,Completed,4,4.5,2,1.2,2025-11-15,2025-11-19
60110,Meridian Main Campus,M4,Empathic Communication Quick Course,Gamified Microlearning,67.7,82.6,Completed,9,4.4,1,1.8,2025-03-04,2025-03-13
60110,Meridian Main Campus,M4,Intro to Cognitive Behavioral Therapy for Primary Care,Teacher-Led Virtual,74.0,89.5,Completed,6,4.3,2,3.0,2025-07-30,2025-08-05
60110,Meridian Main Campus,M4,Physician Wellness & Burnout Prevention,Teacher-Led Virtual,67.8,89.8,Completed,1,3.7,2,5.1,2025-02-17,2025-02-18
60111,Lakeside Medical Center,M2,Psychiatric Interviewing & Mental Status Examination,Digital Workbook,56.8,62.1,Completed,11,3.1,1,7.5,2025-02-04,2025-02-15
60111,Lakeside Medical Center,M2,"Recognizing Depression, Anxiety & Suicide Risk",Digital Workbook,68.9,70.5,Completed,8,3.5,1,5.6,2025-11-07,2025-11-15
60111,Lakeside Medical Center,M2,Trauma-Informed Care & Communication,Digital Workbook,64.9,81.2,Completed,12,3.9,1,3.8,2025-09-12,2025-09-24
60111,Lakeside Medical Center,M2,De-escalation Micro-Skills for Acute Distress,Gamified Microlearning,49.7,74.7,Completed,3,4.0,1,1.0,2025-01-26,2025-01-29
60111,Lakeside Medical Center,M2,Empathic Communication Quick Course,Gamified Microlearning,71.1,93.0,Completed,3,4.0,1,1.5,2025-08-15,2025-08-18
60111,Lakeside Medical Center,M2,Physician Wellness & Burnout Prevention,Teacher-Led Virtual,79.2,100.0,Completed,15,3.9,1,4.0,2025-11-14,2025-11-29
60111,Lakeside Medical Center,M2,Motivational Interviewing Workshop,Blended,53.2,76.2,Completed,8,4.0,1,2.2,2025-08-23,2025-08-31
60112,University Health Partners,M3,Psychiatric Interviewing & Mental Status Examination,Digital Workbook,44.6,,In Progress,,2.8,1,3.6,2025-07-22,
60112,University Health Partners,M3,"Recognizing Depression, Anxiety & Suicide Risk",Digital Workbook,51.0,49.1,Completed,20,3.5,2,5.6,2025-09-14,2025-10-04
60112,University Health Partners,M3,Trauma-Informed Care & Communication,Digital Workbook,47.7,,Dropped,,1.7,1,0.6,2025-02-26,
60112,University Health Partners,M3,De-escalation Micro-Skills for Acute Distress,Gamified Microlearning,51.7,62.3,Completed,4,4.6,1,0.9,2025-06-30,2025-07-04
60112,University Health Partners,M3,Empathic Communication Quick Course,Gamified Microlearning,51.0,54.9,Completed,5,4.7,2,1.6,2025-06-05,2025-06-10
60112,University Health Partners,M3,Intro to Cognitive Behavioral Therapy for Primary Care,Teacher-Led Virtual,45.7,53.0,Completed,9,4.1,1,2.8,2025-10-17,2025-10-26
60112,University Health Partners,M3,Physician Wellness & Burnout Prevention,Teacher-Led Virtual,46.6,69.2,Completed,8,4.3,2,3.9,2025-06-23,2025-07-01
60113,Riverside Teaching Hospital,M2,Psychiatric Interviewing & Mental Status Examination,Digital Workbook,51.1,,Not Started,,,0,0.0,2025-04-20,
60113,Riverside Teaching Hospital,M2,"Recognizing Depression, Anxiety & Suicide Risk",Digital Workbook,65.4,,Not Started,,,0,0.0,2025-03-29,
60113,Riverside Teaching Hospital,M2,Trauma-Informed Care & Communication,Digital Workbook,74.1,,Dropped,,2.5,2,0.7,2025-06-27,
60113,Riverside Teaching Hospital,M2,De-escalation Micro-Skills for Acute Distress,Gamified Microlearning,61.6,76.9,Completed,2,4.6,1,1.3,2025-07-29,2025-07-31
60113,Riverside Teaching Hospital,M2,Empathic Communication Quick Course,Gamified Microlearning,66.4,98.7,Completed,7,3.6,1,1.6,2025-03-21,2025-03-28
60113,Riverside Teaching Hospital,M2,Motivational Interviewing Workshop,Blended,62.5,75.2,Completed,12,4.6,1,2.9,2025-05-19,2025-05-31
60113,Riverside Teaching Hospital,M2,Physician Wellness & Burnout Prevention,Teacher-Led Virtual,71.8,96.1,Completed,21,3.2,2,5.0,2025-07-06,2025-07-27
60114,Community Health Institute,M2,Psychiatric Interviewing & Mental Status Examination,Digital Workbook,48.6,,In Progress,,3.2,1,3.8,2025-08-01,
60114,Community Health Institute,M2,"Recognizing Depression, Anxiety & Suicide Risk",Digital Workbook,52.9,56.5,Completed,29,2.8,2,4.8,2025-05-22,2025-06-20
60114,Community Health Institute,M2,Trauma-Informed Care & Communication,Digital Workbook,37.0,40.3,Completed,14,4.0,1,5.6,2025-01-22,2025-02-05
60114,Community Health Institute,M2,De-escalation Micro-Skills for Acute Distress,Gamified Microlearning,42.1,50.8,Completed,4,5.0,1,1.1,2025-04-04,2025-04-08
60114,Community Health Institute,M2,Empathic Communication Quick Course,Gamified Microlearning,54.1,71.0,Completed,5,3.8,2,1.6,2025-02-19,2025-02-24
60114,Community Health Institute,M2,Intro to Cognitive Behavioral Therapy for Primary Care,Teacher-Led Virtual,50.2,58.8,Completed,12,3.9,2,2.7,2025-11-13,2025-11-25
60114,Community Health Institute,M2,Physician Wellness & Burnout Prevention,Teacher-Led Virtual,68.7,81.6,Completed,15,4.1,2,5.0,2025-10-16,2025-10-31
60114,Community Health Institute,M2,Peer Mentorship & Clinical Team Communication,Blended,45.5,63.3,Completed,22,3.6,2,5.8,2025-08-19,2025-09-10
60115,Lakeside Medical Center,M1,Psychiatric Interviewing & Mental Status Examination,Digital Workbook,66.5,,Dropped,,2.3,2,1.8,2025-05-14,
60115,Lakeside Medical Center,M1,"Recognizing Depression, Anxiety & Suicide Risk",Digital Workbook,59.2,75.0,Completed,12,3.1,1,5.9,2025-07-10,2025-07-22
60115,Lakeside Medical Center,M1,Trauma-Informed Care & Communication,Digital Workbook,66.3,79.9,Completed,10,3.8,3,5.4,2025-01-25,2025-02-04
60115,Lakeside Medical Center,M1,De-escalation Micro-Skills for Acute Distress,Gamified Microlearning,57.0,73.3,Completed,5,4.1,2,1.0,2025-06-29,2025-07-04
60115,Lakeside Medical Center,M1,Empathic Communication Quick Course,Gamified Microlearning,39.7,60.9,Completed,5,4.1,2,1.9,2025-07-12,2025-07-17
60115,Lakeside Medical Center,M1,Understanding Implicit Bias in Clinical Decision-Making,Digital Workbook,71.7,83.2,Completed,8,4.2,1,3.2,2025-10-21,2025-10-29
60115,Lakeside Medical Center,M1,Peer Mentorship & Clinical Team Communication,Blended,63.9,82.3,Completed,18,4.3,2,5.9,2025-05-13,2025-05-31
60116,University Health Partners,M4,Psychiatric Interviewing & Mental Status Examination,Digital Workbook,72.9,75.9,Completed,20,3.8,1,6.2,2025-11-03,2025-11-23
60116,University Health Partners,M4,"Recognizing Depression, Anxiety & Suicide Risk",Digital Workbook,66.6,,Dropped,,1.9,1,0.9,2025-04-27,
60116,University Health Partners,M4,Trauma-Informed Care & Communication,Digital Workbook,57.4,70.5,Completed,16,3.6,2,4.0,2025-05-22,2025-06-07
60116,University Health Partners,M4,De-escalation Micro-Skills for Acute Distress,Gamified Microlearning,71.5,100.0,Completed,2,4.6,2,0.9,2025-09-06,2025-09-08
60116,University Health Partners,M4,Empathic Communication Quick Course,Gamified Microlearning,87.5,100.0,Completed,5,4.6,1,1.6,2025-09-03,2025-09-08
60116,University Health Partners,M4,Peer Mentorship & Clinical Team Communication,Blended,81.1,100.0,Completed,19,4.8,1,7.7,2025-04-29,2025-05-18
60116,University Health Partners,M4,Motivational Interviewing Workshop,Blended,76.4,97.1,Completed,7,5.0,1,2.4,2025-11-05,2025-11-12
60116,University Health Partners,M4,Understanding Implicit Bias in Clinical Decision-Making,Digital Workbook,69.3,91.8,Completed,14,3.5,1,3.0,2025-08-18,2025-09-01
60117,Community Health Institute,M4,Psychiatric Interviewing & Mental Status Examination,Digital Workbook,67.4,72.1,Completed,5,3.1,3,6.9,2025-10-22,2025-10-27
60117,Community Health Institute,M4,"Recognizing Depression, Anxiety & Suicide Risk",Digital Workbook,51.8,,In Progress,,2.5,2,2.6,2025-03-10,
60117,Community Health Institute,M4,Trauma-Informed Care & Communication,Digital Workbook,40.7,,In Progress,,2.8,1,2.5,2025-03-30,
60117,Community Health Institute,M4,De-escalation Micro-Skills for Acute Distress,Gamified Microlearning,50.2,,Not Started,,,0,0.0,2025-05-22,
60117,Community Health Institute,M4,Empathic Communication Quick Course,Gamified Microlearning,62.4,81.2,Completed,5,4.3,1,1.9,2025-04-02,2025-04-07
60117,Community Health Institute,M4,Physician Wellness & Burnout Prevention,Teacher-Led Virtual,48.8,59.0,Completed,13,3.3,1,4.2,2025-11-01,2025-11-14
60118,Community Health Institute,M2,Psychiatric Interviewing & Mental Status Examination,Digital Workbook,90.5,92.4,Completed,18,2.9,1,7.0,2025-04-25,2025-05-13
60118,Community Health Institute,M2,"Recognizing Depression, Anxiety & Suicide Risk",Digital Workbook,66.0,70.9,Completed,28,2.7,1,5.6,2025-10-18,2025-11-15
60118,Community Health Institute,M2,Trauma-Informed Care & Communication,Digital Workbook,75.2,78.9,Completed,7,3.2,1,5.4,2025-06-28,2025-07-05
60118,Community Health Institute,M2,De-escalation Micro-Skills for Acute Distress,Gamified Microlearning,52.0,71.4,Completed,1,4.3,2,1.3,2025-08-20,2025-08-21
60118,Community Health Institute,M2,Empathic Communication Quick Course,Gamified Microlearning,77.2,100.0,Completed,7,4.3,1,1.6,2025-02-11,2025-02-18
60118,Community Health Institute,M2,Peer Mentorship & Clinical Team Communication,Blended,55.8,67.7,Completed,12,3.8,2,5.3,2025-07-10,2025-07-22
60119,Community Health Institute,M2,Psychiatric Interviewing & Mental Status Examination,Digital Workbook,47.6,55.1,Completed,12,3.6,2,6.6,2025-06-15,2025-06-27
60119,Community Health Institute,M2,"Recognizing Depression, Anxiety & Suicide Risk",Digital Workbook,68.8,,Not Started,,,0,0.0,2025-07-20,
60119,Community Health Institute,M2,Trauma-Informed Care & Communication,Digital Workbook,48.3,58.2,Completed,17,3.1,2,4.9,2025-10-10,2025-10-27
60119,Community Health Institute,M2,De-escalation Micro-Skills for Acute Distress,Gamified Microlearning,62.1,84.4,Completed,1,4.5,1,1.2,2025-04-26,2025-04-27
60119,Community Health Institute,M2,Empathic Communication Quick Course,Gamified Microlearning,43.5,58.3,Completed,5,4.0,2,1.6,2025-08-22,2025-08-27
60119,Community Health Institute,M2,Understanding Implicit Bias in Clinical Decision-Making,Digital Workbook,52.6,66.4,Completed,12,3.7,2,2.9,2025-10-07,2025-10-19
60119,Community Health Institute,M2,Intro to Cognitive Behavioral Therapy for Primary Care,Teacher-Led Virtual,50.9,64.8,Completed,4,4.9,1,3.5,2025-05-20,2025-05-24
60120,Riverside Teaching Hospital,M3,Psychiatric Interviewing & Mental Status Examination,Digital Workbook,62.5,73.2,Completed,16,3.3,2,5.6,2025-10-29,2025-11-14
60120,Riverside Teaching Hospital,M3,"Recognizing Depression, Anxiety & Suicide Risk",Digital Workbook,71.8,,Not Started,,,0,0.0,2025-06-22,
60120,Riverside Teaching Hospital,M3,Trauma-Informed Care & Communication,Digital Workbook,70.4,,In Progress,,2.2,2,2.3,2025-10-30,
60120,Riverside Teaching Hospital,M3,De-escalation Micro-Skills for Acute Distress,Gamified Microlearning,56.4,71.5,Completed,6,4.6,2,1.0,2025-10-27,2025-11-02
60120,Riverside Teaching Hospital,M3,Empathic Communication Quick Course,Gamified Microlearning,78.5,90.7,Completed,1,4.3,1,1.4,2025-02-17,2025-02-18
60120,Riverside Teaching Hospital,M3,Peer Mentorship & Clinical Team Communication,Blended,72.1,87.8,Completed,15,4.2,2,7.0,2025-04-26,2025-05-11
60120,Riverside Teaching Hospital,M3,Intro to Cognitive Behavioral Therapy for Primary Care,Teacher-Led Virtual,78.4,94.0,Completed,8,4.1,1,3.8,2025-10-10,2025-10-18
60120,Riverside Teaching Hospital,M3,Motivational Interviewing Workshop,Blended,67.7,82.1,Completed,6,4.6,2,2.4,2025-07-23,2025-07-29
60121,University Health Partners,M3,Psychiatric Interviewing & Mental Status Examination,Digital Workbook,50.2,56.2,Completed,22,3.6,1,7.1,2025-02-08,2025-03-02
60121,University Health Partners,M3,"Recognizing Depression, Anxiety & Suicide Risk",Digital Workbook,54.0,56.1,Completed,13,3.2,2,6.4,2025-09-26,2025-10-09
60121,University Health Partners,M3,Trauma-Informed Care & Communication,Digital Workbook,56.3,,In Progress,,3.6,2,1.7,2025-04-08,
60121,University Health Partners,M3,De-escalation Micro-Skills for Acute Distress,Gamified Microlearning,58.9,71.6,Completed,3,4.4,2,1.2,2025-02-13,2025-02-16
60121,University Health Partners,M3,Empathic Communication Quick Course,Gamified Microlearning,49.2,59.0,Completed,1,4.2,1,1.8,2025-07-01,2025-07-02
60121,University Health Partners,M3,Physician Wellness & Burnout Prevention,Teacher-Led Virtual,52.8,66.9,Completed,13,3.1,1,5.1,2025-06-24,2025-07-07
60122,University Health Partners,M1,Psychiatric Interviewing & Mental Status Examination,Digital Workbook,38.3,39.2,Completed,20,3.5,3,6.7,2025-03-24,2025-04-13
60122,University Health Partners,M1,"Recognizing Depression, Anxiety & Suicide Risk",Digital Workbook,49.3,,In Progress,,2.5,1,1.8,2025-03-08,
60122,University Health Partners,M1,Trauma-Informed Care & Communication,Digital Workbook,43.9,,Dropped,,2.3,2,1.8,2025-08-03,
60122,University Health Partners,M1,De-escalation Micro-Skills for Acute Distress,Gamified Microlearning,61.8,74.7,Completed,1,4.7,1,1.1,2025-11-16,2025-11-17
60122,University Health Partners,M1,Empathic Communication Quick Course,Gamified Microlearning,40.3,62.1,Completed,4,4.3,1,1.9,2025-02-26,2025-03-02
60122,University Health Partners,M1,Motivational Interviewing Workshop,Blended,49.7,61.3,Completed,5,4.6,2,3.1,2025-05-25,2025-05-30
60123,Community Health Institute,M2,Psychiatric Interviewing & Mental Status Examination,Digital Workbook,62.1,64.9,Completed,8,3.1,2,7.7,2025-02-18,2025-02-26
60123,Community Health Institute,M2,"Recognizing Depression, Anxiety & Suicide Risk",Digital Workbook,55.0,59.3,Completed,14,3.9,2,6.7,2025-07-17,2025-07-31
60123,Community Health Institute,M2,Trauma-Informed Care & Communication,Digital Workbook,66.6,73.4,Completed,22,3.6,2,5.4,2025-10-07,2025-10-29
60123,Community Health Institute,M2,De-escalation Micro-Skills for Acute Distress,Gamified Microlearning,53.1,70.8,Completed,4,4.8,1,0.9,2025-01-13,2025-01-17
60123,Community Health Institute,M2,Empathic Communication Quick Course,Gamified Microlearning,67.0,78.1,Completed,4,4.6,2,1.8,2025-10-30,2025-11-03
60123,Community Health Institute,M2,Intro to Cognitive Behavioral Therapy for Primary Care,Teacher-Led Virtual,59.9,78.5,Completed,5,4.0,1,3.4,2025-01-23,2025-01-28
60124,Riverside Teaching Hospital,M2,Psychiatric Interviewing & Mental Status Examination,Digital Workbook,74.4,,In Progress,,2.1,2,2.2,2025-06-11,
60124,Riverside Teaching Hospital,M2,"Recognizing Depression, Anxiety & Suicide Risk",Digital Workbook,64.7,79.2,Completed,19,3.1,1,6.7,2025-10-22,2025-11-10
60124,Riverside Teaching Hospital,M2,Trauma-Informed Care & Communication,Digital Workbook,70.6,,Not Started,,,0,0.0,2025-04-12,
60124,Riverside Teaching Hospital,M2,De-escalation Micro-Skills for Acute Distress,Gamified Microlearning,42.1,60.2,Completed,1,4.5,1,1.2,2025-11-09,2025-11-10
60124,Riverside Teaching Hospital,M2,Empathic Communication Quick Course,Gamified Microlearning,73.3,90.9,Completed,6,4.9,1,1.4,2025-07-05,2025-07-11
60124,Riverside Teaching Hospital,M2,Physician Wellness & Burnout Prevention,Teacher-Led Virtual,68.3,90.3,Completed,3,3.8,1,3.7,2025-03-22,2025-03-25
60124,Riverside Teaching Hospital,M2,Motivational Interviewing Workshop,Blended,80.6,100.0,Completed,8,3.5,1,3.2,2025-11-12,2025-11-20
60125,Riverside Teaching Hospital,M4,Psychiatric Interviewing & Mental Status Examination,Digital Workbook,38.6,37.6,Completed,14,3.7,3,5.6,2025-01-07,2025-01-21
60125,Riverside Teaching Hospital,M4,"Recognizing Depression, Anxiety & Suicide Risk",Digital Workbook,50.9,55.3,Completed,11,3.2,4,6.1,2025-03-18,2025-03-29
60125,Riverside Teaching Hospital,M4,Trauma-Informed Care & Communication,Digital Workbook,43.4,,Dropped,,1.7,2,0.9,2025-08-07,
60125,Riverside Teaching Hospital,M4,De-escalation Micro-Skills for Acute Distress,Gamified Microlearning,56.6,64.0,Completed,2,4.0,2,1.0,2025-04-28,2025-04-30
60125,Riverside Teaching Hospital,M4,Empathic Communication Quick Course,Gamified Microlearning,55.9,73.3,Completed,4,3.9,2,1.6,2025-05-17,2025-05-21
60125,Riverside Teaching Hospital,M4,Physician Wellness & Burnout Prevention,Teacher-Led Virtual,42.4,56.8,Completed,11,4.1,2,4.3,2025-06-27,2025-07-08
60125,Riverside Teaching Hospital,M4,Understanding Implicit Bias in Clinical Decision-Making,Digital Workbook,44.2,57.1,Completed,6,3.5,1,3.1,2025-03-06,2025-03-12
60126,Community Health Institute,M3,Psychiatric Interviewing & Mental Status Examination,Digital Workbook,52.0,,Not Started,,,0,0.0,2025-01-11,
60126,Community Health Institute,M3,"Recognizing Depression, Anxiety & Suicide Risk",Digital Workbook,55.1,62.8,Completed,29,3.5,2,5.9,2025-05-20,2025-06-18
60126,Community Health Institute,M3,Trauma-Informed Care & Communication,Digital Workbook,43.6,,Dropped,,2.1,2,1.7,2025-11-07,
60126,Community Health Institute,M3,De-escalation Micro-Skills for Acute Distress,Gamified Microlearning,62.5,66.8,Completed,1,3.6,1,1.0,2025-01-29,2025-01-30
60126,Community Health Institute,M3,Empathic Communication Quick Course,Gamified Microlearning,49.2,54.1,Completed,5,4.3,1,1.7,2025-08-12,2025-08-17
60126,Community Health Institute,M3,Intro to Cognitive Behavioral Therapy for Primary Care,Teacher-Led Virtual,63.7,74.2,Completed,12,3.6,1,2.7,2025-02-18,2025-03-02
60127,Community Health Institute,M4,Psychiatric Interviewing & Mental Status Examination,Digital Workbook,58.1,,In Progress,,2.5,3,3.3,2025-08-19,
60127,Community Health Institute,M4,"Recognizing Depression, Anxiety & Suicide Risk",Digital Workbook,64.7,67.8,Completed,13,3.3,2,6.6,2025-06-18,2025-07-01
60127,Community Health Institute,M4,Trauma-Informed Care & Communication,Digital Workbook,48.7,50.6,Completed,10,3.6,3,5.6,2025-10-19,2025-10-29
60127,Community Health Institute,M4,De-escalation Micro-Skills for Acute Distress,Gamified Microlearning,48.3,63.1,Completed,3,4.3,1,1.3,2025-06-30,2025-07-03
60127,Community Health Institute,M4,Empathic Communication Quick Course,Gamified Microlearning,59.2,69.7,Completed,3,4.4,2,1.4,2025-01-29,2025-02-01
60127,Community Health Institute,M4,Peer Mentorship & Clinical Team Communication,Blended,59.2,82.7,Completed,12,4.2,2,6.3,2025-02-09,2025-02-21
60127,Community Health Institute,M4,Physician Wellness & Burnout Prevention,Teacher-Led Virtual,61.4,67.6,Completed,8,3.9,1,3.8,2025-01-19,2025-01-27
60127,Community Health Institute,M4,Understanding Implicit Bias in Clinical Decision-Making,Digital Workbook,47.8,,Dropped,,2.7,2,0.4,2025-07-13,
60128,Community Health Institute,M2,Psychiatric Interviewing & Mental Status Examination,Digital Workbook,60.5,,Dropped,,1.7,2,2.3,2025-08-31,
60128,Community Health Institute,M2,"Recognizing Depression, Anxiety & Suicide Risk",Digital Workbook,65.7,,Not Started,,,0,0.0,2025-02-20,
60128,Community Health Institute,M2,Trauma-Informed Care & Communication,Digital Workbook,41.2,43.1,Completed,8,3.2,1,5.1,2025-08-03,2025-08-11
60128,Community Health Institute,M2,De-escalation Micro-Skills for Acute Distress,Gamified Microlearning,46.3,69.3,Completed,2,4.4,2,1.2,2025-03-27,2025-03-29
60128,Community Health Institute,M2,Empathic Communication Quick Course,Gamified Microlearning,37.9,54.0,Completed,3,5.0,1,1.9,2025-08-04,2025-08-07
60128,Community Health Institute,M2,Understanding Implicit Bias in Clinical Decision-Making,Digital Workbook,46.2,50.5,Completed,11,3.2,1,3.5,2025-05-12,2025-05-23
60129,Lakeside Medical Center,M2,Psychiatric Interviewing & Mental Status Examination,Digital Workbook,49.5,43.8,Completed,21,2.9,3,6.3,2025-06-09,2025-06-30
60129,Lakeside Medical Center,M2,"Recognizing Depression, Anxiety & Suicide Risk",Digital Workbook,27.7,23.0,Completed,18,2.5,2,6.6,2025-07-12,2025-07-30
60129,Lakeside Medical Center,M2,Trauma-Informed Care & Communication,Digital Workbook,38.0,40.4,Completed,17,3.4,2,5.4,2025-09-04,2025-09-21
60129,Lakeside Medical Center,M2,De-escalation Micro-Skills for Acute Distress,Gamified Microlearning,44.3,58.8,Completed,3,4.4,1,1.1,2025-05-31,2025-06-03
60129,Lakeside Medical Center,M2,Empathic Communication Quick Course,Gamified Microlearning,36.6,46.2,Completed,4,4.1,1,1.6,2025-08-21,2025-08-25
60129,Lakeside Medical Center,M2,Peer Mentorship & Clinical Team Communication,Blended,53.5,66.3,Completed,14,4.5,2,5.5,2025-06-17,2025-07-01
60129,Lakeside Medical Center,M2,Understanding Implicit Bias in Clinical Decision-Making,Digital Workbook,51.1,57.5,Completed,9,4.2,2,3.8,2025-07-25,2025-08-03
60130,University Health Partners,M3,Psychiatric Interviewing & Mental Status Examination,Digital Workbook,55.8,,Dropped,,1.4,2,2.0,2025-08-31,
60130,University Health Partners,M3,"Recognizing Depression, Anxiety & Suicide Risk",Digital Workbook,56.3,63.9,Completed,28,3.3,1,4.8,2025-10-27,2025-11-24
60130,University Health Partners,M3,Trauma-Informed Care & Communication,Digital Workbook,66.9,73.3,Completed,16,3.7,2,4.7,2025-03-27,2025-04-12
60130,University Health Partners,M3,De-escalation Micro-Skills for Acute Distress,Gamified Microlearning,72.2,92.8,Completed,2,5.0,1,1.1,2025-09-26,2025-09-28
60130,University Health Partners,M3,Empathic Communication Quick Course,Gamified Microlearning,59.5,72.1,Completed,5,5.0,3,1.6,2025-01-24,2025-01-29
60130,University Health Partners,M3,Peer Mentorship & Clinical Team Communication,Blended,41.8,42.8,Completed,25,4.3,2,6.8,2025-01-30,2025-02-24
60131,Community Health Institute,M2,Psychiatric Interviewing & Mental Status Examination,Digital Workbook,64.0,78.3,Completed,29,3.2,2,5.6,2025-09-09,2025-10-08
60131,Community Health Institute,M2,"Recognizing Depression, Anxiety & Suicide Risk",Digital Workbook,62.4,67.0,Completed,26,3.0,2,6.5,2025-07-21,2025-08-16
60131,Community Health Institute,M2,Trauma-Informed Care & Communication,Digital Workbook,33.8,,Dropped,,1.9,2,0.7,2025-05-28,
60131,Community Health Institute,M2,De-escalation Micro-Skills for Acute Distress,Gamified Microlearning,33.3,51.2,Completed,5,4.8,1,1.2,2025-05-08,2025-05-13
60131,Community Health Institute,M2,Empathic Communication Quick Course,Gamified Microlearning,42.4,52.1,Completed,5,4.5,2,1.4,2025-10-24,2025-10-29
60131,Community Health Institute,M2,Motivational Interviewing Workshop,Blended,37.1,54.0,Completed,8,4.1,2,3.2,2025-07-25,2025-08-02
60131,Community Health Institute,M2,Physician Wellness & Burnout Prevention,Teacher-Led Virtual,46.8,70.2,Completed,20,5.0,3,5.1,2025-02-15,2025-03-07
60131,Community Health Institute,M2,Understanding Implicit Bias in Clinical Decision-Making,Digital Workbook,55.4,,Not Started,,,0,0.0,2025-08-01,
60132,Lakeside Medical Center,M1,Psychiatric Interviewing & Mental Status Examination,Digital Workbook,70.1,80.1,Completed,18,2.2,3,5.8,2025-08-17,2025-09-04
60132,Lakeside Medical Center,M1,"Recognizing Depression, Anxiety & Suicide Risk",Digital Workbook,60.0,64.4,Completed,27,3.1,1,6.9,2025-08-28,2025-09-24
60132,Lakeside Medical Center,M1,Trauma-Informed Care & Communication,Digital Workbook,73.5,,Not Started,,,0,0.0,2025-05-17,
60132,Lakeside Medical Center,M1,De-escalation Micro-Skills for Acute Distress,Gamified Microlearning,68.4,92.8,Completed,3,4.3,1,0.9,2025-10-03,2025-10-06
60132,Lakeside Medical Center,M1,Empathic Communication Quick Course,Gamified Microlearning,48.7,69.3,Completed,4,4.3,1,1.4,2025-08-21,2025-08-25
60132,Lakeside Medical Center,M1,Physician Wellness & Burnout Prevention,Teacher-Led Virtual,64.9,,In Progress,,3.9,2,2.0,2025-11-05,
60133,Meridian Main Campus,M3,Psychiatric Interviewing & Mental Status Examination,Digital Workbook,48.4,51.2,Completed,28,2.5,2,6.9,2025-10-11,2025-11-08
60133,Meridian Main Campus,M3,"Recognizing Depression, Anxiety & Suicide Risk",Digital Workbook,70.5,,In Progress,,2.4,2,2.2,2025-04-23,
60133,Meridian Main Campus,M3,Trauma-Informed Care & Communication,Digital Workbook,66.0,,Not Started,,,0,0.0,2025-06-11,
60133,Meridian Main Campus,M3,De-escalation Micro-Skills for Acute Distress,Gamified Microlearning,47.7,70.0,Completed,2,4.6,2,1.0,2025-09-03,2025-09-05
60133,Meridian Main Campus,M3,Empathic Communication Quick Course,Gamified Microlearning,65.9,83.8,Completed,4,4.9,2,1.8,2025-02-19,2025-02-23
60133,Meridian Main Campus,M3,Understanding Implicit Bias in Clinical Decision-Making,Digital Workbook,49.2,62.9,Completed,7,3.6,1,2.8,2025-03-03,2025-03-10
60133,Meridian Main Campus,M3,Physician Wellness & Burnout Prevention,Teacher-Led Virtual,45.1,63.3,Completed,18,4.6,1,5.2,2025-01-24,2025-02-11
60134,University Health Partners,M1,Psychiatric Interviewing & Mental Status Examination,Digital Workbook,66.0,76.8,Completed,9,3.6,2,7.6,2025-01-06,2025-01-15
60134,University Health Partners,M1,"Recognizing Depression, Anxiety & Suicide Risk",Digital Workbook,73.1,,In Progress,,2.3,2,2.9,2025-01-13,
60134,University Health Partners,M1,Trauma-Informed Care & Communication,Digital Workbook,82.2,89.1,Completed,8,3.6,2,4.2,2025-08-18,2025-08-26
60134,University Health Partners,M1,De-escalation Micro-Skills for Acute Distress,Gamified Microlearning,61.7,82.9,Completed,1,4.4,1,1.1,2025-10-06,2025-10-07
60134,University Health Partners,M1,Empathic Communication Quick Course,Gamified Microlearning,62.1,87.2,Completed,3,4.8,4,1.7,2025-03-07,2025-03-10
60134,University Health Partners,M1,Intro to Cognitive Behavioral Therapy for Primary Care,Teacher-Led Virtual,75.4,93.7,Completed,5,4.1,2,3.7,2025-11-07,2025-11-12
60134,University Health Partners,M1,Motivational Interviewing Workshop,Blended,65.0,,Dropped,,2.5,1,0.7,2025-06-28,
60134,University Health Partners,M1,Physician Wellness & Burnout Prevention,Teacher-Led Virtual,59.7,77.6,Completed,15,3.6,1,4.2,2025-09-28,2025-10-13
60135,University Health Partners,M1,Psychiatric Interviewing & Mental Status Examination,Digital Workbook,57.2,59.6,Completed,21,2.2,1,7.4,2025-07-01,2025-07-22
60135,University Health Partners,M1,"Recognizing Depression, Anxiety & Suicide Risk",Digital Workbook,48.4,,In Progress,,3.4,2,3.3,2025-09-26,
60135,University Health Partners,M1,Trauma-Informed Care & Communication,Digital Workbook,36.5,39.6,Completed,10,3.7,2,3.9,2025-04-15,2025-04-25
60135,University Health Partners,M1,De-escalation Micro-Skills for Acute Distress,Gamified Microlearning,42.9,61.4,Completed,3,4.5,2,1.0,2025-11-05,2025-11-08
60135,University Health Partners,M1,Empathic Communication Quick Course,Gamified Microlearning,44.0,67.1,Completed,4,5.0,2,1.7,2025-05-04,2025-05-08
60135,University Health Partners,M1,Intro to Cognitive Behavioral Therapy for Primary Care,Teacher-Led Virtual,48.9,62.0,Completed,13,4.4,3,3.3,2025-06-25,2025-07-08
60135,University Health Partners,M1,Peer Mentorship & Clinical Team Communication,Blended,38.8,52.9,Completed,19,4.8,3,5.7,2025-05-02,2025-05-21
60136,Community Health Institute,M4,Psychiatric Interviewing & Mental Status Examination,Digital Workbook,52.2,58.7,Completed,24,3.6,1,6.8,2025-04-23,2025-05-17
60136,Community Health Institute,M4,"Recognizing Depression, Anxiety & Suicide Risk",Digital Workbook,75.6,81.1,Completed,10,2.7,2,4.8,2025-05-01,2025-05-11
60136,Community Health Institute,M4,Trauma-Informed Care & Communication,Digital Workbook,67.2,82.8,Completed,6,3.0,1,5.0,2025-05-31,2025-06-06
60136,Community Health Institute,M4,De-escalation Micro-Skills for Acute Distress,Gamified Microlearning,71.6,95.9,Completed,3,4.6,2,1.0,2025-08-21,2025-08-24
60136,Community Health Institute,M4,Empathic Communication Quick Course,Gamified Microlearning,82.4,100.0,Completed,2,4.3,2,1.5,2025-08-28,2025-08-30
60136,Community Health Institute,M4,Motivational Interviewing Workshop,Blended,78.2,93.8,Completed,13,4.3,2,2.4,2025-10-26,2025-11-08
60136,Community Health Institute,M4,Physician Wellness & Burnout Prevention,Teacher-Led Virtual,61.5,85.8,Completed,18,3.8,1,3.9,2025-01-18,2025-02-05
60137,Riverside Teaching Hospital,M2,Psychiatric Interviewing & Mental Status Examination,Digital Workbook,56.8,61.1,Completed,21,3.9,1,7.0,2025-10-17,2025-11-07
60137,Riverside Teaching Hospital,M2,"Recognizing Depression, Anxiety & Suicide Risk",Digital Workbook,71.8,,Not Started,,,0,0.0,2025-10-19,
60137,Riverside Teaching Hospital,M2,Trauma-Informed Care & Communication,Digital Workbook,60.2,,Not Started,,,0,0.0,2025-06-28,
60137,Riverside Teaching Hospital,M2,De-escalation Micro-Skills for Acute Distress,Gamified Microlearning,54.9,79.1,Completed,1,3.8,1,1.1,2025-02-05,2025-02-06
60137,Riverside Teaching Hospital,M2,Empathic Communication Quick Course,Gamified Microlearning,82.9,100.0,Completed,3,3.8,1,1.9,2025-07-05,2025-07-08
60137,Riverside Teaching Hospital,M2,Physician Wellness & Burnout Prevention,Teacher-Led Virtual,62.8,80.6,Completed,11,3.6,2,4.7,2025-01-25,2025-02-05
60137,Riverside Teaching Hospital,M2,Intro to Cognitive Behavioral Therapy for Primary Care,Teacher-Led Virtual,58.5,,Dropped,,2.2,1,0.2,2025-05-05,
60137,Riverside Teaching Hospital,M2,Understanding Implicit Bias in Clinical Decision-Making,Digital Workbook,64.4,80.2,Completed,9,4.3,1,2.8,2025-07-26,2025-08-04
60138,Meridian Main Campus,M3,Psychiatric Interviewing & Mental Status Examination,Digital Workbook,35.0,32.3,Completed,24,2.4,3,6.5,2025-09-25,2025-10-19
60138,Meridian Main Campus,M3,"Recognizing Depression, Anxiety & Suicide Risk",Digital Workbook,60.8,55.9,Completed,24,3.4,2,5.5,2025-05-14,2025-06-07
60138,Meridian Main Campus,M3,Trauma-Informed Care & Communication,Digital Workbook,43.5,45.3,Completed,17,3.0,2,5.8,2025-04-22,2025-05-09
60138,Meridian Main Campus,M3,De-escalation Micro-Skills for Acute Distress,Gamified Microlearning,48.9,54.9,Completed,2,4.8,1,1.3,2025-03-16,2025-03-18
60138,Meridian Main Campus,M3,Empathic Communication Quick Course,Gamified Microlearning,46.9,63.8,Completed,5,5.0,1,1.9,2025-08-14,2025-08-19
60138,Meridian Main Campus,M3,Physician Wellness & Burnout Prevention,Teacher-Led Virtual,41.8,49.5,Completed,7,3.4,2,4.5,2025-03-11,2025-03-18
60138,Meridian Main Campus,M3,Peer Mentorship & Clinical Team Communication,Blended,56.6,68.1,Completed,12,3.9,3,7.2,2025-03-12,2025-03-24
60139,Meridian Main Campus,M3,Psychiatric Interviewing & Mental Status Examination,Digital Workbook,64.2,,Not Started,,,0,0.0,2025-10-12,
60139,Meridian Main Campus,M3,"Recognizing Depression, Anxiety & Suicide Risk",Digital Workbook,60.1,,Dropped,,1.3,3,0.5,2025-05-16,
60139,Meridian Main Campus,M3,Trauma-Informed Care & Communication,Digital Workbook,63.8,67.8,Completed,17,3.5,2,4.6,2025-03-31,2025-04-17
60139,Meridian Main Campus,M3,De-escalation Micro-Skills for Acute Distress,Gamified Microlearning,65.6,80.7,Completed,1,4.6,1,1.2,2025-06-21,2025-06-22
60139,Meridian Main Campus,M3,Empathic Communication Quick Course,Gamified Microlearning,67.9,92.8,Completed,5,4.8,1,1.4,2025-05-23,2025-05-28
60139,Meridian Main Campus,M3,Motivational Interviewing Workshop,Blended,54.5,71.2,Completed,9,4.1,2,2.8,2025-08-06,2025-08-15
60139,Meridian Main Campus,M3,Understanding Implicit Bias in Clinical Decision-Making,Digital Workbook,55.3,66.0,Completed,17,3.7,1,2.7,2025-09-17,2025-10-04
60140,Lakeside Medical Center,M4,Psychiatric Interviewing & Mental Status Examination,Digital Workbook,44.8,55.6,Completed,33,3.4,2,5.7,2025-06-28,2025-07-31
60140,Lakeside Medical Center,M4,"Recognizing Depression, Anxiety & Suicide Risk",Digital Workbook,46.0,64.0,Completed,22,3.2,1,6.4,2025-08-24,2025-09-15
60140,Lakeside Medical Center,M4,Trauma-Informed Care & Communication,Digital Workbook,28.3,28.0,Completed,13,2.4,2,5.0,2025-05-19,2025-06-01
60140,Lakeside Medical Center,M4,De-escalation Micro-Skills for Acute Distress,Gamified Microlearning,32.7,50.9,Completed,1,4.5,1,1.2,2025-05-04,2025-05-05
60140,Lakeside Medical Center,M4,Empathic Communication Quick Course,Gamified Microlearning,43.3,66.4,Completed,6,4.8,2,1.5,2025-02-13,2025-02-19
60140,Lakeside Medical Center,M4,Physician Wellness & Burnout Prevention,Teacher-Led Virtual,55.6,,Not Started,,,0,0.0,2025-11-13,
60141,Lakeside Medical Center,M2,Psychiatric Interviewing & Mental Status Examination,Digital Workbook,36.2,36.6,Completed,20,3.6,2,5.6,2025-11-10,2025-11-30
60141,Lakeside Medical Center,M2,"Recognizing Depression, Anxiety & Suicide Risk",Digital Workbook,52.7,46.7,Completed,23,3.6,2,4.8,2025-09-03,2025-09-26
60141,Lakeside Medical Center,M2,Trauma-Informed Care & Communication,Digital Workbook,33.5,,In Progress,,2.5,2,1.9,2025-01-07,
60141,Lakeside Medical Center,M2,De-escalation Micro-Skills for Acute Distress,Gamified Microlearning,46.0,57.5,Completed,3,3.6,2,1.3,2025-09-27,2025-09-30
60141,Lakeside Medical Center,M2,Empathic Communication Quick Course,Gamified Microlearning,30.7,42.8,Completed,2,4.6,2,1.3,2025-03-28,2025-03-30
60141,Lakeside Medical Center,M2,Physician Wellness & Burnout Prevention,Teacher-Led Virtual,56.9,62.1,Completed,8,4.5,2,5.1,2025-09-29,2025-10-07
60142,Riverside Teaching Hospital,M3,Psychiatric Interviewing & Mental Status Examination,Digital Workbook,65.3,66.1,Completed,14,2.6,1,5.9,2025-03-04,2025-03-18
60142,Riverside Teaching Hospital,M3,"Recognizing Depression, Anxiety & Suicide Risk",Digital Workbook,64.4,62.8,Completed,21,2.8,1,6.0,2025-11-09,2025-11-30
60142,Riverside Teaching Hospital,M3,Trauma-Informed Care & Communication,Digital Workbook,60.3,,In Progress,,2.5,2,2.1,2025-07-06,
60142,Riverside Teaching Hospital,M3,De-escalation Micro-Skills for Acute Distress,Gamified Microlearning,74.3,91.1,Completed,4,4.5,1,1.1,2025-11-10,2025-11-14
60142,Riverside Teaching Hospital,M3,Empathic Communication Quick Course,Gamified Microlearning,67.2,81.0,Completed,3,4.1,1,1.7,2025-05-02,2025-05-05
60142,Riverside Teaching Hospital,M3,Physician Wellness & Burnout Prevention,Teacher-Led Virtual,49.6,59.2,Completed,23,4.1,1,3.7,2025-07-22,2025-08-14
60142,Riverside Teaching Hospital,M3,Intro to Cognitive Behavioral Therapy for Primary Care,Teacher-Led Virtual,44.9,64.7,Completed,12,4.5,1,3.6,2025-04-05,2025-04-17
60142,Riverside Teaching Hospital,M3,Peer Mentorship & Clinical Team Communication,Blended,56.8,70.9,Completed,14,4.5,2,7.2,2025-01-08,2025-01-22
60143,Lakeside Medical Center,M4,Psychiatric Interviewing & Mental Status Examination,Digital Workbook,58.7,,Not Started,,,0,0.0,2025-08-08,
60143,Lakeside Medical Center,M4,"Recognizing Depression, Anxiety & Suicide Risk",Digital Workbook,34.6,,In Progress,,3.2,1,2.6,2025-05-21,
60143,Lakeside Medical Center,M4,Trauma-Informed Care & Communication,Digital Workbook,35.6,,Not Started,,,0,0.0,2025-04-30,
60143,Lakeside Medical Center,M4,De-escalation Micro-Skills for Acute Distress,Gamified Microlearning,59.3,69.6,Completed,2,4.4,2,1.1,2025-10-13,2025-10-15
60143,Lakeside Medical Center,M4,Empathic Communication Quick Course,Gamified Microlearning,40.9,46.2,Completed,4,4.1,1,1.9,2025-07-18,2025-07-22
60143,Lakeside Medical Center,M4,Physician Wellness & Burnout Prevention,Teacher-Led Virtual,65.0,75.2,Completed,12,3.8,3,4.5,2025-10-28,2025-11-09
60144,Lakeside Medical Center,M2,Psychiatric Interviewing & Mental Status Examination,Digital Workbook,40.6,,In Progress,,2.3,3,2.0,2025-04-28,
60144,Lakeside Medical Center,M2,"Recognizing Depression, Anxiety & Suicide Risk",Digital Workbook,58.8,59.7,Completed,14,3.0,2,7.0,2025-11-16,2025-11-30
60144,Lakeside Medical Center,M2,Trauma-Informed Care & Communication,Digital Workbook,52.0,61.3,Completed,20,3.5,2,5.0,2025-05-08,2025-05-28
60144,Lakeside Medical Center,M2,De-escalation Micro-Skills for Acute Distress,Gamified Microlearning,52.8,63.7,Completed,2,3.7,1,1.0,2025-09-27,2025-09-29
60144,Lakeside Medical Center,M2,Empathic Communication Quick Course,Gamified Microlearning,30.6,51.3,Completed,4,4.4,2,1.8,2025-05-25,2025-05-29
60144,Lakeside Medical Center,M2,Motivational Interviewing Workshop,Blended,47.8,62.2,Completed,6,4.8,3,2.7,2025-04-30,2025-05-06
60144,Lakeside Medical Center,M2,Intro to Cognitive Behavioral Therapy for Primary Care,Teacher-Led Virtual,53.9,67.4,Completed,3,3.7,3,3.0,2025-10-19,2025-10-22
60145,University Health Partners,M1,Psychiatric Interviewing & Mental Status Examination,Digital Workbook,40.5,42.2,Completed,29,3.0,2,6.6,2025-01-15,2025-02-13
60145,University Health Partners,M1,"Recognizing Depression, Anxiety & Suicide Risk",Digital Workbook,58.6,65.7,Completed,11,3.4,3,6.1,2025-04-06,2025-04-17
60145,University Health Partners,M1,Trauma-Informed Care & Communication,Digital Workbook,44.6,,Not Started,,,0,0.0,2025-10-06,
60145,University Health Partners,M1,De-escalation Micro-Skills for Acute Distress,Gamified Microlearning,46.4,53.5,Completed,2,4.1,2,0.9,2025-05-31,2025-06-02
60145,University Health Partners,M1,Empathic Communication Quick Course,Gamified Microlearning,58.2,77.3,Completed,4,4.0,2,1.8,2025-08-28,2025-09-01
60145,University Health Partners,M1,Understanding Implicit Bias in Clinical Decision-Making,Digital Workbook,52.2,55.0,Completed,3,3.3,1,3.7,2025-06-11,2025-06-14
60145,University Health Partners,M1,Physician Wellness & Burnout Prevention,Teacher-Led Virtual,40.9,54.6,Completed,14,4.1,1,5.0,2025-08-02,2025-08-16
60146,Lakeside Medical Center,M2,Psychiatric Interviewing & Mental Status Examination,Digital Workbook,68.3,,Not Started,,,0,0.0,2025-01-11,
60146,Lakeside Medical Center,M2,"Recognizing Depression, Anxiety & Suicide Risk",Digital Workbook,46.0,,Not Started,,,0,0.0,2025-06-24,
60146,Lakeside Medical Center,M2,Trauma-Informed Care & Communication,Digital Workbook,55.9,63.0,Completed,8,3.4,3,4.4,2025-06-20,2025-06-28
60146,Lakeside Medical Center,M2,De-escalation Micro-Skills for Acute Distress,Gamified Microlearning,39.9,55.8,Completed,1,4.9,1,1.3,2025-02-22,2025-02-23
60146,Lakeside Medical Center,M2,Empathic Communication Quick Course,Gamified Microlearning,68.0,81.7,Completed,5,4.8,1,1.8,2025-05-12,2025-05-17
60146,Lakeside Medical Center,M2,Peer Mentorship & Clinical Team Communication,Blended,56.0,73.6,Completed,12,3.9,1,7.4,2025-06-15,2025-06-27
60147,Riverside Teaching Hospital,M2,Psychiatric Interviewing & Mental Status Examination,Digital Workbook,48.5,,In Progress,,2.2,2,1.6,2025-03-03,
60147,Riverside Teaching Hospital,M2,"Recognizing Depression, Anxiety & Suicide Risk",Digital Workbook,64.6,,In Progress,,3.0,1,2.2,2025-04-30,
60147,Riverside Teaching Hospital,M2,Trauma-Informed Care & Communication,Digital Workbook,51.9,52.8,Completed,12,3.2,3,4.9,2025-05-02,2025-05-14
60147,Riverside Teaching Hospital,M2,De-escalation Micro-Skills for Acute Distress,Gamified Microlearning,73.3,90.6,Completed,3,4.0,1,1.0,2025-07-31,2025-08-03
60147,Riverside Teaching Hospital,M2,Empathic Communication Quick Course,Gamified Microlearning,53.0,73.2,Completed,4,5.0,1,1.4,2025-02-12,2025-02-16
60147,Riverside Teaching Hospital,M2,Understanding Implicit Bias in Clinical Decision-Making,Digital Workbook,71.7,,Dropped,,2.0,1,0.7,2025-01-21,
60147,Riverside Teaching Hospital,M2,Peer Mentorship & Clinical Team Communication,Blended,55.3,70.5,Completed,19,3.6,2,5.3,2025-09-08,2025-09-27
60147,Riverside Teaching Hospital,M2,Physician Wellness & Burnout Prevention,Teacher-Led Virtual,79.1,94.1,Completed,14,4.1,1,3.8,2025-10-05,2025-10-19
60148,Community Health Institute,M3,Psychiatric Interviewing & Mental Status Examination,Digital Workbook,55.1,,Not Started,,,0,0.0,2025-04-26,
60148,Community Health Institute,M3,"Recognizing Depression, Anxiety & Suicide Risk",Digital Workbook,65.3,77.6,Completed,11,3.0,1,6.6,2025-03-12,2025-03-23
60148,Community Health Institute,M3,Trauma-Informed Care & Communication,Digital Workbook,88.5,100.0,Completed,12,4.3,1,4.6,2025-06-25,2025-07-07
60148,Community Health Institute,M3,De-escalation Micro-Skills for Acute Distress,Gamified Microlearning,75.7,96.5,Completed,2,4.0,2,1.2,2025-03-11,2025-03-13
60148,Community Health Institute,M3,Empathic Communication Quick Course,Gamified Microlearning,65.7,84.2,Completed,2,4.2,1,1.5,2025-09-26,2025-09-28
60148,Community Health Institute,M3,Intro to Cognitive Behavioral Therapy for Primary Care,Teacher-Led Virtual,57.1,79.4,Completed,9,3.8,1,3.9,2025-05-19,2025-05-28
60148,Community Health Institute,M3,Understanding Implicit Bias in Clinical Decision-Making,Digital Workbook,52.8,76.7,Completed,8,3.5,1,2.8,2025-07-03,2025-07-11
60149,University Health Partners,M4,Psychiatric Interviewing & Mental Status Examination,Digital Workbook,42.9,52.5,Completed,15,2.8,1,7.4,2025-09-21,2025-10-06
60149,University Health Partners,M4,"Recognizing Depression, Anxiety & Suicide Risk",Digital Workbook,39.6,44.4,Completed,17,4.0,2,5.0,2025-06-07,2025-06-24
60149,University Health Partners,M4,Trauma-Informed Care & Communication,Digital Workbook,39.4,45.2,Completed,13,3.8,2,3.9,2025-04-17,2025-04-30
60149,University Health Partners,M4,De-escalation Micro-Skills for Acute Distress,Gamified Microlearning,43.3,61.4,Completed,1,4.7,2,1.1,2025-06-08,2025-06-09
60149,University Health Partners,M4,Empathic Communication Quick Course,Gamified Microlearning,45.1,62.3,Completed,7,4.1,1,1.9,2025-02-15,2025-02-22
60149,University Health Partners,M4,Understanding Implicit Bias in Clinical Decision-Making,Digital Workbook,48.9,62.6,Completed,13,4.6,2,3.1,2025-11-11,2025-11-24
60149,University Health Partners,M4,Peer Mentorship & Clinical Team Communication,Blended,50.8,59.1,Completed,15,4.0,1,7.7,2025-04-08,2025-04-23
60150,Lakeside Medical Center,M1,Psychiatric Interviewing & Mental Status Examination,Digital Workbook,56.3,,In Progress,,2.3,3,3.0,2025-03-22,
60150,Lakeside Medical Center,M1,"Recognizing Depression, Anxiety & Suicide Risk",Digital Workbook,43.9,48.9,Completed,2,2.5,1,5.5,2025-08-13,2025-08-15
60150,Lakeside Medical Center,M1,Trauma-Informed Care & Communication,Digital Workbook,54.3,48.3,Completed,7,2.2,2,4.9,2025-04-08,2025-04-15
60150,Lakeside Medical Center,M1,De-escalation Micro-Skills for Acute Distress,Gamified Microlearning,39.7,58.8,Completed,3,3.7,1,1.1,2025-07-27,2025-07-30
60150,Lakeside Medical Center,M1,Empathic Communication Quick Course,Gamified Microlearning,55.3,,Not Started,,,0,0.0,2025-02-03,
60150,Lakeside Medical Center,M1,Intro to Cognitive Behavioral Therapy for Primary Care,Teacher-Led Virtual,62.0,,In Progress,,3.6,2,1.2,2025-05-22,
60150,Lakeside Medical Center,M1,Understanding Implicit Bias in Clinical Decision-Making,Digital Workbook,48.8,,Dropped,,2.7,3,1.2,2025-02-24,
60150,Lakeside Medical Center,M1,Physician Wellness & Burnout Prevention,Teacher-Led Virtual,56.6,65.3,Completed,15,5.0,2,4.5,2025-11-15,2025-11-30
60151,Lakeside Medical Center,M4,Psychiatric Interviewing & Mental Status Examination,Digital Workbook,55.1,58.4,Completed,20,3.2,2,7.5,2025-11-08,2025-11-28
60151,Lakeside Medical Center,M4,"Recognizing Depression, Anxiety & Suicide Risk",Digital Workbook,44.8,,In Progress,,3.4,2,2.7,2025-02-03,
60151,Lakeside Medical Center,M4,Trauma-Informed Care & Communication,Digital Workbook,45.3,,In Progress,,2.6,2,2.8,2025-04-16,
60151,Lakeside Medical Center,M4,De-escalation Micro-Skills for Acute Distress,Gamified Microlearning,58.3,72.7,Completed,1,4.7,1,1.2,2025-05-15,2025-05-16
60151,Lakeside Medical Center,M4,Empathic Communication Quick Course,Gamified Microlearning,53.0,78.1,Completed,3,4.8,2,1.6,2025-09-28,2025-10-01
60151,Lakeside Medical Center,M4,Understanding Implicit Bias in Clinical Decision-Making,Digital Workbook,50.5,,Not Started,,,0,0.0,2025-07-29,
60151,Lakeside Medical Center,M4,Physician Wellness & Burnout Prevention,Teacher-Led Virtual,58.9,83.7,Completed,6,3.8,2,5.1,2025-08-30,2025-09-05
60152,Riverside Teaching Hospital,M3,Psychiatric Interviewing & Mental Status Examination,Digital Workbook,72.3,74.8,Completed,17,2.8,2,7.8,2025-09-30,2025-10-17
60152,Riverside Teaching Hospital,M3,"Recognizing Depression, Anxiety & Suicide Risk",Digital Workbook,44.1,56.5,Completed,14,3.1,2,5.0,2025-11-18,2025-12-02
60152,Riverside Teaching Hospital,M3,Trauma-Informed Care & Communication,Digital Workbook,51.0,57.1,Completed,8,3.2,1,4.2,2025-06-02,2025-06-10
60152,Riverside Teaching Hospital,M3,De-escalation Micro-Skills for Acute Distress,Gamified Microlearning,46.1,78.6,Completed,4,4.5,1,1.3,2025-01-14,2025-01-18
60152,Riverside Teaching Hospital,M3,Empathic Communication Quick Course,Gamified Microlearning,57.4,81.2,Completed,4,4.5,1,1.9,2025-04-30,2025-05-04
60152,Riverside Teaching Hospital,M3,Peer Mentorship & Clinical Team Communication,Blended,61.5,,Dropped,,2.7,1,2.3,2025-02-23,
60152,Riverside Teaching Hospital,M3,Intro to Cognitive Behavioral Therapy for Primary Care,Teacher-Led Virtual,48.1,62.1,Completed,12,3.8,1,2.9,2025-10-28,2025-11-09
60152,Riverside Teaching Hospital,M3,Physician Wellness & Burnout Prevention,Teacher-Led Virtual,60.5,82.9,Completed,11,4.4,2,4.7,2025-04-03,2025-04-14
60153,Meridian Main Campus,M1,Psychiatric Interviewing & Mental Status Examination,Digital Workbook,51.9,56.1,Completed,20,3.4,1,5.2,2025-11-09,2025-11-29
60153,Meridian Main Campus,M1,"Recognizing Depression, Anxiety & Suicide Risk",Digital Workbook,45.1,52.4,Completed,22,3.5,2,5.5,2025-11-13,2025-12-05
60153,Meridian Main Campus,M1,Trauma-Informed Care & Communication,Digital Workbook,64.9,71.0,Completed,15,3.5,3,3.8,2025-07-16,2025-07-31
60153,Meridian Main Campus,M1,De-escalation Micro-Skills for Acute Distress,Gamified Microlearning,54.1,77.2,Completed,4,4.6,1,1.0,2025-06-16,2025-06-20
60153,Meridian Main Campus,M1,Empathic Communication Quick Course,Gamified Microlearning,58.3,81.0,Completed,4,5.0,2,1.9,2025-07-09,2025-07-13
60153,Meridian Main Campus,M1,Physician Wellness & Burnout Prevention,Teacher-Led Virtual,77.9,96.4,Completed,7,3.8,2,4.4,2025-03-10,2025-03-17
60153,Meridian Main Campus,M1,Peer Mentorship & Clinical Team Communication,Blended,63.9,85.3,Completed,22,4.1,2,7.7,2025-03-18,2025-04-09
60154,Community Health Institute,M1,Psychiatric Interviewing & Mental Status Examination,Digital Workbook,53.0,,Dropped,,3.0,2,1.1,2025-10-15,
60154,Community Health Institute,M1,"Recognizing Depression, Anxiety & Suicide Risk",Digital Workbook,65.9,66.8,Completed,26,3.2,2,4.7,2025-01-08,2025-02-03
60154,Community Health Institute,M1,Trauma-Informed Care & Communication,Digital Workbook,50.1,,Not Started,,,0,0.0,2025-08-26,
60154,Community Health Institute,M1,De-escalation Micro-Skills for Acute Distress,Gamified Microlearning,61.6,85.6,Completed,2,4.5,1,0.9,2025-01-07,2025-01-09
60154,Community Health Institute,M1,Empathic Communication Quick Course,Gamified Microlearning,49.3,61.5,Completed,1,3.9,1,1.4,2025-04-03,2025-04-04
60154,Community Health Institute,M1,Understanding Implicit Bias in Clinical Decision-Making,Digital Workbook,38.5,48.2,Completed,12,4.1,2,3.6,2025-01-21,2025-02-02
60154,Community Health Institute,M1,Motivational Interviewing Workshop,Blended,45.6,54.6,Completed,7,4.0,1,2.7,2025-11-01,2025-11-08
60155,Lakeside Medical Center,M4,Psychiatric Interviewing & Mental Status Examination,Digital Workbook,68.1,,In Progress,,2.8,1,3.1,2025-04-16,
60155,Lakeside Medical Center,M4,"Recognizing Depression, Anxiety & Suicide Risk",Digital Workbook,61.5,72.3,Completed,12,3.1,1,5.0,2025-04-18,2025-04-30
60155,Lakeside Medical Center,M4,Trauma-Informed Care & Communication,Digital Workbook,55.4,61.4,Completed,1,3.2,1,4.4,2025-02-03,2025-02-04
60155,Lakeside Medical Center,M4,De-escalation Micro-Skills for Acute Distress,Gamified Microlearning,63.4,87.0,Completed,2,4.5,1,0.9,2025-02-27,2025-03-01
60155,Lakeside Medical Center,M4,Empathic Communication Quick Course,Gamified Microlearning,62.5,81.6,Completed,5,4.3,1,1.9,2025-10-31,2025-11-05
60155,Lakeside Medical Center,M4,Peer Mentorship & Clinical Team Communication,Blended,56.2,73.4,Completed,14,4.3,2,6.1,2025-08-24,2025-09-07
60155,Lakeside Medical Center,M4,Physician Wellness & Burnout Prevention,Teacher-Led Virtual,54.0,80.8,Completed,13,4.2,2,3.9,2025-01-29,2025-02-11
60155,Lakeside Medical Center,M4,Understanding Implicit Bias in Clinical Decision-Making,Digital Workbook,70.1,,In Progress,,2.1,1,0.9,2025-08-11,
60156,University Health Partners,M4,Psychiatric Interviewing & Mental Status Examination,Digital Workbook,69.5,,In Progress,,2.5,1,2.9,2025-07-11,
60156,University Health Partners,M4,"Recognizing Depression, Anxiety & Suicide Risk",Digital Workbook,64.5,77.7,Completed,20,3.1,1,4.8,2025-11-18,2025-12-08
60156,University Health Partners,M4,Trauma-Informed Care & Communication,Digital Workbook,70.9,79.9,Completed,8,3.7,1,5.0,2025-08-22,2025-08-30
60156,University Health Partners,M4,De-escalation Micro-Skills for Acute Distress,Gamified Microlearning,72.6,99.7,Completed,4,4.6,1,1.0,2025-06-02,2025-06-06
60156,University Health Partners,M4,Empathic Communication Quick Course,Gamified Microlearning,60.1,82.7,Completed,2,4.5,1,1.6,2025-03-10,2025-03-12
60156,University Health Partners,M4,Physician Wellness & Burnout Prevention,Teacher-Led Virtual,74.2,100.0,Completed,7,3.9,2,4.8,2025-06-05,2025-06-12
60156,University Health Partners,M4,Motivational Interviewing Workshop,Blended,69.5,82.2,Completed,10,4.2,1,2.8,2025-06-13,2025-06-23
60157,Community Health Institute,M3,Psychiatric Interviewing & Mental Status Examination,Digital Workbook,55.0,58.9,Completed,19,4.1,1,5.8,2025-08-15,2025-09-03
60157,Community Health Institute,M3,"Recognizing Depression, Anxiety & Suicide Risk",Digital Workbook,49.0,54.1,Completed,26,2.6,1,7.1,2025-11-05,2025-12-01
60157,Community Health Institute,M3,Trauma-Informed Care & Communication,Digital Workbook,67.2,,In Progress,,2.8,1,2.9,2025-11-08,
60157,Community Health Institute,M3,De-escalation Micro-Skills for Acute Distress,Gamified Microlearning,78.4,91.0,Completed,3,4.8,1,0.9,2025-01-18,2025-01-21
60157,Community Health Institute,M3,Empathic Communication Quick Course,Gamified Microlearning,81.5,100.0,Completed,3,4.8,2,1.4,2025-11-16,2025-11-19
60157,Community Health Institute,M3,Physician Wellness & Burnout Prevention,Teacher-Led Virtual,52.6,65.9,Completed,8,4.2,3,5.0,2025-04-07,2025-04-15
60157,Community Health Institute,M3,Intro to Cognitive Behavioral Therapy for Primary Care,Teacher-Led Virtual,70.5,86.2,Completed,10,4.1,2,2.7,2025-02-23,2025-03-05
60158,Lakeside Medical Center,M4,Psychiatric Interviewing & Mental Status Examination,Digital Workbook,53.7,,In Progress,,2.3,3,2.2,2025-09-07,
60158,Lakeside Medical Center,M4,"Recognizing Depression, Anxiety & Suicide Risk",Digital Workbook,44.1,60.0,Completed,30,2.7,2,5.3,2025-05-26,2025-06-25
60158,Lakeside Medical Center,M4,Trauma-Informed Care & Communication,Digital Workbook,46.6,,Not Started,,,0,0.0,2025-09-24,
60158,Lakeside Medical Center,M4,De-escalation Micro-Skills for Acute Distress,Gamified Microlearning,42.5,56.3,Completed,6,4.1,1,0.9,2025-04-02,2025-04-08
60158,Lakeside Medical Center,M4,Empathic Communication Quick Course,Gamified Microlearning,56.8,73.9,Completed,6,4.0,2,1.4,2025-10-11,2025-10-17
60158,Lakeside Medical Center,M4,Understanding Implicit Bias in Clinical Decision-Making,Digital Workbook,39.8,48.4,Completed,9,3.2,2,3.3,2025-11-07,2025-11-16
60158,Lakeside Medical Center,M4,Physician Wellness & Burnout Prevention,Teacher-Led Virtual,53.9,69.7,Completed,6,4.8,2,5.1,2025-04-19,2025-04-25
60159,Riverside Teaching Hospital,M4,Psychiatric Interviewing & Mental Status Examination,Digital Workbook,55.2,,In Progress,,2.0,2,2.9,2025-11-09,
60159,Riverside Teaching Hospital,M4,"Recognizing Depression, Anxiety & Suicide Risk",Digital Workbook,50.1,57.3,Completed,19,3.1,2,6.3,2025-07-23,2025-08-11
60159,Riverside Teaching Hospital,M4,Trauma-Informed Care & Communication,Digital Workbook,57.2,62.1,Completed,23,3.9,1,4.9,2025-06-02,2025-06-25
60159,Riverside Teaching Hospital,M4,De-escalation Micro-Skills for Acute Distress,Gamified Microlearning,71.6,84.3,Completed,3,4.5,1,1.0,2025-02-22,2025-02-25
60159,Riverside Teaching Hospital,M4,Empathic Communication Quick Course,Gamified Microlearning,58.7,86.2,Completed,7,5.0,1,1.4,2025-01-09,2025-01-16
60159,Riverside Teaching Hospital,M4,Motivational Interviewing Workshop,Blended,59.7,84.0,Completed,5,3.5,2,3.2,2025-03-05,2025-03-10
60160,Riverside Teaching Hospital,M2,Psychiatric Interviewing & Mental Status Examination,Digital Workbook,60.4,54.4,Completed,22,3.4,2,6.3,2025-04-07,2025-04-29
60160,Riverside Teaching Hospital,M2,"Recognizing Depression, Anxiety & Suicide Risk",Digital Workbook,46.7,49.8,Completed,16,2.7,2,5.6,2025-04-08,2025-04-24
60160,Riverside Teaching Hospital,M2,Trauma-Informed Care & Communication,Digital Workbook,41.6,33.5,Completed,15,3.1,2,4.6,2025-03-01,2025-03-16
60160,Riverside Teaching Hospital,M2,De-escalation Micro-Skills for Acute Distress,Gamified Microlearning,50.6,56.8,Completed,3,4.4,2,1.2,2025-05-03,2025-05-06
60160,Riverside Teaching Hospital,M2,Empathic Communication Quick Course,Gamified Microlearning,58.8,83.7,Completed,3,4.3,1,1.4,2025-03-17,2025-03-20
60160,Riverside Teaching Hospital,M2,Physician Wellness & Burnout Prevention,Teacher-Led Virtual,74.8,76.0,Completed,8,4.1,1,4.0,2025-02-19,2025-02-27
60161,Riverside Teaching Hospital,M3,Psychiatric Interviewing & Mental Status Examination,Digital Workbook,51.7,,Not Started,,,0,0.0,2025-07-12,
60161,Riverside Teaching Hospital,M3,"Recognizing Depression, Anxiety & Suicide Risk",Digital Workbook,59.3,,Not Started,,,0,0.0,2025-08-20,
60161,Riverside Teaching Hospital,M3,Trauma-Informed Care & Communication,Digital Workbook,49.4,61.3,Completed,14,3.0,3,4.2,2025-08-08,2025-08-22
60161,Riverside Teaching Hospital,M3,De-escalation Micro-Skills for Acute Distress,Gamified Microlearning,46.8,68.6,Completed,3,4.7,1,0.9,2025-02-14,2025-02-17
60161,Riverside Teaching Hospital,M3,Empathic Communication Quick Course,Gamified Microlearning,42.7,61.1,Completed,7,4.1,1,1.8,2025-02-19,2025-02-26
60161,Riverside Teaching Hospital,M3,Intro to Cognitive Behavioral Therapy for Primary Care,Teacher-Led Virtual,52.8,66.1,Completed,7,4.7,1,3.0,2025-01-12,2025-01-19
60162,Riverside Teaching Hospital,M2,Psychiatric Interviewing & Mental Status Examination,Digital Workbook,60.6,65.2,Completed,20,3.7,2,6.7,2025-04-27,2025-05-17
60162,Riverside Teaching Hospital,M2,"Recognizing Depression, Anxiety & Suicide Risk",Digital Workbook,52.8,57.4,Completed,10,3.3,3,6.8,2025-09-15,2025-09-25
60162,Riverside Teaching Hospital,M2,Trauma-Informed Care & Communication,Digital Workbook,47.5,47.2,Completed,11,2.8,2,4.9,2025-11-03,2025-11-14
60162,Riverside Teaching Hospital,M2,De-escalation Micro-Skills for Acute Distress,Gamified Microlearning,50.9,61.7,Completed,2,4.3,2,1.1,2025-05-11,2025-05-13
60162,Riverside Teaching Hospital,M2,Empathic Communication Quick Course,Gamified Microlearning,47.9,67.0,Completed,4,5.0,3,1.8,2025-05-14,2025-05-18
60162,Riverside Teaching Hospital,M2,Understanding Implicit Bias in Clinical Decision-Making,Digital Workbook,64.9,67.1,Completed,11,3.5,1,3.3,2025-11-11,2025-11-22
60162,Riverside Teaching Hospital,M2,Motivational Interviewing Workshop,Blended,65.5,73.1,Completed,3,4.1,1,3.2,2025-04-19,2025-04-22
60163,University Health Partners,M1,Psychiatric Interviewing & Mental Status Examination,Digital Workbook,62.6,69.0,Completed,13,3.7,2,5.2,2025-11-17,2025-11-30
60163,University Health Partners,M1,"Recognizing Depression, Anxiety & Suicide Risk",Digital Workbook,60.5,,In Progress,,2.8,2,2.2,2025-02-18,
60163,University Health Partners,M1,Trauma-Informed Care & Communication,Digital Workbook,70.1,,Not Started,,,0,0.0,2025-09-13,
60163,University Health Partners,M1,De-escalation Micro-Skills for Acute Distress,Gamified Microlearning,66.1,91.1,Completed,1,3.9,1,1.0,2025-02-27,2025-02-28
60163,University Health Partners,M1,Empathic Communication Quick Course,Gamified Microlearning,70.8,92.5,Completed,8,4.6,1,1.8,2025-07-07,2025-07-15
60163,University Health Partners,M1,Peer Mentorship & Clinical Team Communication,Blended,66.3,92.1,Completed,13,4.0,2,7.6,2025-11-08,2025-11-21
60164,University Health Partners,M2,Psychiatric Interviewing & Mental Status Examination,Digital Workbook,44.3,,Not Started,,,0,0.0,2025-07-07,
60164,University Health Partners,M2,"Recognizing Depression, Anxiety & Suicide Risk",Digital Workbook,58.4,57.0,Completed,33,3.4,2,5.3,2025-03-03,2025-04-05
60164,University Health Partners,M2,Trauma-Informed Care & Communication,Digital Workbook,48.6,59.8,Completed,12,3.0,2,5.2,2025-09-25,2025-10-07
60164,University Health Partners,M2,De-escalation Micro-Skills for Acute Distress,Gamified Microlearning,56.6,78.4,Completed,4,4.3,1,1.0,2025-03-27,2025-03-31
60164,University Health Partners,M2,Empathic Communication Quick Course,Gamified Microlearning,45.9,59.7,Completed,4,5.0,1,1.4,2025-07-26,2025-07-30
60164,University Health Partners,M2,Peer Mentorship & Clinical Team Communication,Blended,60.5,72.2,Completed,32,3.9,1,7.7,2025-08-20,2025-09-21
60164,University Health Partners,M2,Motivational Interviewing Workshop,Blended,57.2,70.1,Completed,9,3.9,1,2.8,2025-02-20,2025-03-01
60165,Lakeside Medical Center,M2,Psychiatric Interviewing & Mental Status Examination,Digital Workbook,66.3,65.8,Completed,11,3.0,1,6.4,2025-06-24,2025-07-05
60165,Lakeside Medical Center,M2,"Recognizing Depression, Anxiety & Suicide Risk",Digital Workbook,66.0,66.9,Completed,6,2.9,2,5.8,2025-11-03,2025-11-09
60165,Lakeside Medical Center,M2,Trauma-Informed Care & Communication,Digital Workbook,39.5,43.8,Completed,12,3.7,2,3.9,2025-01-21,2025-02-02
60165,Lakeside Medical Center,M2,De-escalation Micro-Skills for Acute Distress,Gamified Microlearning,61.0,76.6,Completed,3,4.8,2,1.2,2025-09-08,2025-09-11
60165,Lakeside Medical Center,M2,Empathic Communication Quick Course,Gamified Microlearning,46.7,58.3,Completed,5,4.4,2,1.8,2025-01-28,2025-02-02
60165,Lakeside Medical Center,M2,Intro to Cognitive Behavioral Therapy for Primary Care,Teacher-Led Virtual,62.9,78.8,Completed,8,4.0,1,3.8,2025-03-24,2025-04-01
60165,Lakeside Medical Center,M2,Peer Mentorship & Clinical Team Communication,Blended,68.7,80.8,Completed,19,3.6,2,6.0,2025-05-29,2025-06-17
60165,Lakeside Medical Center,M2,Motivational Interviewing Workshop,Blended,75.2,84.3,Completed,9,4.3,1,3.2,2025-03-06,2025-03-15
60166,Community Health Institute,M4,Psychiatric Interviewing & Mental Status Examination,Digital Workbook,50.6,58.9,Completed,27,2.6,3,6.6,2025-03-24,2025-04-20
60166,Community Health Institute,M4,"Recognizing Depression, Anxiety & Suicide Risk",Digital Workbook,42.7,,In Progress,,1.7,2,2.6,2025-04-21,
60166,Community Health Institute,M4,Trauma-Informed Care & Communication,Digital Workbook,47.8,48.5,Completed,16,3.0,1,5.2,2025-03-22,2025-04-07
60166,Community Health Institute,M4,De-escalation Micro-Skills for Acute Distress,Gamified Microlearning,55.4,73.3,Completed,3,5.0,2,1.1,2025-04-29,2025-05-02
60166,Community Health Institute,M4,Empathic Communication Quick Course,Gamified Microlearning,58.4,74.8,Completed,6,5.0,1,1.5,2025-03-17,2025-03-23
60166,Community Health Institute,M4,Peer Mentorship & Clinical Team Communication,Blended,58.3,69.3,Completed,16,4.2,1,5.9,2025-05-25,2025-06-10
60166,Community Health Institute,M4,Motivational Interviewing Workshop,Blended,70.7,81.7,Completed,4,4.4,2,3.1,2025-09-02,2025-09-06
60166,Community Health Institute,M4,Intro to Cognitive Behavioral Therapy for Primary Care,Teacher-Led Virtual,34.0,44.1,Completed,9,4.3,1,3.5,2025-06-04,2025-06-13
60167,University Health Partners,M1,Psychiatric Interviewing & Mental Status Examination,Digital Workbook,34.5,,Dropped,,2.4,2,0.6,2025-07-03,
60167,University Health Partners,M1,"Recognizing Depression, Anxiety & Suicide Risk",Digital Workbook,47.5,42.0,Completed,15,3.4,3,6.7,2025-06-28,2025-07-13
60167,University Health Partners,M1,Trauma-Informed Care & Communication,Digital Workbook,31.8,,Not Started,,,0,0.0,2025-03-06,
60167,University Health Partners,M1,De-escalation Micro-Skills for Acute Distress,Gamified Microlearning,55.4,73.7,Completed,2,4.3,1,1.2,2025-04-07,2025-04-09
60167,University Health Partners,M1,Empathic Communication Quick Course,Gamified Microlearning,41.1,58.7,Completed,3,5.0,2,1.8,2025-06-26,2025-06-29
60167,University Health Partners,M1,Physician Wellness & Burnout Prevention,Teacher-Led Virtual,35.6,59.4,Completed,11,4.4,3,4.7,2025-08-26,2025-09-06
60167,University Health Partners,M1,Peer Mentorship & Clinical Team Communication,Blended,56.7,68.2,Completed,19,3.6,1,6.2,2025-05-10,2025-05-29
60168,Riverside Teaching Hospital,M2,Psychiatric Interviewing & Mental Status Examination,Digital Workbook,37.7,39.0,Completed,26,3.5,4,5.4,2025-08-11,2025-09-06
60168,Riverside Teaching Hospital,M2,"Recognizing Depression, Anxiety & Suicide Risk",Digital Workbook,45.8,42.7,Completed,9,3.3,2,5.3,2025-06-18,2025-06-27
60168,Riverside Teaching Hospital,M2,Trauma-Informed Care & Communication,Digital Workbook,50.9,,Dropped,,2.2,2,1.6,2025-03-04,
60168,Riverside Teaching Hospital,M2,De-escalation Micro-Skills for Acute Distress,Gamified Microlearning,41.4,,In Progress,,2.9,1,0.5,2025-05-11,
60168,Riverside Teaching Hospital,M2,Empathic Communication Quick Course,Gamified Microlearning,39.4,61.7,Completed,5,4.5,2,1.6,2025-10-28,2025-11-02
60168,Riverside Teaching Hospital,M2,Motivational Interviewing Workshop,Blended,24.4,33.0,Completed,6,4.7,1,2.1,2025-10-31,2025-11-06
60168,Riverside Teaching Hospital,M2,Peer Mentorship & Clinical Team Communication,Blended,48.2,57.2,Completed,27,4.2,2,7.5,2025-10-05,2025-11-01
60169,University Health Partners,M4,Psychiatric Interviewing & Mental Status Examination,Digital Workbook,54.3,,In Progress,,2.5,3,3.9,2025-03-12,
60169,University Health Partners,M4,"Recognizing Depression, Anxiety & Suicide Risk",Digital Workbook,62.5,74.9,Completed,12,3.3,3,6.3,2025-09-05,2025-09-17
60169,University Health Partners,M4,Trauma-Informed Care & Communication,Digital Workbook,40.8,50.2,Completed,21,3.3,1,5.7,2025-04-06,2025-04-27
60169,University Health Partners,M4,De-escalation Micro-Skills for Acute Distress,Gamified Microlearning,61.5,86.8,Completed,3,4.4,3,1.0,2025-04-04,2025-04-07
60169,University Health Partners,M4,Empathic Communication Quick Course,Gamified Microlearning,59.2,80.3,Completed,6,4.8,1,1.5,2025-01-28,2025-02-03
60169,University Health Partners,M4,Motivational Interviewing Workshop,Blended,66.6,78.1,Completed,11,4.2,2,2.4,2025-11-17,2025-11-28
60169,University Health Partners,M4,Understanding Implicit Bias in Clinical Decision-Making,Digital Workbook,61.8,71.1,Completed,8,3.2,1,3.3,2025-06-02,2025-06-10
60170,Riverside Teaching Hospital,M4,Psychiatric Interviewing & Mental Status Examination,Digital Workbook,60.8,63.9,Completed,22,3.8,1,6.1,2025-03-27,2025-04-18
60170,Riverside Teaching Hospital,M4,"Recognizing Depression, Anxiety & Suicide Risk",Digital Workbook,64.3,,In Progress,,3.1,1,2.2,2025-01-25,
60170,Riverside Teaching Hospital,M4,Trauma-Informed Care & Communication,Digital Workbook,57.0,64.6,Completed,15,2.9,1,4.7,2025-10-25,2025-11-09
60170,Riverside Teaching Hospital,M4,De-escalation Micro-Skills for Acute Distress,Gamified Microlearning,62.7,80.0,Completed,4,3.6,1,1.0,2025-07-08,2025-07-12
60170,Riverside Teaching Hospital,M4,Empathic Communication Quick Course,Gamified Microlearning,57.4,76.2,Completed,5,4.6,2,1.9,2025-06-26,2025-07-01
60170,Riverside Teaching Hospital,M4,Understanding Implicit Bias in Clinical Decision-Making,Digital Workbook,72.1,86.4,Completed,7,3.8,1,3.8,2025-01-22,2025-01-29
60170,Riverside Teaching Hospital,M4,Physician Wellness & Burnout Prevention,Teacher-Led Virtual,69.7,80.2,Completed,12,4.2,2,5.0,2025-02-20,2025-03-04
60171,University Health Partners,M4,Psychiatric Interviewing & Mental Status Examination,Digital Workbook,61.3,,Not Started,,,0,0.0,2025-10-06,
60171,University Health Partners,M4,"Recognizing Depression, Anxiety & Suicide Risk",Digital Workbook,56.3,61.8,Completed,9,3.1,1,5.6,2025-02-26,2025-03-07
60171,University Health Partners,M4,Trauma-Informed Care & Communication,Digital Workbook,55.5,64.4,Completed,16,3.5,1,5.3,2025-06-11,2025-06-27
60171,University Health Partners,M4,De-escalation Micro-Skills for Acute Distress,Gamified Microlearning,76.7,100.0,Completed,3,4.5,1,1.1,2025-02-24,2025-02-27
60171,University Health Partners,M4,Empathic Communication Quick Course,Gamified Microlearning,55.2,68.7,Completed,6,4.5,1,1.9,2025-10-15,2025-10-21
60171,University Health Partners,M4,Intro to Cognitive Behavioral Therapy for Primary Care,Teacher-Led Virtual,69.2,90.6,Completed,7,3.7,2,3.8,2025-10-31,2025-11-07
60171,University Health Partners,M4,Physician Wellness & Burnout Prevention,Teacher-Led Virtual,59.7,80.2,Completed,17,3.9,1,3.5,2025-03-30,2025-04-16
60172,Lakeside Medical Center,M2,Psychiatric Interviewing & Mental Status Examination,Digital Workbook,56.9,66.6,Completed,22,3.5,2,6.4,2025-09-22,2025-10-14
60172,Lakeside Medical Center,M2,"Recognizing Depression, Anxiety & Suicide Risk",Digital Workbook,44.4,61.4,Completed,30,3.0,3,5.0,2025-04-29,2025-05-29
60172,Lakeside Medical Center,M2,Trauma-Informed Care & Communication,Digital Workbook,65.0,,In Progress,,3.4,1,2.0,2025-11-01,
60172,Lakeside Medical Center,M2,De-escalation Micro-Skills for Acute Distress,Gamified Microlearning,66.0,83.8,Completed,2,4.8,2,0.9,2025-03-23,2025-03-25
60172,Lakeside Medical Center,M2,Empathic Communication Quick Course,Gamified Microlearning,49.9,62.1,Completed,4,4.5,3,1.9,2025-09-07,2025-09-11
60172,Lakeside Medical Center,M2,Peer Mentorship & Clinical Team Communication,Blended,45.1,57.8,Completed,14,4.9,3,6.4,2025-09-01,2025-09-15
60172,Lakeside Medical Center,M2,Physician Wellness & Burnout Prevention,Teacher-Led Virtual,57.4,66.7,Completed,8,4.0,1,4.8,2025-04-26,2025-05-04
60172,Lakeside Medical Center,M2,Intro to Cognitive Behavioral Therapy for Primary Care,Teacher-Led Virtual,77.3,95.6,Completed,11,3.8,2,3.6,2025-04-19,2025-04-30
60173,Lakeside Medical Center,M4,Psychiatric Interviewing & Mental Status Examination,Digital Workbook,60.6,56.1,Completed,10,2.9,2,5.2,2025-03-31,2025-04-10
60173,Lakeside Medical Center,M4,"Recognizing Depression, Anxiety & Suicide Risk",Digital Workbook,49.5,49.3,Completed,23,4.0,3,5.5,2025-07-20,2025-08-12
60173,Lakeside Medical Center,M4,Trauma-Informed Care & Communication,Digital Workbook,50.1,54.1,Completed,9,3.5,1,4.1,2025-08-30,2025-09-08
60173,Lakeside Medical Center,M4,De-escalation Micro-Skills for Acute Distress,Gamified Microlearning,42.8,51.8,Completed,3,5.0,3,1.3,2025-03-29,2025-04-01
60173,Lakeside Medical Center,M4,Empathic Communication Quick Course,Gamified Microlearning,57.3,70.2,Completed,2,3.8,1,1.4,2025-03-01,2025-03-03
60173,Lakeside Medical Center,M4,Intro to Cognitive Behavioral Therapy for Primary Care,Teacher-Led Virtual,45.0,54.5,Completed,10,4.1,3,3.7,2025-04-17,2025-04-27
60173,Lakeside Medical Center,M4,Peer Mentorship & Clinical Team Communication,Blended,55.4,62.9,Completed,24,3.6,3,6.0,2025-06-23,2025-07-17
60173,Lakeside Medical Center,M4,Motivational Interviewing Workshop,Blended,56.6,76.9,Completed,6,4.0,1,3.0,2025-01-27,2025-02-02
60174,Riverside Teaching Hospital,M2,Psychiatric Interviewing & Mental Status Examination,Digital Workbook,63.0,73.8,Completed,13,2.9,2,5.4,2025-08-19,2025-09-01
60174,Riverside Teaching Hospital,M2,"Recognizing Depression, Anxiety & Suicide Risk",Digital Workbook,61.2,74.3,Completed,22,2.7,1,5.8,2025-07-01,2025-07-23
60174,Riverside Teaching Hospital,M2,Trauma-Informed Care & Communication,Digital Workbook,62.1,58.4,Completed,14,3.4,2,5.3,2025-08-12,2025-08-26
60174,Riverside Teaching Hospital,M2,De-escalation Micro-Skills for Acute Distress,Gamified Microlearning,62.3,74.2,Completed,4,4.9,1,1.1,2025-09-17,2025-09-21
60174,Riverside Teaching Hospital,M2,Empathic Communication Quick Course,Gamified Microlearning,65.4,81.5,Completed,5,4.3,1,1.9,2025-02-17,2025-02-22
60174,Riverside Teaching Hospital,M2,Motivational Interviewing Workshop,Blended,57.2,86.6,Completed,10,3.9,1,2.9,2025-01-22,2025-02-01
60174,Riverside Teaching Hospital,M2,Understanding Implicit Bias in Clinical Decision-Making,Digital Workbook,58.1,71.9,Completed,5,3.8,1,3.7,2025-04-18,2025-04-23
60174,Riverside Teaching Hospital,M2,Peer Mentorship & Clinical Team Communication,Blended,78.1,,Dropped,,2.7,1,2.3,2025-01-31,
60175,University Health Partners,M1,Psychiatric Interviewing & Mental Status Examination,Digital Workbook,57.0,70.0,Completed,24,2.3,1,6.7,2025-02-26,2025-03-22
60175,University Health Partners,M1,"Recognizing Depression, Anxiety & Suicide Risk",Digital Workbook,69.0,72.4,Completed,25,2.9,3,5.0,2025-02-08,2025-03-05
60175,University Health Partners,M1,Trauma-Informed Care & Communication,Digital Workbook,79.5,,In Progress,,2.8,2,2.7,2025-04-25,
60175,University Health Partners,M1,De-escalation Micro-Skills for Acute Distress,Gamified Microlearning,49.6,70.4,Completed,2,5.0,1,1.2,2025-07-10,2025-07-12
60175,University Health Partners,M1,Empathic Communication Quick Course,Gamified Microlearning,61.2,79.2,Completed,8,3.6,1,1.5,2025-01-10,2025-01-18
60175,University Health Partners,M1,Motivational Interviewing Workshop,Blended,43.7,60.7,Completed,7,3.5,2,2.4,2025-06-20,2025-06-27
60175,University Health Partners,M1,Peer Mentorship & Clinical Team Communication,Blended,62.5,,Dropped,,2.7,2,2.3,2025-09-02,
60175,University Health Partners,M1,Understanding Implicit Bias in Clinical Decision-Making,Digital Workbook,66.3,83.1,Completed,9,3.4,3,2.7,2025-02-28,2025-03-09
60176,University Health Partners,M1,Psychiatric Interviewing & Mental Status Examination,Digital Workbook,68.4,,Dropped,,1.3,3,0.4,2025-07-17,
60176,University Health Partners,M1,"Recognizing Depression, Anxiety & Suicide Risk",Digital Workbook,46.6,,In Progress,,2.6,3,1.8,2025-11-03,
60176,University Health Partners,M1,Trauma-Informed Care & Communication,Digital Workbook,55.5,50.6,Completed,13,3.6,1,5.7,2025-10-23,2025-11-05
60176,University Health Partners,M1,De-escalation Micro-Skills for Acute Distress,Gamified Microlearning,56.6,76.8,Completed,2,5.0,2,1.0,2025-03-22,2025-03-24
60176,University Health Partners,M1,Empathic Communication Quick Course,Gamified Microlearning,59.4,74.9,Completed,3,4.6,1,1.6,2025-09-21,2025-09-24
60176,University Health Partners,M1,Peer Mentorship & Clinical Team Communication,Blended,29.8,38.8,Completed,10,4.4,2,7.6,2025-07-07,2025-07-17
60176,University Health Partners,M1,Understanding Implicit Bias in Clinical Decision-Making,Digital Workbook,40.7,56.2,Completed,14,3.6,1,3.8,2025-08-22,2025-09-05
60176,University Health Partners,M1,Intro to Cognitive Behavioral Therapy for Primary Care,Teacher-Led Virtual,62.5,76.5,Completed,10,4.6,1,2.8,2025-08-23,2025-09-02
60177,University Health Partners,M4,Psychiatric Interviewing & Mental Status Examination,Digital Workbook,49.8,,Not Started,,,0,0.0,2025-11-03,
60177,University Health Partners,M4,"Recognizing Depression, Anxiety & Suicide Risk",Digital Workbook,39.3,,In Progress,,2.8,2,2.6,2025-03-08,
60177,University Health Partners,M4,Trauma-Informed Care & Communication,Digital Workbook,37.6,36.1,Completed,14,3.2,2,5.3,2025-10-22,2025-11-05
60177,University Health Partners,M4,De-escalation Micro-Skills for Acute Distress,Gamified Microlearning,37.0,54.6,Completed,1,4.7,1,1.3,2025-08-15,2025-08-16
60177,University Health Partners,M4,Empathic Communication Quick Course,Gamified Microlearning,49.5,62.0,Completed,4,4.4,1,1.7,2025-11-14,2025-11-18
60177,University Health Partners,M4,Peer Mentorship & Clinical Team Communication,Blended,21.9,34.1,Completed,20,4.3,2,6.0,2025-07-28,2025-08-17
60177,University Health Partners,M4,Understanding Implicit Bias in Clinical Decision-Making,Digital Workbook,59.0,70.1,Completed,5,3.9,2,3.2,2025-02-09,2025-02-14
60178,Meridian Main Campus,M2,Psychiatric Interviewing & Mental Status Examination,Digital Workbook,58.2,,Not Started,,,0,0.0,2025-05-04,
60178,Meridian Main Campus,M2,"Recognizing Depression, Anxiety & Suicide Risk",Digital Workbook,59.9,,In Progress,,2.8,2,1.8,2025-07-20,
60178,Meridian Main Campus,M2,Trauma-Informed Care & Communication,Digital Workbook,64.9,67.9,Completed,15,3.7,1,3.9,2025-10-07,2025-10-22
60178,Meridian Main Campus,M2,De-escalation Micro-Skills for Acute Distress,Gamified Microlearning,64.0,85.4,Completed,2,4.0,1,1.0,2025-06-19,2025-06-21
60178,Meridian Main Campus,M2,Empathic Communication Quick Course,Gamified Microlearning,80.5,100.0,Completed,5,4.9,1,1.9,2025-08-05,2025-08-10
60178,Meridian Main Campus,M2,Intro to Cognitive Behavioral Therapy for Primary Care,Teacher-Led Virtual,52.2,70.3,Completed,8,3.9,1,3.3,2025-06-13,2025-06-21
60178,Meridian Main Campus,M2,Motivational Interviewing Workshop,Blended,68.5,91.5,Completed,4,4.2,1,2.9,2025-07-27,2025-07-31
60178,Meridian Main Campus,M2,Physician Wellness & Burnout Prevention,Teacher-Led Virtual,65.6,76.1,Completed,11,4.6,1,4.7,2025-01-29,2025-02-09
60179,University Health Partners,M1,Psychiatric Interviewing & Mental Status Examination,Digital Workbook,73.7,,Dropped,,1.9,1,1.6,2025-05-28,
60179,University Health Partners,M1,"Recognizing Depression, Anxiety & Suicide Risk",Digital Workbook,67.5,77.3,Completed,9,3.0,2,7.0,2025-04-02,2025-04-11
60179,University Health Partners,M1,Trauma-Informed Care & Communication,Digital Workbook,51.9,57.5,Completed,16,3.1,3,5.3,2025-11-17,2025-12-03
60179,University Health Partners,M1,De-escalation Micro-Skills for Acute Distress,Gamified Microlearning,51.9,68.5,Completed,3,4.0,1,1.2,2025-10-12,2025-10-15
60179,University Health Partners,M1,Empathic Communication Quick Course,Gamified Microlearning,60.7,80.4,Completed,5,4.0,1,1.5,2025-04-29,2025-05-04
60179,University Health Partners,M1,Physician Wellness & Burnout Prevention,Teacher-Led Virtual,65.5,,In Progress,,2.8,1,1.5,2025-04-30,
60179,University Health Partners,M1,Intro to Cognitive Behavioral Therapy for Primary Care,Teacher-Led Virtual,61.6,79.9,Completed,10,4.1,1,3.7,2025-08-22,2025-09-01
60180,Lakeside Medical Center,M4,Psychiatric Interviewing & Mental Status Examination,Digital Workbook,55.0,,In Progress,,1.9,3,3.0,2025-08-17,
60180,Lakeside Medical Center,M4,"Recognizing Depression, Anxiety & Suicide Risk",Digital Workbook,66.5,75.8,Completed,19,2.6,1,6.1,2025-03-12,2025-03-31
60180,Lakeside Medical Center,M4,Trauma-Informed Care & Communication,Digital Workbook,57.0,52.5,Completed,8,3.0,2,3.9,2025-09-02,2025-09-10
60180,Lakeside Medical Center,M4,De-escalation Micro-Skills for Acute Distress,Gamified Microlearning,72.4,82.1,Completed,2,4.7,1,1.1,2025-10-04,2025-10-06
60180,Lakeside Medical Center,M4,Empathic Communication Quick Course,Gamified Microlearning,64.1,81.1,Completed,5,4.9,2,1.3,2025-06-17,2025-06-22
60180,Lakeside Medical Center,M4,Understanding Implicit Bias in Clinical Decision-Making,Digital Workbook,48.1,,Dropped,,2.0,1,0.6,2025-02-14,
60180,Lakeside Medical Center,M4,Physician Wellness & Burnout Prevention,Teacher-Led Virtual,55.5,71.8,Completed,8,4.1,1,4.5,2025-04-17,2025-04-25
60181,Riverside Teaching Hospital,M2,Psychiatric Interviewing & Mental Status Examination,Digital Workbook,54.7,65.7,Completed,19,2.7,2,7.7,2025-11-02,2025-11-21
60181,Riverside Teaching Hospital,M2,"Recognizing Depression, Anxiety & Suicide Risk",Digital Workbook,62.0,70.2,Completed,15,3.4,2,4.7,2025-09-05,2025-09-20
60181,Riverside Teaching Hospital,M2,Trauma-Informed Care & Communication,Digital Workbook,46.7,,In Progress,,2.3,1,2.3,2025-04-06,
60181,Riverside Teaching Hospital,M2,De-escalation Micro-Skills for Acute Distress,Gamified Microlearning,61.5,83.7,Completed,2,4.1,2,1.0,2025-07-12,2025-07-14
60181,Riverside Teaching Hospital,M2,Empathic Communication Quick Course,Gamified Microlearning,58.4,76.5,Completed,1,4.7,1,1.8,2025-08-27,2025-08-28
60181,Riverside Teaching Hospital,M2,Peer Mentorship & Clinical Team Communication,Blended,46.0,57.7,Completed,25,4.0,3,5.5,2025-10-13,2025-11-07
60181,Riverside Teaching Hospital,M2,Understanding Implicit Bias in Clinical Decision-Making,Digital Workbook,48.4,53.8,Completed,13,3.6,2,3.4,2025-03-19,2025-04-01
60181,Riverside Teaching Hospital,M2,Intro to Cognitive Behavioral Therapy for Primary Care,Teacher-Led Virtual,61.6,76.1,Completed,8,3.5,2,3.7,2025-03-07,2025-03-15
60182,Riverside Teaching Hospital,M3,Psychiatric Interviewing & Mental Status Examination,Digital Workbook,37.3,,In Progress,,2.7,3,1.7,2025-09-06,
60182,Riverside Teaching Hospital,M3,"Recognizing Depression, Anxiety & Suicide Risk",Digital Workbook,47.6,,Dropped,,1.8,2,0.7,2025-05-09,
60182,Riverside Teaching Hospital,M3,Trauma-Informed Care & Communication,Digital Workbook,27.0,26.0,Completed,8,3.4,3,4.6,2025-02-12,2025-02-20
60182,Riverside Teaching Hospital,M3,De-escalation Micro-Skills for Acute Distress,Gamified Microlearning,35.5,42.5,Completed,4,4.6,1,1.1,2025-02-10,2025-02-14
60182,Riverside Teaching Hospital,M3,Empathic Communication Quick Course,Gamified Microlearning,20.4,37.4,Completed,5,4.5,2,1.7,2025-03-17,2025-03-22
60182,Riverside Teaching Hospital,M3,Physician Wellness & Burnout Prevention,Teacher-Led Virtual,43.7,52.5,Completed,18,3.6,3,3.8,2025-03-18,2025-04-05
60183,Riverside Teaching Hospital,M1,Psychiatric Interviewing & Mental Status Examination,Digital Workbook,57.1,72.7,Completed,19,4.1,3,6.8,2025-11-12,2025-12-01
60183,Riverside Teaching Hospital,M1,"Recognizing Depression, Anxiety & Suicide Risk",Digital Workbook,55.4,51.9,Completed,8,3.2,1,6.5,2025-01-09,2025-01-17
60183,Riverside Teaching Hospital,M1,Trauma-Informed Care & Communication,Digital Workbook,66.0,78.3,Completed,9,3.1,3,4.2,2025-08-21,2025-08-30
60183,Riverside Teaching Hospital,M1,De-escalation Micro-Skills for Acute Distress,Gamified Microlearning,61.5,81.5,Completed,2,4.3,1,1.0,2025-05-07,2025-05-09
60183,Riverside Teaching Hospital,M1,Empathic Communication Quick Course,Gamified Microlearning,65.4,81.0,Completed,3,4.2,1,1.9,2025-03-23,2025-03-26
60183,Riverside Teaching Hospital,M1,Intro to Cognitive Behavioral Therapy for Primary Care,Teacher-Led Virtual,67.0,84.9,Completed,11,4.3,3,3.4,2025-03-11,2025-03-22
60183,Riverside Teaching Hospital,M1,Understanding Implicit Bias in Clinical Decision-Making,Digital Workbook,51.4,68.3,Completed,8,3.3,2,3.2,2025-08-01,2025-08-09
60183,Riverside Teaching Hospital,M1,Peer Mentorship & Clinical Team Communication,Blended,65.2,79.2,Completed,8,3.8,3,7.4,2025-11-07,2025-11-15
60184,Meridian Main Campus,M3,Psychiatric Interviewing & Mental Status Examination,Digital Workbook,71.3,78.3,Completed,28,3.4,2,6.2,2025-04-27,2025-05-25
60184,Meridian Main Campus,M3,"Recognizing Depression, Anxiety & Suicide Risk",Digital Workbook,46.5,46.2,Completed,21,3.4,3,5.3,2025-07-01,2025-07-22
60184,Meridian Main Campus,M3,Trauma-Informed Care & Communication,Digital Workbook,60.5,62.1,Completed,13,2.6,1,5.0,2025-09-21,2025-10-04
60184,Meridian Main Campus,M3,De-escalation Micro-Skills for Acute Distress,Gamified Microlearning,53.6,68.9,Completed,4,4.3,3,1.3,2025-01-30,2025-02-03
60184,Meridian Main Campus,M3,Empathic Communication Quick Course,Gamified Microlearning,62.7,79.5,Completed,5,4.5,1,1.4,2025-01-26,2025-01-31
60184,Meridian Main Campus,M3,Physician Wellness & Burnout Prevention,Teacher-Led Virtual,61.0,79.7,Completed,14,3.7,2,4.1,2025-04-29,2025-05-13
60185,University Health Partners,M1,Psychiatric Interviewing & Mental Status Examination,Digital Workbook,63.0,,In Progress,,2.5,1,3.5,2025-11-17,
60185,University Health Partners,M1,"Recognizing Depression, Anxiety & Suicide Risk",Digital Workbook,66.5,76.2,Completed,16,3.4,1,4.9,2025-10-13,2025-10-29
60185,University Health Partners,M1,Trauma-Informed Care & Communication,Digital Workbook,73.1,86.6,Completed,15,3.0,1,3.9,2025-09-13,2025-09-28
60185,University Health Partners,M1,De-escalation Micro-Skills for Acute Distress,Gamified Microlearning,79.7,94.1,Completed,3,4.5,2,1.2,2025-05-12,2025-05-15
60185,University Health Partners,M1,Empathic Communication Quick Course,Gamified Microlearning,76.8,100.0,Completed,5,4.2,1,1.9,2025-05-14,2025-05-19
60185,University Health Partners,M1,Motivational Interviewing Workshop,Blended,64.4,79.2,Completed,5,4.3,2,2.4,2025-01-30,2025-02-04
60186,Meridian Main Campus,M3,Psychiatric Interviewing & Mental Status Examination,Digital Workbook,66.0,76.9,Completed,18,2.9,2,6.6,2025-01-23,2025-02-10
60186,Meridian Main Campus,M3,"Recognizing Depression, Anxiety & Suicide Risk",Digital Workbook,80.0,92.0,Completed,11,3.8,2,6.7,2025-02-27,2025-03-10
60186,Meridian Main Campus,M3,Trauma-Informed Care & Communication,Digital Workbook,73.7,81.5,Completed,14,2.6,1,5.4,2025-04-25,2025-05-09
60186,Meridian Main Campus,M3,De-escalation Micro-Skills for Acute Distress,Gamified Microlearning,55.9,71.4,Completed,1,4.2,1,1.0,2025-08-14,2025-08-15
60186,Meridian Main Campus,M3,Empathic Communication Quick Course,Gamified Microlearning,70.2,92.9,Completed,6,4.8,1,1.6,2025-02-03,2025-02-09
60186,Meridian Main Campus,M3,Understanding Implicit Bias in Clinical Decision-Making,Digital Workbook,73.1,95.3,Completed,4,3.7,2,3.8,2025-07-04,2025-07-08
60186,Meridian Main Campus,M3,Physician Wellness & Burnout Prevention,Teacher-Led Virtual,51.6,,Dropped,,2.9,2,0.7,2025-03-27,
60186,Meridian Main Campus,M3,Peer Mentorship & Clinical Team Communication,Blended,56.6,,In Progress,,3.9,2,3.2,2025-03-20,
60187,Community Health Institute,M3,Psychiatric Interviewing & Mental Status Examination,Digital Workbook,47.1,52.4,Completed,14,3.6,2,6.4,2025-02-01,2025-02-15
60187,Community Health Institute,M3,"Recognizing Depression, Anxiety & Suicide Risk",Digital Workbook,54.0,,In Progress,,2.6,2,1.6,2025-09-10,
60187,Community Health Institute,M3,Trauma-Informed Care & Communication,Digital Workbook,49.3,,Not Started,,,0,0.0,2025-04-07,
60187,Community Health Institute,M3,De-escalation Micro-Skills for Acute Distress,Gamified Microlearning,56.6,69.8,Completed,3,4.4,1,1.0,2025-02-06,2025-02-09
60187,Community Health Institute,M3,Empathic Communication Quick Course,Gamified Microlearning,49.7,66.9,Completed,4,4.5,2,1.6,2025-09-21,2025-09-25
60187,Community Health Institute,M3,Understanding Implicit Bias in Clinical Decision-Making,Digital Workbook,57.9,67.7,Completed,8,3.2,2,3.1,2025-05-30,2025-06-07
60187,Community Health Institute,M3,Intro to Cognitive Behavioral Therapy for Primary Care,Teacher-Led Virtual,55.0,78.0,Completed,10,4.1,2,2.7,2025-06-15,2025-06-25
60187,Community Health Institute,M3,Motivational Interviewing Workshop,Blended,48.9,66.2,Completed,8,4.6,1,2.6,2025-09-14,2025-09-22
60188,Community Health Institute,M3,Psychiatric Interviewing & Mental Status Examination,Digital Workbook,51.8,,In Progress,,2.6,1,2.9,2025-11-07,
60188,Community Health Institute,M3,"Recognizing Depression, Anxiety & Suicide Risk",Digital Workbook,65.7,73.4,Completed,21,3.3,3,5.3,2025-08-29,2025-09-19
60188,Community Health Institute,M3,Trauma-Informed Care & Communication,Digital Workbook,69.9,78.4,Completed,4,3.5,1,4.2,2025-06-07,2025-06-11
60188,Community Health Institute,M3,De-escalation Micro-Skills for Acute Distress,Gamified Microlearning,65.7,68.4,Completed,2,4.6,1,1.1,2025-06-25,2025-06-27
60188,Community Health Institute,M3,Empathic Communication Quick Course,Gamified Microlearning,46.9,64.9,Completed,3,4.3,2,1.8,2025-03-13,2025-03-16
60188,Community Health Institute,M3,Motivational Interviewing Workshop,Blended,43.9,58.6,Completed,6,3.8,1,2.9,2025-08-21,2025-08-27
60188,Community Health Institute,M3,Peer Mentorship & Clinical Team Communication,Blended,67.7,81.8,Completed,19,4.1,1,6.6,2025-05-21,2025-06-09
60189,University Health Partners,M3,Psychiatric Interviewing & Mental Status Examination,Digital Workbook,56.0,60.4,Completed,22,3.0,2,5.9,2025-01-29,2025-02-20
60189,University Health Partners,M3,"Recognizing Depression, Anxiety & Suicide Risk",Digital Workbook,64.4,67.6,Completed,24,3.2,1,5.1,2025-10-14,2025-11-07
60189,University Health Partners,M3,Trauma-Informed Care & Communication,Digital Workbook,78.5,88.6,Completed,6,3.1,3,5.6,2025-07-25,2025-07-31
60189,University Health Partners,M3,De-escalation Micro-Skills for Acute Distress,Gamified Microlearning,48.8,68.0,Completed,1,4.1,1,0.9,2025-02-18,2025-02-19
60189,University Health Partners,M3,Empathic Communication Quick Course,Gamified Microlearning,73.9,91.0,Completed,5,4.9,1,1.9,2025-02-10,2025-02-15
60189,University Health Partners,M3,Peer Mentorship & Clinical Team Communication,Blended,64.3,,Not Started,,,0,0.0,2025-11-10,
60189,University Health Partners,M3,Intro to Cognitive Behavioral Therapy for Primary Care,Teacher-Led Virtual,56.5,67.1,Completed,12,4.3,1,3.3,2025-09-18,2025-09-30
60189,University Health Partners,M3,Physician Wellness & Burnout Prevention,Teacher-Led Virtual,64.9,78.5,Completed,17,4.5,3,5.2,2025-08-29,2025-09-15
60190,Community Health Institute,M1,Psychiatric Interviewing & Mental Status Examination,Digital Workbook,60.4,81.5,Completed,25,4.0,2,6.3,2025-02-21,2025-03-18
60190,Community Health Institute,M1,"Recognizing Depression, Anxiety & Suicide Risk",Digital Workbook,65.7,68.4,Completed,19,3.5,2,5.5,2025-01-28,2025-02-16
60190,Community Health Institute,M1,Trauma-Informed Care & Communication,Digital Workbook,46.4,53.8,Completed,11,3.3,2,4.2,2025-02-26,2025-03-09
60190,Community Health Institute,M1,De-escalation Micro-Skills for Acute Distress,Gamified Microlearning,61.9,90.4,Completed,1,4.6,2,1.0,2025-04-08,2025-04-09
60190,Community Health Institute,M1,Empathic Communication Quick Course,Gamified Microlearning,54.8,64.5,Completed,1,4.8,2,1.5,2025-03-01,2025-03-02
60190,Community Health Institute,M1,Understanding Implicit Bias in Clinical Decision-Making,Digital Workbook,45.8,51.4,Completed,9,3.9,2,2.8,2025-04-21,2025-04-30
60190,Community Health Institute,M1,Motivational Interviewing Workshop,Blended,50.5,62.5,Completed,9,5.0,2,2.4,2025-05-17,2025-05-26
60190,Community Health Institute,M1,Peer Mentorship & Clinical Team Communication,Blended,56.8,75.9,Completed,10,3.9,2,7.4,2025-11-13,2025-11-23
60191,Meridian Main Campus,M3,Psychiatric Interviewing & Mental Status Examination,Digital Workbook,54.6,58.7,Completed,12,2.4,3,5.3,2025-06-24,2025-07-06
60191,Meridian Main Campus,M3,"Recognizing Depression, Anxiety & Suicide Risk",Digital Workbook,60.1,,In Progress,,2.1,2,3.5,2025-11-16,
60191,Meridian Main Campus,M3,Trauma-Informed Care & Communication,Digital Workbook,67.4,,In Progress,,2.5,2,1.9,2025-05-03,
60191,Meridian Main Campus,M3,De-escalation Micro-Skills for Acute Distress,Gamified Microlearning,60.6,78.2,Completed,2,3.8,1,0.9,2025-08-19,2025-08-21
60191,Meridian Main Campus,M3,Empathic Communication Quick Course,Gamified Microlearning,63.2,87.2,Completed,4,4.1,1,1.6,2025-04-30,2025-05-04
60191,Meridian Main Campus,M3,Understanding Implicit Bias in Clinical Decision-Making,Digital Workbook,55.7,63.0,Completed,11,3.7,1,2.7,2025-09-12,2025-09-23
60191,Meridian Main Campus,M3,Intro to Cognitive Behavioral Therapy for Primary Care,Teacher-Led Virtual,57.3,,Not Started,,,0,0.0,2025-02-26,
60192,Community Health Institute,M1,Psychiatric Interviewing & Mental Status Examination,Digital Workbook,58.5,75.5,Completed,28,2.9,1,7.2,2025-08-07,2025-09-04
60192,Community Health Institute,M1,"Recognizing Depression, Anxiety & Suicide Risk",Digital Workbook,54.6,,Dropped,,1.9,2,1.0,2025-04-21,
60192,Community Health Institute,M1,Trauma-Informed Care & Communication,Digital Workbook,59.2,61.1,Completed,15,2.8,1,4.5,2025-05-18,2025-06-02
60192,Community Health Institute,M1,De-escalation Micro-Skills for Acute Distress,Gamified Microlearning,69.2,87.2,Completed,3,4.8,1,1.2,2025-10-21,2025-10-24
60192,Community Health Institute,M1,Empathic Communication Quick Course,Gamified Microlearning,72.1,91.3,Completed,5,4.3,1,1.4,2025-04-13,2025-04-18
60192,Community Health Institute,M1,Intro to Cognitive Behavioral Therapy for Primary Care,Teacher-Led Virtual,70.3,90.0,Completed,5,3.4,1,3.2,2025-03-23,2025-03-28
60192,Community Health Institute,M1,Physician Wellness & Burnout Prevention,Teacher-Led Virtual,46.6,63.1,Completed,8,4.1,2,4.3,2025-04-13,2025-04-21
60193,Meridian Main Campus,M3,Psychiatric Interviewing & Mental Status Examination,Digital Workbook,57.9,,In Progress,,2.5,1,3.8,2025-02-17,
60193,Meridian Main Campus,M3,"Recognizing Depression, Anxiety & Suicide Risk",Digital Workbook,75.8,,In Progress,,2.6,2,2.6,2025-04-01,
60193,Meridian Main Campus,M3,Trauma-Informed Care & Communication,Digital Workbook,63.1,73.1,Completed,15,3.6,1,5.1,2025-03-14,2025-03-29
60193,Meridian Main Campus,M3,De-escalation Micro-Skills for Acute Distress,Gamified Microlearning,64.2,85.3,Completed,2,4.0,3,1.1,2025-01-31,2025-02-02
60193,Meridian Main Campus,M3,Empathic Communication Quick Course,Gamified Microlearning,74.9,89.3,Completed,4,4.7,1,1.7,2025-03-18,2025-03-22
60193,Meridian Main Campus,M3,Physician Wellness & Burnout Prevention,Teacher-Led Virtual,78.9,,Dropped,,2.1,2,0.5,2025-03-20,
60193,Meridian Main Campus,M3,Understanding Implicit Bias in Clinical Decision-Making,Digital Workbook,60.8,73.3,Completed,3,4.3,1,2.8,2025-11-01,2025-11-04
60193,Meridian Main Campus,M3,Intro to Cognitive Behavioral Therapy for Primary Care,Teacher-Led Virtual,57.8,69.7,Completed,10,4.2,2,3.4,2025-06-14,2025-06-24
60194,Lakeside Medical Center,M3,Psychiatric Interviewing & Mental Status Examination,Digital Workbook,83.4,95.1,Completed,24,3.5,2,5.8,2025-01-29,2025-02-22
60194,Lakeside Medical Center,M3,"Recognizing Depression, Anxiety & Suicide Risk",Digital Workbook,70.5,75.6,Completed,21,3.0,2,5.3,2025-10-12,2025-11-02
60194,Lakeside Medical Center,M3,Trauma-Informed Care & Communication,Digital Workbook,58.7,66.0,Completed,17,3.1,1,4.2,2025-05-18,2025-06-04
60194,Lakeside Medical Center,M3,De-escalation Micro-Skills for Acute Distress,Gamified Microlearning,70.5,84.7,Completed,4,4.0,2,0.9,2025-10-24,2025-10-28
60194,Lakeside Medical Center,M3,Empathic Communication Quick Course,Gamified Microlearning,61.1,77.4,Completed,4,4.3,1,1.8,2025-10-10,2025-10-14
60194,Lakeside Medical Center,M3,Understanding Implicit Bias in Clinical Decision-Making,Digital Workbook,71.0,82.8,Completed,5,3.7,3,3.0,2025-01-29,2025-02-03
60194,Lakeside Medical Center,M3,Peer Mentorship & Clinical Team Communication,Blended,80.8,100.0,Completed,14,4.1,2,6.3,2025-06-18,2025-07-02
60194,Lakeside Medical Center,M3,Physician Wellness & Burnout Prevention,Teacher-Led Virtual,78.3,99.9,Completed,14,4.7,1,4.9,2025-10-15,2025-10-29
60195,University Health Partners,M2,Psychiatric Interviewing & Mental Status Examination,Digital Workbook,59.4,59.3,Completed,18,3.3,2,5.7,2025-01-22,2025-02-09
60195,University Health Partners,M2,"Recognizing Depression, Anxiety & Suicide Risk",Digital Workbook,48.0,45.6,Completed,20,3.1,2,6.9,2025-11-14,2025-12-04
60195,University Health Partners,M2,Trauma-Informed Care & Communication,Digital Workbook,54.7,,Dropped,,2.1,2,1.5,2025-10-29,
60195,University Health Partners,M2,De-escalation Micro-Skills for Acute Distress,Gamified Microlearning,49.8,66.9,Completed,2,5.0,1,1.0,2025-04-18,2025-04-20
60195,University Health Partners,M2,Empathic Communication Quick Course,Gamified Microlearning,56.8,69.6,Completed,3,4.2,2,1.5,2025-05-18,2025-05-21
60195,University Health Partners,M2,Physician Wellness & Burnout Prevention,Teacher-Led Virtual,48.3,57.8,Completed,21,3.7,2,4.1,2025-08-11,2025-09-01
60195,University Health Partners,M2,Peer Mentorship & Clinical Team Communication,Blended,60.2,73.9,Completed,20,4.7,2,6.9,2025-03-27,2025-04-16
60196,Community Health Institute,M1,Psychiatric Interviewing & Mental Status Examination,Digital Workbook,46.5,61.9,Completed,16,2.7,1,7.5,2025-01-31,2025-02-16
60196,Community Health Institute,M1,"Recognizing Depression, Anxiety & Suicide Risk",Digital Workbook,83.0,90.2,Completed,14,3.6,1,6.0,2025-06-11,2025-06-25
60196,Community Health Institute,M1,Trauma-Informed Care & Communication,Digital Workbook,56.5,60.1,Completed,13,2.6,1,5.4,2025-08-30,2025-09-12
60196,Community Health Institute,M1,De-escalation Micro-Skills for Acute Distress,Gamified Microlearning,61.4,80.7,Completed,2,5.0,2,0.9,2025-01-22,2025-01-24
60196,Community Health Institute,M1,Empathic Communication Quick Course,Gamified Microlearning,68.8,80.3,Completed,3,5.0,3,1.4,2025-07-27,2025-07-30
60196,Community Health Institute,M1,Intro to Cognitive Behavioral Therapy for Primary Care,Teacher-Led Virtual,58.4,69.9,Completed,8,3.3,2,3.2,2025-03-12,2025-03-20
60196,Community Health Institute,M1,Physician Wellness & Burnout Prevention,Teacher-Led Virtual,66.6,82.9,Completed,7,3.9,1,4.8,2025-05-03,2025-05-10
60197,Meridian Main Campus,M3,Psychiatric Interviewing & Mental Status Examination,Digital Workbook,55.4,58.3,Completed,21,3.1,2,7.6,2025-03-25,2025-04-15
60197,Meridian Main Campus,M3,"Recognizing Depression, Anxiety & Suicide Risk",Digital Workbook,66.3,,In Progress,,2.2,1,1.5,2025-09-22,
60197,Meridian Main Campus,M3,Trauma-Informed Care & Communication,Digital Workbook,62.4,67.8,Completed,15,3.7,3,4.4,2025-05-28,2025-06-12
60197,Meridian Main Campus,M3,De-escalation Micro-Skills for Acute Distress,Gamified Microlearning,53.4,67.1,Completed,1,4.5,2,1.0,2025-07-11,2025-07-12
60197,Meridian Main Campus,M3,Empathic Communication Quick Course,Gamified Microlearning,56.0,63.1,Completed,5,4.3,2,1.6,2025-09-02,2025-09-07
60197,Meridian Main Campus,M3,Understanding Implicit Bias in Clinical Decision-Making,Digital Workbook,47.1,48.0,Completed,12,3.3,3,3.2,2025-10-16,2025-10-28
60197,Meridian Main Campus,M3,Intro to Cognitive Behavioral Therapy for Primary Care,Teacher-Led Virtual,61.2,,Dropped,,2.2,2,0.6,2025-09-10,
60198,Lakeside Medical Center,M4,Psychiatric Interviewing & Mental Status Examination,Digital Workbook,54.9,71.0,Completed,22,3.3,2,7.1,2025-03-28,2025-04-19
60198,Lakeside Medical Center,M4,"Recognizing Depression, Anxiety & Suicide Risk",Digital Workbook,57.6,67.1,Completed,12,3.2,3,5.4,2025-06-06,2025-06-18
60198,Lakeside Medical Center,M4,Trauma-Informed Care & Communication,Digital Workbook,68.6,72.5,Completed,15,3.7,2,4.1,2025-08-12,2025-08-27
60198,Lakeside Medical Center,M4,De-escalation Micro-Skills for Acute Distress,Gamified Microlearning,63.7,83.0,Completed,3,3.8,1,1.3,2025-05-03,2025-05-06
60198,Lakeside Medical Center,M4,Empathic Communication Quick Course,Gamified Microlearning,62.9,81.2,Completed,1,4.1,1,1.5,2025-01-06,2025-01-07
60198,Lakeside Medical Center,M4,Motivational Interviewing Workshop,Blended,69.0,92.1,Completed,8,4.3,2,2.4,2025-02-19,2025-02-27
60198,Lakeside Medical Center,M4,Physician Wellness & Burnout Prevention,Teacher-Led Virtual,61.6,71.8,Completed,6,4.1,2,3.7,2025-03-13,2025-03-19
60199,University Health Partners,M3,Psychiatric Interviewing & Mental Status Examination,Digital Workbook,57.5,,Not Started,,,0,0.0,2025-07-19,
60199,University Health Partners,M3,"Recognizing Depression, Anxiety & Suicide Risk",Digital Workbook,57.9,60.8,Completed,15,3.1,2,6.8,2025-10-07,2025-10-22
60199,University Health Partners,M3,Trauma-Informed Care & Communication,Digital Workbook,58.2,,Not Started,,,0,0.0,2025-04-05,
60199,University Health Partners,M3,De-escalation Micro-Skills for Acute Distress,Gamified Microlearning,51.1,76.1,Completed,3,4.7,1,1.0,2025-08-31,2025-09-03
60199,University Health Partners,M3,Empathic Communication Quick Course,Gamified Microlearning,54.3,69.1,Completed,4,4.7,1,1.7,2025-04-18,2025-04-22
60199,University Health Partners,M3,Motivational Interviewing Workshop,Blended,57.3,76.4,Completed,10,4.6,1,2.4,2025-11-10,2025-11-20
60200,University Health Partners,M3,Psychiatric Interviewing & Mental Status Examination,Digital Workbook,41.6,,In Progress,,2.7,2,2.5,2025-10-28,
60200,University Health Partners,M3,"Recognizing Depression, Anxiety & Suicide Risk",Digital Workbook,32.6,,Not Started,,,0,0.0,2025-03-20,
60200,University Health Partners,M3,Trauma-Informed Care & Communication,Digital Workbook,37.6,41.8,Completed,8,2.8,3,5.2,2025-05-06,2025-05-14
60200,University Health Partners,M3,De-escalation Micro-Skills for Acute Distress,Gamified Microlearning,55.2,65.8,Completed,3,3.9,2,1.3,2025-08-18,2025-08-21
60200,University Health Partners,M3,Empathic Communication Quick Course,Gamified Microlearning,58.7,69.4,Completed,4,4.0,2,1.4,2025-10-18,2025-10-22
60200,University Health Partners,M3,Motivational Interviewing Workshop,Blended,34.0,50.6,Completed,9,4.1,1,2.6,2025-06-06,2025-06-15
60201,Riverside Teaching Hospital,M1,Psychiatric Interviewing & Mental Status Examination,Digital Workbook,63.4,,Not Started,,,0,0.0,2025-07-27,
60201,Riverside Teaching Hospital,M1,"Recognizing Depression, Anxiety & Suicide Risk",Digital Workbook,60.2,75.0,Completed,18,3.4,2,6.7,2025-03-09,2025-03-27
60201,Riverside Teaching Hospital,M1,Trauma-Informed Care & Communication,Digital Workbook,79.1,91.3,Completed,10,3.0,1,4.3,2025-10-20,2025-10-30
60201,Riverside Teaching Hospital,M1,De-escalation Micro-Skills for Acute Distress,Gamified Microlearning,68.2,91.8,Completed,5,4.3,1,0.9,2025-07-08,2025-07-13
60201,Riverside Teaching Hospital,M1,Empathic Communication Quick Course,Gamified Microlearning,65.3,87.6,Completed,4,4.0,2,1.8,2025-09-07,2025-09-11
60201,Riverside Teaching Hospital,M1,Intro to Cognitive Behavioral Therapy for Primary Care,Teacher-Led Virtual,52.7,79.4,Completed,12,4.1,2,3.5,2025-04-21,2025-05-03
60201,Riverside Teaching Hospital,M1,Peer Mentorship & Clinical Team Communication,Blended,67.8,95.0,Completed,24,4.3,1,6.7,2025-01-31,2025-02-24
60202,Community Health Institute,M1,Psychiatric Interviewing & Mental Status Examination,Digital Workbook,70.2,,Dropped,,1.9,1,0.3,2025-03-08,
60202,Community Health Institute,M1,"Recognizing Depression, Anxiety & Suicide Risk",Digital Workbook,64.6,73.2,Completed,11,3.3,2,4.8,2025-04-19,2025-04-30
60202,Community Health Institute,M1,Trauma-Informed Care & Communication,Digital Workbook,73.4,87.7,Completed,21,2.8,2,4.4,2025-06-25,2025-07-16
60202,Community Health Institute,M1,De-escalation Micro-Skills for Acute Distress,Gamified Microlearning,88.0,100.0,Completed,1,4.8,2,1.2,2025-05-25,2025-05-26
60202,Community Health Institute,M1,Empathic Communication Quick Course,Gamified Microlearning,55.1,66.8,Completed,4,4.8,3,1.5,2025-03-03,2025-03-07
60202,Community Health Institute,M1,Understanding Implicit Bias in Clinical Decision-Making,Digital Workbook,45.8,61.5,Completed,6,3.2,1,2.6,2025-05-28,2025-06-03
60202,Community Health Institute,M1,Intro to Cognitive Behavioral Therapy for Primary Care,Teacher-Led Virtual,72.2,91.1,Completed,11,4.0,1,3.5,2025-08-30,2025-09-10
60203,Lakeside Medical Center,M2,Psychiatric Interviewing & Mental Status Examination,Digital Workbook,41.1,59.7,Completed,27,3.2,1,5.8,2025-08-23,2025-09-19
60203,Lakeside Medical Center,M2,"Recognizing Depression, Anxiety & Suicide Risk",Digital Workbook,68.0,81.1,Completed,18,3.2,2,6.2,2025-02-15,2025-03-05
60203,Lakeside Medical Center,M2,Trauma-Informed Care & Communication,Digital Workbook,44.4,,In Progress,,3.3,1,2.1,2025-04-23,
60203,Lakeside Medical Center,M2,De-escalation Micro-Skills for Acute Distress,Gamified Microlearning,56.4,79.9,Completed,2,4.0,2,1.0,2025-11-09,2025-11-11
60203,Lakeside Medical Center,M2,Empathic Communication Quick Course,Gamified Microlearning,58.1,72.5,Completed,6,4.3,1,1.3,2025-03-23,2025-03-29
60203,Lakeside Medical Center,M2,Motivational Interviewing Workshop,Blended,60.1,74.2,Completed,5,4.4,2,2.7,2025-07-07,2025-07-12
60204,University Health Partners,M1,Psychiatric Interviewing & Mental Status Examination,Digital Workbook,67.8,,In Progress,,3.2,1,2.1,2025-08-20,
60204,University Health Partners,M1,"Recognizing Depression, Anxiety & Suicide Risk",Digital Workbook,53.8,,In Progress,,2.5,2,2.7,2025-02-05,
60204,University Health Partners,M1,Trauma-Informed Care & Communication,Digital Workbook,66.3,77.0,Completed,14,3.2,1,4.6,2025-09-01,2025-09-15
60204,University Health Partners,M1,De-escalation Micro-Skills for Acute Distress,Gamified Microlearning,63.0,77.7,Completed,2,4.6,1,0.9,2025-09-26,2025-09-28
60204,University Health Partners,M1,Empathic Communication Quick Course,Gamified Microlearning,56.8,87.0,Completed,7,4.6,2,1.7,2025-03-08,2025-03-15
60204,University Health Partners,M1,Motivational Interviewing Workshop,Blended,53.5,73.7,Completed,6,4.1,2,2.6,2025-05-10,2025-05-16
60204,University Health Partners,M1,Understanding Implicit Bias in Clinical Decision-Making,Digital Workbook,55.3,70.8,Completed,8,3.7,2,3.8,2025-09-16,2025-09-24
60205,Community Health Institute,M1,Psychiatric Interviewing & Mental Status Examination,Digital Workbook,56.3,61.2,Completed,20,4.2,3,6.9,2025-05-17,2025-06-06
60205,Community Health Institute,M1,"Recognizing Depression, Anxiety & Suicide Risk",Digital Workbook,58.0,55.4,Completed,21,2.8,2,4.7,2025-07-15,2025-08-05
60205,Community Health Institute,M1,Trauma-Informed Care & Communication,Digital Workbook,67.8,,Not Started,,,0,0.0,2025-06-10,
60205,Community Health Institute,M1,De-escalation Micro-Skills for Acute Distress,Gamified Microlearning,72.1,100.0,Completed,3,5.0,2,1.0,2025-07-31,2025-08-03
60205,Community Health Institute,M1,Empathic Communication Quick Course,Gamified Microlearning,67.1,86.6,Completed,3,4.3,2,1.5,2025-09-04,2025-09-07
60205,Community Health Institute,M1,Peer Mentorship & Clinical Team Communication,Blended,50.7,63.3,Completed,20,4.0,1,5.7,2025-11-10,2025-11-30
60205,Community Health Institute,M1,Intro to Cognitive Behavioral Therapy for Primary Care,Teacher-Led Virtual,75.3,96.7,Completed,11,4.2,2,3.1,2025-05-26,2025-06-06
60205,Community Health Institute,M1,Understanding Implicit Bias in Clinical Decision-Making,Digital Workbook,64.7,77.6,Completed,8,3.3,2,2.7,2025-10-31,2025-11-08
60206,Meridian Main Campus,M4,Psychiatric Interviewing & Mental Status Examination,Digital Workbook,52.0,55.4,Completed,9,2.9,3,5.4,2025-04-03,2025-04-12
60206,Meridian Main Campus,M4,"Recognizing Depression, Anxiety & Suicide Risk",Digital Workbook,50.6,60.6,Completed,13,3.8,2,5.7,2025-08-12,2025-08-25
60206,Meridian Main Campus,M4,Trauma-Informed Care & Communication,Digital Workbook,42.0,44.4,Completed,5,3.5,1,4.5,2025-02-11,2025-02-16
60206,Meridian Main Campus,M4,De-escalation Micro-Skills for Acute Distress,Gamified Microlearning,33.4,44.7,Completed,1,5.0,2,1.3,2025-09-25,2025-09-26
60206,Meridian Main Campus,M4,Empathic Communication Quick Course,Gamified Microlearning,59.2,75.4,Completed,5,5.0,2,1.9,2025-10-23,2025-10-28
60206,Meridian Main Campus,M4,Understanding Implicit Bias in Clinical Decision-Making,Digital Workbook,69.2,84.8,Completed,7,3.7,1,2.9,2025-09-28,2025-10-05
60206,Meridian Main Campus,M4,Peer Mentorship & Clinical Team Communication,Blended,52.1,,Not Started,,,0,0.0,2025-02-23,
60206,Meridian Main Campus,M4,Motivational Interviewing Workshop,Blended,44.5,63.2,Completed,7,4.0,1,2.2,2025-07-13,2025-07-20
60207,Meridian Main Campus,M4,Psychiatric Interviewing & Mental Status Examination,Digital Workbook,70.6,,In Progress,,2.9,3,4.1,2025-09-09,
60207,Meridian Main Campus,M4,"Recognizing Depression, Anxiety & Suicide Risk",Digital Workbook,84.5,,In Progress,,2.1,1,2.9,2025-01-09,
60207,Meridian Main Campus,M4,Trauma-Informed Care & Communication,Digital Workbook,72.2,,Not Started,,,0,0.0,2025-04-03,
60207,Meridian Main Campus,M4,De-escalation Micro-Skills for Acute Distress,Gamified Microlearning,81.2,100.0,Completed,1,4.7,1,1.0,2025-02-01,2025-02-02
60207,Meridian Main Campus,M4,Empathic Communication Quick Course,Gamified Microlearning,64.9,90.5,Completed,7,4.7,1,1.6,2025-04-03,2025-04-10
60207,Meridian Main Campus,M4,Intro to Cognitive Behavioral Therapy for Primary Care,Teacher-Led Virtual,61.8,,In Progress,,3.1,3,1.7,2025-05-14,
60207,Meridian Main Campus,M4,Motivational Interviewing Workshop,Blended,61.0,89.8,Completed,8,4.1,2,3.1,2025-07-14,2025-07-22
60207,Meridian Main Campus,M4,Peer Mentorship & Clinical Team Communication,Blended,70.9,85.3,Completed,13,5.0,2,6.0,2025-04-13,2025-04-26
60208,Riverside Teaching Hospital,M2,Psychiatric Interviewing & Mental Status Examination,Digital Workbook,66.1,68.8,Completed,7,3.0,1,6.7,2025-08-13,2025-08-20
60208,Riverside Teaching Hospital,M2,"Recognizing Depression, Anxiety & Suicide Risk",Digital Workbook,60.0,70.5,Completed,17,2.8,1,6.9,2025-01-27,2025-02-13
60208,Riverside Teaching Hospital,M2,Trauma-Informed Care & Communication,Digital Workbook,66.0,,Dropped,,1.1,1,0.4,2025-06-20,
60208,Riverside Teaching Hospital,M2,De-escalation Micro-Skills for Acute Distress,Gamified Microlearning,49.0,75.1,Completed,1,4.5,1,1.2,2025-07-30,2025-07-31
60208,Riverside Teaching Hospital,M2,Empathic Communication Quick Course,Gamified Microlearning,66.3,85.4,Completed,4,5.0,1,1.8,2025-01-09,2025-01-13
60208,Riverside Teaching Hospital,M2,Understanding Implicit Bias in Clinical Decision-Making,Digital Workbook,58.7,85.8,Completed,16,3.6,1,3.3,2025-08-04,2025-08-20
60208,Riverside Teaching Hospital,M2,Motivational Interviewing Workshop,Blended,76.2,87.1,Completed,4,4.5,1,2.8,2025-03-20,2025-03-24
60209,Community Health Institute,M4,Psychiatric Interviewing & Mental Status Examination,Digital Workbook,79.5,,Not Started,,,0,0.0,2025-09-11,
60209,Community Health Institute,M4,"Recognizing Depression, Anxiety & Suicide Risk",Digital Workbook,63.0,70.0,Completed,12,3.3,2,4.9,2025-11-17,2025-11-29
60209,Community Health Institute,M4,Trauma-Informed Care & Communication,Digital Workbook,56.8,60.1,Completed,13,3.9,1,4.4,2025-10-25,2025-11-07
60209,Community Health Institute,M4,De-escalation Micro-Skills for Acute Distress,Gamified Microlearning,41.0,55.0,Completed,5,4.5,2,1.0,2025-11-19,2025-11-24
60209,Community Health Institute,M4,Empathic Communication Quick Course,Gamified Microlearning,59.7,65.9,Completed,3,4.1,2,1.6,2025-07-08,2025-07-11
60209,Community Health Institute,M4,Peer Mentorship & Clinical Team Communication,Blended,54.7,75.4,Completed,23,3.9,1,7.1,2025-10-02,2025-10-25
60209,Community Health Institute,M4,Understanding Implicit Bias in Clinical Decision-Making,Digital Workbook,49.6,59.6,Completed,12,3.1,1,3.5,2025-08-11,2025-08-23
60209,Community Health Institute,M4,Physician Wellness & Burnout Prevention,Teacher-Led Virtual,62.5,,Dropped,,2.7,2,0.5,2025-01-28,
60210,Meridian Main Campus,M3,Psychiatric Interviewing & Mental Status Examination,Digital Workbook,35.2,,In Progress,,3.0,3,3.5,2025-06-27,
60210,Meridian Main Campus,M3,"Recognizing Depression, Anxiety & Suicide Risk",Digital Workbook,47.2,54.8,Completed,28,2.7,1,4.9,2025-09-01,2025-09-29
60210,Meridian Main Campus,M3,Trauma-Informed Care & Communication,Digital Workbook,68.2,85.1,Completed,11,3.7,1,5.6,2025-03-25,2025-04-05
60210,Meridian Main Campus,M3,De-escalation Micro-Skills for Acute Distress,Gamified Microlearning,59.0,73.1,Completed,2,3.8,2,1.2,2025-03-24,2025-03-26
60210,Meridian Main Campus,M3,Empathic Communication Quick Course,Gamified Microlearning,52.8,,Dropped,,2.5,1,0.4,2025-04-06,
60210,Meridian Main Campus,M3,Motivational Interviewing Workshop,Blended,38.5,56.9,Completed,7,3.8,2,2.8,2025-08-23,2025-08-30
60210,Meridian Main Campus,M3,Peer Mentorship & Clinical Team Communication,Blended,49.2,70.5,Completed,12,4.4,3,6.4,2025-05-26,2025-06-07
60211,Meridian Main Campus,M1,Psychiatric Interviewing & Mental Status Examination,Digital Workbook,44.9,,Dropped,,1.7,2,2.3,2025-10-10,
60211,Meridian Main Campus,M1,"Recognizing Depression, Anxiety & Suicide Risk",Digital Workbook,33.1,35.2,Completed,17,3.2,2,6.3,2025-07-11,2025-07-28
60211,Meridian Main Campus,M1,Trauma-Informed Care & Communication,Digital Workbook,80.7,,Dropped,,1.3,1,1.6,2025-02-26,
60211,Meridian Main Campus,M1,De-escalation Micro-Skills for Acute Distress,Gamified Microlearning,55.0,70.2,Completed,4,4.2,1,1.2,2025-02-09,2025-02-13
60211,Meridian Main Campus,M1,Empathic Communication Quick Course,Gamified Microlearning,52.8,64.0,Completed,5,4.5,1,1.9,2025-03-13,2025-03-18
60211,Meridian Main Campus,M1,Understanding Implicit Bias in Clinical Decision-Making,Digital Workbook,51.9,65.4,Completed,11,4.1,2,2.9,2025-10-10,2025-10-21
60212,Meridian Main Campus,M2,Psychiatric Interviewing & Mental Status Examination,Digital Workbook,59.1,,In Progress,,3.4,2,2.0,2025-04-26,
60212,Meridian Main Campus,M2,"Recognizing Depression, Anxiety & Suicide Risk",Digital Workbook,55.8,,Not Started,,,0,0.0,2025-07-04,
60212,Meridian Main Campus,M2,Trauma-Informed Care & Communication,Digital Workbook,32.4,,In Progress,,2.9,2,2.8,2025-01-15,
60212,Meridian Main Campus,M2,De-escalation Micro-Skills for Acute Distress,Gamified Microlearning,40.8,53.0,Completed,5,4.3,2,1.2,2025-01-20,2025-01-25
60212,Meridian Main Campus,M2,Empathic Communication Quick Course,Gamified Microlearning,48.0,57.4,Completed,7,5.0,2,1.4,2025-04-18,2025-04-25
60212,Meridian Main Campus,M2,Peer Mentorship & Clinical Team Communication,Blended,45.8,,In Progress,,3.9,2,2.6,2025-03-13,
60213,University Health Partners,M2,Psychiatric Interviewing & Mental Status Examination,Digital Workbook,59.8,,Dropped,,1.3,3,1.9,2025-07-12,
60213,University Health Partners,M2,"Recognizing Depression, Anxiety & Suicide Risk",Digital Workbook,49.2,,Dropped,,2.2,2,0.4,2025-10-13,
60213,University Health Partners,M2,Trauma-Informed Care & Communication,Digital Workbook,59.4,68.4,Completed,13,3.3,1,4.7,2025-07-07,2025-07-20
60213,University Health Partners,M2,De-escalation Micro-Skills for Acute Distress,Gamified Microlearning,46.7,66.0,Completed,4,4.4,1,0.9,2025-02-25,2025-03-01
60213,University Health Partners,M2,Empathic Communication Quick Course,Gamified Microlearning,54.6,64.6,Completed,2,4.5,1,1.4,2025-06-07,2025-06-09
60213,University Health Partners,M2,Understanding Implicit Bias in Clinical Decision-Making,Digital Workbook,47.2,62.4,Completed,7,3.8,1,2.7,2025-09-25,2025-10-02
60213,University Health Partners,M2,Intro to Cognitive Behavioral Therapy for Primary Care,Teacher-Led Virtual,48.6,62.7,Completed,9,4.1,2,3.6,2025-02-10,2025-02-19
60214,Lakeside Medical Center,M3,Psychiatric Interviewing & Mental Status Examination,Digital Workbook,52.1,,In Progress,,3.0,2,1.8,2025-02-01,
60214,Lakeside Medical Center,M3,"Recognizing Depression, Anxiety & Suicide Risk",Digital Workbook,50.5,54.8,Completed,16,3.6,1,6.9,2025-04-19,2025-05-05
60214,Lakeside Medical Center,M3,Trauma-Informed Care & Communication,Digital Workbook,54.4,60.4,Completed,6,3.9,1,4.6,2025-07-01,2025-07-07
60214,Lakeside Medical Center,M3,De-escalation Micro-Skills for Acute Distress,Gamified Microlearning,41.6,55.4,Completed,2,5.0,1,1.1,2025-08-05,2025-08-07
60214,Lakeside Medical Center,M3,Empathic Communication Quick Course,Gamified Microlearning,81.5,100.0,Completed,4,4.9,1,1.4,2025-11-01,2025-11-05
60214,Lakeside Medical Center,M3,Physician Wellness & Burnout Prevention,Teacher-Led Virtual,57.9,80.8,Completed,10,3.8,1,5.2,2025-08-17,2025-08-27
60215,Lakeside Medical Center,M3,Psychiatric Interviewing & Mental Status Examination,Digital Workbook,56.4,56.1,Completed,18,3.1,2,5.1,2025-11-12,2025-11-30
60215,Lakeside Medical Center,M3,"Recognizing Depression, Anxiety & Suicide Risk",Digital Workbook,46.6,49.7,Completed,17,3.1,1,4.8,2025-07-17,2025-08-03
60215,Lakeside Medical Center,M3,Trauma-Informed Care & Communication,Digital Workbook,49.6,46.5,Completed,15,3.4,1,4.7,2025-09-23,2025-10-08
60215,Lakeside Medical Center,M3,De-escalation Micro-Skills for Acute Distress,Gamified Microlearning,35.8,54.8,Completed,1,4.9,2,1.1,2025-08-21,2025-08-22
60215,Lakeside Medical Center,M3,Empathic Communication Quick Course,Gamified Microlearning,48.6,68.3,Completed,5,5.0,1,1.9,2025-06-25,2025-06-30
60215,Lakeside Medical Center,M3,Understanding Implicit Bias in Clinical Decision-Making,Digital Workbook,58.1,,Dropped,,2.2,1,0.2,2025-11-06,
60216,Community Health Institute,M1,Psychiatric Interviewing & Mental Status Examination,Digital Workbook,53.2,60.1,Completed,20,3.2,2,7.3,2025-07-28,2025-08-17
60216,Community Health Institute,M1,"Recognizing Depression, Anxiety & Suicide Risk",Digital Workbook,42.6,44.5,Completed,11,3.0,3,5.8,2025-06-15,2025-06-26
60216,Community Health Institute,M1,Trauma-Informed Care & Communication,Digital Workbook,63.2,61.1,Completed,12,3.7,2,4.6,2025-02-05,2025-02-17
60216,Community Health Institute,M1,De-escalation Micro-Skills for Acute Distress,Gamified Microlearning,45.6,63.8,Completed,4,5.0,1,1.2,2025-06-02,2025-06-06
60216,Community Health Institute,M1,Empathic Communication Quick Course,Gamified Microlearning,71.2,88.4,Completed,2,4.3,1,1.4,2025-10-22,2025-10-24
60216,Community Health Institute,M1,Physician Wellness & Burnout Prevention,Teacher-Led Virtual,44.3,54.3,Completed,12,4.1,1,4.3,2025-08-09,2025-08-21
60217,University Health Partners,M1,Psychiatric Interviewing & Mental Status Examination,Digital Workbook,35.2,,Not Started,,,0,0.0,2025-10-02,
60217,University Health Partners,M1,"Recognizing Depression, Anxiety & Suicide Risk",Digital Workbook,43.6,56.1,Completed,15,3.2,1,6.1,2025-02-17,2025-03-04
60217,University Health Partners,M1,Trauma-Informed Care & Communication,Digital Workbook,43.7,53.2,Completed,13,3.2,1,5.2,2025-03-10,2025-03-23
60217,University Health Partners,M1,De-escalation Micro-Skills for Acute Distress,Gamified Microlearning,62.7,80.4,Completed,3,4.3,1,0.9,2025-04-09,2025-04-12
60217,University Health Partners,M1,Empathic Communication Quick Course,Gamified Microlearning,47.6,57.4,Completed,4,3.8,2,1.4,2025-05-13,2025-05-17
60217,University Health Partners,M1,Intro to Cognitive Behavioral Therapy for Primary Care,Teacher-Led Virtual,47.0,65.8,Completed,15,4.0,1,2.6,2025-05-12,2025-05-27
60217,University Health Partners,M1,Motivational Interviewing Workshop,Blended,64.1,77.3,Completed,12,4.6,2,3.0,2025-02-27,2025-03-11
60218,University Health Partners,M1,Psychiatric Interviewing & Mental Status Examination,Digital Workbook,61.4,,In Progress,,3.3,1,2.2,2025-03-30,
60218,University Health Partners,M1,"Recognizing Depression, Anxiety & Suicide Risk",Digital Workbook,63.2,66.3,Completed,7,4.0,1,4.8,2025-07-20,2025-07-27
60218,University Health Partners,M1,Trauma-Informed Care & Communication,Digital Workbook,61.9,64.2,Completed,14,2.9,1,5.3,2025-05-01,2025-05-15
60218,University Health Partners,M1,De-escalation Micro-Skills for Acute Distress,Gamified Microlearning,55.5,67.7,Completed,5,4.8,2,1.0,2025-03-11,2025-03-16
60218,University Health Partners,M1,Empathic Communication Quick Course,Gamified Microlearning,46.1,73.3,Completed,6,5.0,1,1.4,2025-07-26,2025-08-01
60218,University Health Partners,M1,Physician Wellness & Burnout Prevention,Teacher-Led Virtual,60.6,82.8,Completed,6,4.4,2,4.5,2025-01-31,2025-02-06
60219,University Health Partners,M1,Psychiatric Interviewing & Mental Status Examination,Digital Workbook,61.4,77.0,Completed,16,3.9,2,7.4,2025-08-21,2025-09-06
60219,University Health Partners,M1,"Recognizing Depression, Anxiety & Suicide Risk",Digital Workbook,69.4,87.9,Completed,14,3.5,1,5.4,2025-07-21,2025-08-04
60219,University Health Partners,M1,Trauma-Informed Care & Communication,Digital Workbook,64.7,74.5,Completed,14,3.5,2,4.7,2025-10-12,2025-10-26
60219,University Health Partners,M1,De-escalation Micro-Skills for Acute Distress,Gamified Microlearning,67.3,93.8,Completed,3,4.5,1,0.9,2025-06-25,2025-06-28
60219,University Health Partners,M1,Empathic Communication Quick Course,Gamified Microlearning,59.7,81.0,Completed,6,4.0,1,1.9,2025-08-17,2025-08-23
60219,University Health Partners,M1,Peer Mentorship & Clinical Team Communication,Blended,68.8,89.2,Completed,11,4.2,1,7.4,2025-07-14,2025-07-25
60219,University Health Partners,M1,Intro to Cognitive Behavioral Therapy for Primary Care,Teacher-Led Virtual,48.6,65.4,Completed,8,4.2,2,3.4,2025-01-22,2025-01-30
60220,Lakeside Medical Center,M3,Psychiatric Interviewing & Mental Status Examination,Digital Workbook,55.4,,Dropped,,1.5,1,1.5,2025-03-23,
60220,Lakeside Medical Center,M3,"Recognizing Depression, Anxiety & Suicide Risk",Digital Workbook,61.9,64.3,Completed,24,3.5,2,4.8,2025-08-01,2025-08-25
60220,Lakeside Medical Center,M3,Trauma-Informed Care & Communication,Digital Workbook,61.3,53.6,Completed,9,3.1,2,4.0,2025-09-10,2025-09-19
60220,Lakeside Medical Center,M3,De-escalation Micro-Skills for Acute Distress,Gamified Microlearning,47.3,54.7,Completed,3,4.5,1,1.1,2025-01-10,2025-01-13
60220,Lakeside Medical Center,M3,Empathic Communication Quick Course,Gamified Microlearning,30.2,41.5,Completed,1,4.2,2,1.8,2025-07-13,2025-07-14
60220,Lakeside Medical Center,M3,Physician Wellness & Burnout Prevention,Teacher-Led Virtual,42.1,48.1,Completed,13,3.9,2,4.6,2025-03-07,2025-03-20
60220,Lakeside Medical Center,M3,Understanding Implicit Bias in Clinical Decision-Making,Digital Workbook,48.1,48.8,Completed,8,3.8,2,3.8,2025-08-26,2025-09-03
60221,University Health Partners,M1,Psychiatric Interviewing & Mental Status Examination,Digital Workbook,77.1,93.4,Completed,12,2.9,2,7.8,2025-11-07,2025-11-19
60221,University Health Partners,M1,"Recognizing Depression, Anxiety & Suicide Risk",Digital Workbook,79.4,,Not Started,,,0,0.0,2025-04-04,
60221,University Health Partners,M1,Trauma-Informed Care & Communication,Digital Workbook,89.6,97.4,Completed,23,2.7,1,4.8,2025-10-28,2025-11-20
60221,University Health Partners,M1,De-escalation Micro-Skills for Acute Distress,Gamified Microlearning,87.0,100.0,Completed,1,4.2,1,1.0,2025-07-15,2025-07-16
60221,University Health Partners,M1,Empathic Communication Quick Course,Gamified Microlearning,77.2,100.0,Completed,5,4.3,1,1.4,2025-07-29,2025-08-03
60221,University Health Partners,M1,Intro to Cognitive Behavioral Therapy for Primary Care,Teacher-Led Virtual,93.0,100.0,Completed,6,4.3,2,3.1,2025-06-06,2025-06-12
60221,University Health Partners,M1,Peer Mentorship & Clinical Team Communication,Blended,78.9,100.0,Completed,14,4.3,2,5.4,2025-05-16,2025-05-30
60222,University Health Partners,M1,Psychiatric Interviewing & Mental Status Examination,Digital Workbook,20.0,21.0,Completed,9,3.7,2,6.3,2025-01-28,2025-02-06
60222,University Health Partners,M1,"Recognizing Depression, Anxiety & Suicide Risk",Digital Workbook,34.6,30.7,Completed,16,3.3,1,6.2,2025-04-24,2025-05-10
60222,University Health Partners,M1,Trauma-Informed Care & Communication,Digital Workbook,28.5,23.5,Completed,18,3.4,2,4.2,2025-05-02,2025-05-20
60222,University Health Partners,M1,De-escalation Micro-Skills for Acute Distress,Gamified Microlearning,55.4,70.0,Completed,2,5.0,2,0.9,2025-01-28,2025-01-30
60222,University Health Partners,M1,Empathic Communication Quick Course,Gamified Microlearning,46.9,62.0,Completed,4,4.2,3,1.9,2025-06-23,2025-06-27
60222,University Health Partners,M1,Intro to Cognitive Behavioral Therapy for Primary Care,Teacher-Led Virtual,39.2,41.9,Completed,10,3.9,2,3.2,2025-03-21,2025-03-31
60222,University Health Partners,M1,Peer Mentorship & Clinical Team Communication,Blended,42.0,,In Progress,,3.9,3,2.0,2025-05-14,
60223,Community Health Institute,M4,Psychiatric Interviewing & Mental Status Examination,Digital Workbook,46.4,55.6,Completed,11,2.7,2,6.0,2025-01-23,2025-02-03
60223,Community Health Institute,M4,"Recognizing Depression, Anxiety & Suicide Risk",Digital Workbook,59.1,64.6,Completed,19,2.9,1,4.8,2025-04-17,2025-05-06
60223,Community Health Institute,M4,Trauma-Informed Care & Communication,Digital Workbook,70.6,73.8,Completed,12,2.8,2,4.8,2025-02-01,2025-02-13
60223,Community Health Institute,M4,De-escalation Micro-Skills for Acute Distress,Gamified Microlearning,58.8,73.1,Completed,2,4.0,1,1.3,2025-02-07,2025-02-09
60223,Community Health Institute,M4,Empathic Communication Quick Course,Gamified Microlearning,56.5,71.4,Completed,4,4.5,2,1.4,2025-05-04,2025-05-08
60223,Community Health Institute,M4,Motivational Interviewing Workshop,Blended,53.4,71.4,Completed,9,4.6,1,2.4,2025-08-17,2025-08-26
60223,Community Health Institute,M4,Intro to Cognitive Behavioral Therapy for Primary Care,Teacher-Led Virtual,50.4,63.4,Completed,10,4.2,3,3.4,2025-03-04,2025-03-14
60224,Lakeside Medical Center,M1,Psychiatric Interviewing & Mental Status Examination,Digital Workbook,51.8,50.2,Completed,25,2.6,2,6.5,2025-09-21,2025-10-16
60224,Lakeside Medical Center,M1,"Recognizing Depression, Anxiety & Suicide Risk",Digital Workbook,53.7,64.2,Completed,23,3.9,2,6.7,2025-11-02,2025-11-25
60224,Lakeside Medical Center,M1,Trauma-Informed Care & Communication,Digital Workbook,49.0,53.2,Completed,15,3.1,2,5.8,2025-10-30,2025-11-14
60224,Lakeside Medical Center,M1,De-escalation Micro-Skills for Acute Distress,Gamified Microlearning,44.2,59.7,Completed,1,4.5,3,1.1,2025-10-12,2025-10-13
60224,Lakeside Medical Center,M1,Empathic Communication Quick Course,Gamified Microlearning,56.2,67.0,Completed,7,4.7,1,1.9,2025-09-05,2025-09-12
60224,Lakeside Medical Center,M1,Peer Mentorship & Clinical Team Communication,Blended,48.6,,Dropped,,2.7,2,0.7,2025-10-28,
60224,Lakeside Medical Center,M1,Motivational Interviewing Workshop,Blended,50.7,70.6,Completed,4,4.5,1,2.5,2025-11-17,2025-11-21
60224,Lakeside Medical Center,M1,Intro to Cognitive Behavioral Therapy for Primary Care,Teacher-Led Virtual,66.4,78.6,Completed,3,3.8,1,2.9,2025-08-03,2025-08-06
60225,Community Health Institute,M2,Psychiatric Interviewing & Mental Status Examination,Digital Workbook,71.3,,Dropped,,2.6,3,1.5,2025-07-23,
60225,Community Health Institute,M2,"Recognizing Depression, Anxiety & Suicide Risk",Digital Workbook,84.6,97.4,Completed,14,3.7,1,5.9,2025-09-08,2025-09-22
60225,Community Health Institute,M2,Trauma-Informed Care & Communication,Digital Workbook,69.1,78.5,Completed,13,2.5,1,4.6,2025-03-16,2025-03-29
60225,Community Health Institute,M2,De-escalation Micro-Skills for Acute Distress,Gamified Microlearning,83.8,100.0,Completed,4,3.8,1,1.1,2025-07-05,2025-07-09
60225,Community Health Institute,M2,Empathic Communication Quick Course,Gamified Microlearning,73.5,98.6,Completed,5,5.0,2,1.5,2025-10-18,2025-10-23
60225,Community Health Institute,M2,Intro to Cognitive Behavioral Therapy for Primary Care,Teacher-Led Virtual,88.5,100.0,Completed,9,3.8,1,3.2,2025-08-28,2025-09-06
60225,Community Health Institute,M2,Physician Wellness & Burnout Prevention,Teacher-Led Virtual,58.8,,Not Started,,,0,0.0,2025-07-28,
60226,Meridian Main Campus,M3,Psychiatric Interviewing & Mental Status Examination,Digital Workbook,56.1,72.6,Completed,28,2.5,1,7.4,2025-10-26,2025-11-23
60226,Meridian Main Campus,M3,"Recognizing Depression, Anxiety & Suicide Risk",Digital Workbook,84.4,99.6,Completed,16,3.8,1,6.3,2025-08-15,2025-08-31
60226,Meridian Main Campus,M3,Trauma-Informed Care & Communication,Digital Workbook,62.7,68.5,Completed,12,3.8,2,5.8,2025-10-20,2025-11-01
60226,Meridian Main Campus,M3,De-escalation Micro-Skills for Acute Distress,Gamified Microlearning,53.2,75.1,Completed,3,4.5,1,1.2,2025-07-27,2025-07-30
60226,Meridian Main Campus,M3,Empathic Communication Quick Course,Gamified Microlearning,51.3,74.5,Completed,4,5.0,1,1.9,2025-01-14,2025-01-18
60226,Meridian Main Campus,M3,Peer Mentorship & Clinical Team Communication,Blended,68.1,80.5,Completed,24,3.6,2,6.7,2025-02-03,2025-02-27
60226,Meridian Main Campus,M3,Motivational Interviewing Workshop,Blended,66.3,85.4,Completed,7,3.9,1,2.4,2025-06-12,2025-06-19
60226,Meridian Main Campus,M3,Physician Wellness & Burnout Prevention,Teacher-Led Virtual,64.1,82.1,Completed,5,4.0,1,3.8,2025-06-25,2025-06-30
60227,Meridian Main Campus,M2,Psychiatric Interviewing & Mental Status Examination,Digital Workbook,68.1,73.6,Completed,23,3.0,2,6.7,2025-05-30,2025-06-22
60227,Meridian Main Campus,M2,"Recognizing Depression, Anxiety & Suicide Risk",Digital Workbook,57.5,62.0,Completed,18,3.4,1,6.3,2025-10-09,2025-10-27
60227,Meridian Main Campus,M2,Trauma-Informed Care & Communication,Digital Workbook,58.8,66.6,Completed,21,3.5,2,5.8,2025-02-03,2025-02-24
60227,Meridian Main Campus,M2,De-escalation Micro-Skills for Acute Distress,Gamified Microlearning,66.5,85.6,Completed,4,4.9,1,1.1,2025-04-30,2025-05-04
60227,Meridian Main Campus,M2,Empathic Communication Quick Course,Gamified Microlearning,48.7,68.1,Completed,4,4.8,1,1.8,2025-06-14,2025-06-18
60227,Meridian Main Campus,M2,Intro to Cognitive Behavioral Therapy for Primary Care,Teacher-Led Virtual,53.0,68.6,Completed,9,4.6,1,2.8,2025-02-21,2025-03-02
60227,Meridian Main Campus,M2,Physician Wellness & Burnout Prevention,Teacher-Led Virtual,85.9,,Not Started,,,0,0.0,2025-09-17,
60227,Meridian Main Campus,M2,Understanding Implicit Bias in Clinical Decision-Making,Digital Workbook,59.8,79.4,Completed,14,3.1,1,3.2,2025-02-05,2025-02-19
60228,Community Health Institute,M2,Psychiatric Interviewing & Mental Status Examination,Digital Workbook,57.4,,In Progress,,2.2,1,2.6,2025-05-12,
60228,Community Health Institute,M2,"Recognizing Depression, Anxiety & Suicide Risk",Digital Workbook,57.6,,Dropped,,2.4,1,1.4,2025-10-26,
60228,Community Health Institute,M2,Trauma-Informed Care & Communication,Digital Workbook,55.3,60.2,Completed,15,3.2,1,5.6,2025-08-26,2025-09-10
60228,Community Health Institute,M2,De-escalation Micro-Skills for Acute Distress,Gamified Microlearning,58.4,84.7,Completed,2,4.2,1,1.1,2025-06-30,2025-07-02
60228,Community Health Institute,M2,Empathic Communication Quick Course,Gamified Microlearning,47.6,65.2,Completed,5,4.7,1,1.8,2025-05-08,2025-05-13
60228,Community Health Institute,M2,Intro to Cognitive Behavioral Therapy for Primary Care,Teacher-Led Virtual,66.6,75.6,Completed,10,4.6,2,3.1,2025-01-14,2025-01-24
60228,Community Health Institute,M2,Peer Mentorship & Clinical Team Communication,Blended,58.6,66.1,Completed,15,4.3,1,5.6,2025-04-09,2025-04-24
60228,Community Health Institute,M2,Understanding Implicit Bias in Clinical Decision-Making,Digital Workbook,59.6,76.2,Completed,9,3.4,1,3.3,2025-01-17,2025-01-26
60229,Lakeside Medical Center,M4,Psychiatric Interviewing & Mental Status Examination,Digital Workbook,61.5,52.4,Completed,21,3.0,2,7.4,2025-11-01,2025-11-22
60229,Lakeside Medical Center,M4,"Recognizing Depression, Anxiety & Suicide Risk",Digital Workbook,55.0,57.2,Completed,7,3.9,2,6.3,2025-06-12,2025-06-19
60229,Lakeside Medical Center,M4,Trauma-Informed Care & Communication,Digital Workbook,61.3,66.1,Completed,12,2.7,2,4.9,2025-09-20,2025-10-02
60229,Lakeside Medical Center,M4,De-escalation Micro-Skills for Acute Distress,Gamified Microlearning,38.0,53.1,Completed,3,4.6,2,1.3,2025-03-11,2025-03-14
60229,Lakeside Medical Center,M4,Empathic Communication Quick Course,Gamified Microlearning,52.0,67.1,Completed,5,4.3,1,1.4,2025-02-05,2025-02-10
60229,Lakeside Medical Center,M4,Peer Mentorship & Clinical Team Communication,Blended,48.9,63.2,Completed,17,3.9,3,7.0,2025-04-18,2025-05-05
60229,Lakeside Medical Center,M4,Understanding Implicit Bias in Clinical Decision-Making,Digital Workbook,47.9,68.0,Completed,10,3.6,1,3.1,2025-03-16,2025-03-26
60230,Meridian Main Campus,M1,Psychiatric Interviewing & Mental Status Examination,Digital Workbook,75.2,,In Progress,,2.7,1,4.0,2025-01-28,
60230,Meridian Main Campus,M1,"Recognizing Depression, Anxiety & Suicide Risk",Digital Workbook,54.2,,Not Started,,,0,0.0,2025-02-18,
60230,Meridian Main Campus,M1,Trauma-Informed Care & Communication,Digital Workbook,66.0,,In Progress,,2.9,1,2.6,2025-05-11,
60230,Meridian Main Campus,M1,De-escalation Micro-Skills for Acute Distress,Gamified Microlearning,71.9,93.8,Completed,4,5.0,1,1.1,2025-08-23,2025-08-27
60230,Meridian Main Campus,M1,Empathic Communication Quick Course,Gamified Microlearning,69.5,95.4,Completed,5,4.8,1,1.4,2025-04-03,2025-04-08
60230,Meridian Main Campus,M1,Motivational Interviewing Workshop,Blended,47.6,66.4,Completed,5,4.4,1,2.7,2025-10-16,2025-10-21
60231,University Health Partners,M1,Psychiatric Interviewing & Mental Status Examination,Digital Workbook,59.9,,Not Started,,,0,0.0,2025-03-17,
60231,University Health Partners,M1,"Recognizing Depression, Anxiety & Suicide Risk",Digital Workbook,73.9,78.6,Completed,22,3.0,2,5.8,2025-02-26,2025-03-20
60231,University Health Partners,M1,Trauma-Informed Care & Communication,Digital Workbook,61.2,65.0,Completed,7,2.9,1,4.9,2025-01-31,2025-02-07
60231,University Health Partners,M1,De-escalation Micro-Skills for Acute Distress,Gamified Microlearning,62.3,80.3,Completed,2,4.3,1,1.3,2025-01-22,2025-01-24
60231,University Health Partners,M1,Empathic Communication Quick Course,Gamified Microlearning,49.6,65.1,Completed,3,4.1,2,1.4,2025-05-16,2025-05-19
60231,University Health Partners,M1,Understanding Implicit Bias in Clinical Decision-Making,Digital Workbook,67.7,82.6,Completed,6,3.1,1,3.6,2025-03-25,2025-03-31
60231,University Health Partners,M1,Peer Mentorship & Clinical Team Communication,Blended,56.3,76.2,Completed,11,4.0,2,5.5,2025-06-24,2025-07-05
60232,University Health Partners,M4,Psychiatric Interviewing & Mental Status Examination,Digital Workbook,58.7,,In Progress,,2.9,3,3.2,2025-05-07,
60232,University Health Partners,M4,"Recognizing Depression, Anxiety & Suicide Risk",Digital Workbook,42.9,49.8,Completed,16,3.3,1,5.2,2025-03-27,2025-04-12
60232,University Health Partners,M4,Trauma-Informed Care & Communication,Digital Workbook,57.6,64.0,Completed,11,2.8,1,4.3,2025-09-14,2025-09-25
60232,University Health Partners,M4,De-escalation Micro-Skills for Acute Distress,Gamified Microlearning,47.4,63.3,Completed,3,4.2,3,1.2,2025-06-26,2025-06-29
60232,University Health Partners,M4,Empathic Communication Quick Course,Gamified Microlearning,46.1,65.1,Completed,2,4.1,2,1.4,2025-10-09,2025-10-11
60232,University Health Partners,M4,Peer Mentorship & Clinical Team Communication,Blended,40.2,57.2,Completed,20,4.1,3,7.4,2025-11-07,2025-11-27
60233,University Health Partners,M3,Psychiatric Interviewing & Mental Status Examination,Digital Workbook,47.3,50.3,Completed,20,2.6,3,6.3,2025-08-11,2025-08-31
60233,University Health Partners,M3,"Recognizing Depression, Anxiety & Suicide Risk",Digital Workbook,60.8,,Not Started,,,0,0.0,2025-06-02,
60233,University Health Partners,M3,Trauma-Informed Care & Communication,Digital Workbook,51.8,,Not Started,,,0,0.0,2025-08-31,
60233,University Health Partners,M3,De-escalation Micro-Skills for Acute Distress,Gamified Microlearning,46.4,56.9,Completed,2,5.0,3,1.2,2025-05-23,2025-05-25
60233,University Health Partners,M3,Empathic Communication Quick Course,Gamified Microlearning,57.2,81.8,Completed,7,4.6,2,1.6,2025-09-05,2025-09-12
60233,University Health Partners,M3,Motivational Interviewing Workshop,Blended,80.7,97.9,Completed,8,4.5,1,2.2,2025-11-16,2025-11-24
60234,Community Health Institute,M2,Psychiatric Interviewing & Mental Status Examination,Digital Workbook,43.8,51.7,Completed,7,3.3,2,5.9,2025-05-20,2025-05-27
60234,Community Health Institute,M2,"Recognizing Depression, Anxiety & Suicide Risk",Digital Workbook,66.7,72.9,Completed,22,3.2,3,6.3,2025-08-04,2025-08-26
60234,Community Health Institute,M2,Trauma-Informed Care & Communication,Digital Workbook,74.4,77.5,Completed,14,3.6,1,4.3,2025-09-16,2025-09-30
60234,Community Health Institute,M2,De-escalation Micro-Skills for Acute Distress,Gamified Microlearning,69.8,85.4,Completed,2,3.9,1,1.1,2025-06-08,2025-06-10
60234,Community Health Institute,M2,Empathic Communication Quick Course,Gamified Microlearning,73.6,95.4,Completed,4,4.3,1,1.5,2025-07-07,2025-07-11
60234,Community Health Institute,M2,Intro to Cognitive Behavioral Therapy for Primary Care,Teacher-Led Virtual,62.2,73.8,Completed,3,3.8,1,3.8,2025-09-03,2025-09-06
60234,Community Health Institute,M2,Physician Wellness & Burnout Prevention,Teacher-Led Virtual,62.2,79.2,Completed,5,3.8,2,3.7,2025-02-19,2025-02-24
60234,Community Health Institute,M2,Understanding Implicit Bias in Clinical Decision-Making,Digital Workbook,56.7,79.0,Completed,11,3.5,1,2.8,2025-10-27,2025-11-07
60235,Community Health Institute,M4,Psychiatric Interviewing & Mental Status Examination,Digital Workbook,55.9,61.2,Completed,27,3.6,1,6.0,2025-02-03,2025-03-02
60235,Community Health Institute,M4,"Recognizing Depression, Anxiety & Suicide Risk",Digital Workbook,59.8,69.9,Completed,25,3.0,2,6.0,2025-10-13,2025-11-07
60235,Community Health Institute,M4,Trauma-Informed Care & Communication,Digital Workbook,63.8,58.4,Completed,15,3.4,1,4.9,2025-03-07,2025-03-22
60235,Community Health Institute,M4,De-escalation Micro-Skills for Acute Distress,Gamified Microlearning,59.8,70.6,Completed,5,4.3,1,1.2,2025-02-02,2025-02-07
60235,Community Health Institute,M4,Empathic Communication Quick Course,Gamified Microlearning,55.4,75.0,Completed,5,4.9,1,1.5,2025-04-04,2025-04-09
60235,Community Health Institute,M4,Motivational Interviewing Workshop,Blended,59.1,72.0,Completed,9,3.7,2,2.7,2025-07-05,2025-07-14
60235,Community Health Institute,M4,Understanding Implicit Bias in Clinical Decision-Making,Digital Workbook,41.5,55.9,Completed,9,4.4,1,3.0,2025-05-29,2025-06-07
60235,Community Health Institute,M4,Peer Mentorship & Clinical Team Communication,Blended,54.5,70.1,Completed,26,4.1,1,6.0,2025-09-21,2025-10-17
60236,Community Health Institute,M2,Psychiatric Interviewing & Mental Status Examination,Digital Workbook,57.4,66.9,Completed,10,2.7,1,7.4,2025-03-18,2025-03-28
60236,Community Health Institute,M2,"Recognizing Depression, Anxiety & Suicide Risk",Digital Workbook,69.7,,Dropped,,1.9,3,0.8,2025-04-22,
60236,Community Health Institute,M2,Trauma-Informed Care & Communication,Digital Workbook,64.4,68.8,Completed,6,3.2,3,4.2,2025-06-04,2025-06-10
60236,Community Health Institute,M2,De-escalation Micro-Skills for Acute Distress,Gamified Microlearning,51.1,72.8,Completed,2,3.9,1,1.2,2025-02-03,2025-02-05
60236,Community Health Institute,M2,Empathic Communication Quick Course,Gamified Microlearning,48.5,65.4,Completed,3,4.9,1,1.4,2025-09-14,2025-09-17
60236,Community Health Institute,M2,Intro to Cognitive Behavioral Therapy for Primary Care,Teacher-Led Virtual,57.3,71.6,Completed,15,3.9,1,3.6,2025-06-19,2025-07-04
60236,Community Health Institute,M2,Understanding Implicit Bias in Clinical Decision-Making,Digital Workbook,60.2,,Not Started,,,0,0.0,2025-01-10,
60236,Community Health Institute,M2,Physician Wellness & Burnout Prevention,Teacher-Led Virtual,69.5,73.1,Completed,11,3.9,2,4.8,2025-06-11,2025-06-22
60237,Riverside Teaching Hospital,M3,Psychiatric Interviewing & Mental Status Examination,Digital Workbook,46.1,,Not Started,,,0,0.0,2025-08-23,
60237,Riverside Teaching Hospital,M3,"Recognizing Depression, Anxiety & Suicide Risk",Digital Workbook,53.4,,Dropped,,2.0,1,1.6,2025-03-08,
60237,Riverside Teaching Hospital,M3,Trauma-Informed Care & Communication,Digital Workbook,42.0,52.8,Completed,12,3.6,2,5.4,2025-11-02,2025-11-14
60237,Riverside Teaching Hospital,M3,De-escalation Micro-Skills for Acute Distress,Gamified Microlearning,44.9,54.5,Completed,3,4.7,1,1.2,2025-07-25,2025-07-28
60237,Riverside Teaching Hospital,M3,Empathic Communication Quick Course,Gamified Microlearning,41.0,61.9,Completed,4,4.3,1,1.9,2025-01-18,2025-01-22
60237,Riverside Teaching Hospital,M3,Physician Wellness & Burnout Prevention,Teacher-Led Virtual,48.5,63.2,Completed,11,3.5,2,4.8,2025-04-24,2025-05-05
60238,Riverside Teaching Hospital,M3,Psychiatric Interviewing & Mental Status Examination,Digital Workbook,56.0,68.0,Completed,17,2.9,2,5.5,2025-03-25,2025-04-11
60238,Riverside Teaching Hospital,M3,"Recognizing Depression, Anxiety & Suicide Risk",Digital Workbook,36.0,41.8,Completed,27,3.0,2,5.0,2025-11-10,2025-12-07
60238,Riverside Teaching Hospital,M3,Trauma-Informed Care & Communication,Digital Workbook,68.1,73.7,Completed,14,3.7,1,5.2,2025-11-02,2025-11-16
60238,Riverside Teaching Hospital,M3,De-escalation Micro-Skills for Acute Distress,Gamified Microlearning,54.3,65.4,Completed,5,5.0,1,1.1,2025-08-10,2025-08-15
60238,Riverside Teaching Hospital,M3,Empathic Communication Quick Course,Gamified Microlearning,46.1,56.9,Completed,5,4.8,2,1.7,2025-11-15,2025-11-20
60238,Riverside Teaching Hospital,M3,Physician Wellness & Burnout Prevention,Teacher-Led Virtual,46.1,68.7,Completed,15,3.4,2,4.3,2025-07-02,2025-07-17
60238,Riverside Teaching Hospital,M3,Intro to Cognitive Behavioral Therapy for Primary Care,Teacher-Led Virtual,48.5,62.8,Completed,9,4.2,1,3.9,2025-05-18,2025-05-27
60238,Riverside Teaching Hospital,M3,Understanding Implicit Bias in Clinical Decision-Making,Digital Workbook,59.1,72.7,Completed,8,3.7,1,3.2,2025-06-27,2025-07-05
60239,University Health Partners,M3,Psychiatric Interviewing & Mental Status Examination,Digital Workbook,63.9,,In Progress,,2.3,2,3.5,2025-05-24,
60239,University Health Partners,M3,"Recognizing Depression, Anxiety & Suicide Risk",Digital Workbook,58.8,,Dropped,,2.0,1,0.7,2025-10-24,
60239,University Health Partners,M3,Trauma-Informed Care & Communication,Digital Workbook,47.4,55.5,Completed,14,2.8,2,5.5,2025-07-31,2025-08-14
60239,University Health Partners,M3,De-escalation Micro-Skills for Acute Distress,Gamified Microlearning,43.1,62.6,Completed,3,4.7,1,1.2,2025-08-29,2025-09-01
60239,University Health Partners,M3,Empathic Communication Quick Course,Gamified Microlearning,56.0,80.7,Completed,6,4.6,4,1.6,2025-09-30,2025-10-06
60239,University Health Partners,M3,Physician Wellness & Burnout Prevention,Teacher-Led Virtual,61.5,69.4,Completed,11,3.7,2,5.2,2025-07-28,2025-08-08
60240,Riverside Teaching Hospital,M1,Psychiatric Interviewing & Mental Status Examination,Digital Workbook,44.5,52.5,Completed,25,3.3,1,5.7,2025-10-02,2025-10-27
60240,Riverside Teaching Hospital,M1,"Recognizing Depression, Anxiety & Suicide Risk",Digital Workbook,37.4,44.3,Completed,21,2.8,1,6.6,2025-07-03,2025-07-24
60240,Riverside Teaching Hospital,M1,Trauma-Informed Care & Communication,Digital Workbook,56.7,55.5,Completed,10,3.4,2,5.7,2025-02-01,2025-02-11
60240,Riverside Teaching Hospital,M1,De-escalation Micro-Skills for Acute Distress,Gamified Microlearning,47.4,58.8,Completed,2,4.6,1,1.0,2025-03-22,2025-03-24
60240,Riverside Teaching Hospital,M1,Empathic Communication Quick Course,Gamified Microlearning,58.9,74.0,Completed,2,4.4,2,1.6,2025-07-06,2025-07-08
60240,Riverside Teaching Hospital,M1,Motivational Interviewing Workshop,Blended,60.8,74.0,Completed,7,3.7,2,2.9,2025-08-17,2025-08-24
60240,Riverside Teaching Hospital,M1,Physician Wellness & Burnout Prevention,Teacher-Led Virtual,46.9,57.4,Completed,17,4.5,2,4.3,2025-05-17,2025-06-03
60240,Riverside Teaching Hospital,M1,Understanding Implicit Bias in Clinical Decision-Making,Digital Workbook,51.2,69.3,Completed,16,4.1,1,3.5,2025-04-22,2025-05-08
60241,Riverside Teaching Hospital,M4,Psychiatric Interviewing & Mental Status Examination,Digital Workbook,60.1,64.2,Completed,18,3.4,2,7.3,2025-06-28,2025-07-16
60241,Riverside Teaching Hospital,M4,"Recognizing Depression, Anxiety & Suicide Risk",Digital Workbook,77.3,,Dropped,,1.6,2,0.8,2025-08-13,
60241,Riverside Teaching Hospital,M4,Trauma-Informed Care & Communication,Digital Workbook,45.6,,Not Started,,,0,0.0,2025-07-12,
60241,Riverside Teaching Hospital,M4,De-escalation Micro-Skills for Acute Distress,Gamified Microlearning,62.9,78.3,Completed,2,5.0,1,1.0,2025-02-04,2025-02-06
60241,Riverside Teaching Hospital,M4,Empathic Communication Quick Course,Gamified Microlearning,50.4,68.2,Completed,7,4.5,2,1.5,2025-01-31,2025-02-07
60241,Riverside Teaching Hospital,M4,Peer Mentorship & Clinical Team Communication,Blended,65.6,82.0,Completed,20,4.4,1,5.2,2025-04-29,2025-05-19
60242,Riverside Teaching Hospital,M4,Psychiatric Interviewing & Mental Status Examination,Digital Workbook,84.1,100.0,Completed,13,3.5,1,5.5,2025-09-29,2025-10-12
60242,Riverside Teaching Hospital,M4,"Recognizing Depression, Anxiety & Suicide Risk",Digital Workbook,85.8,95.2,Completed,20,3.8,2,5.7,2025-07-15,2025-08-04
60242,Riverside Teaching Hospital,M4,Trauma-Informed Care & Communication,Digital Workbook,79.0,92.3,Completed,20,3.6,1,4.7,2025-02-25,2025-03-17
60242,Riverside Teaching Hospital,M4,De-escalation Micro-Skills for Acute Distress,Gamified Microlearning,71.7,100.0,Completed,3,5.0,2,0.9,2025-07-14,2025-07-17
60242,Riverside Teaching Hospital,M4,Empathic Communication Quick Course,Gamified Microlearning,62.0,90.1,Completed,4,4.4,1,1.6,2025-07-25,2025-07-29
60242,Riverside Teaching Hospital,M4,Motivational Interviewing Workshop,Blended,77.2,,Not Started,,,0,0.0,2025-06-11,
60242,Riverside Teaching Hospital,M4,Peer Mentorship & Clinical Team Communication,Blended,62.2,88.5,Completed,20,3.8,2,7.6,2025-03-05,2025-03-25
60242,Riverside Teaching Hospital,M4,Physician Wellness & Burnout Prevention,Teacher-Led Virtual,82.3,100.0,Completed,14,4.3,2,3.4,2025-01-10,2025-01-24
60243,University Health Partners,M3,Psychiatric Interviewing & Mental Status Examination,Digital Workbook,63.0,79.8,Completed,24,3.1,2,6.3,2025-07-06,2025-07-30
60243,University Health Partners,M3,"Recognizing Depression, Anxiety & Suicide Risk",Digital Workbook,73.6,79.7,Completed,18,2.4,1,6.2,2025-05-18,2025-06-05
60243,University Health Partners,M3,Trauma-Informed Care & Communication,Digital Workbook,59.6,,Dropped,,1.5,1,1.3,2025-08-21,
60243,University Health Partners,M3,De-escalation Micro-Skills for Acute Distress,Gamified Microlearning,48.8,63.9,Completed,3,5.0,2,1.2,2025-04-28,2025-05-01
60243,University Health Partners,M3,Empathic Communication Quick Course,Gamified Microlearning,83.9,100.0,Completed,5,4.3,2,1.4,2025-01-23,2025-01-28
60243,University Health Partners,M3,Understanding Implicit Bias in Clinical Decision-Making,Digital Workbook,72.0,93.7,Completed,9,3.6,2,2.7,2025-09-28,2025-10-07
60243,University Health Partners,M3,Motivational Interviewing Workshop,Blended,61.6,77.5,Completed,5,3.6,1,2.9,2025-05-25,2025-05-30
60243,University Health Partners,M3,Peer Mentorship & Clinical Team Communication,Blended,81.7,,Not Started,,,0,0.0,2025-04-10,
60244,University Health Partners,M1,Psychiatric Interviewing & Mental Status Examination,Digital Workbook,64.8,,Not Started,,,0,0.0,2025-10-08,
60244,University Health Partners,M1,"Recognizing Depression, Anxiety & Suicide Risk",Digital Workbook,62.5,,In Progress,,2.8,1,1.8,2025-02-06,
60244,University Health Partners,M1,Trauma-Informed Care & Communication,Digital Workbook,54.6,,Dropped,,2.2,3,0.4,2025-03-11,
60244,University Health Partners,M1,De-escalation Micro-Skills for Acute Distress,Gamified Microlearning,59.9,77.8,Completed,4,4.3,2,1.2,2025-02-15,2025-02-19
60244,University Health Partners,M1,Empathic Communication Quick Course,Gamified Microlearning,65.5,88.7,Completed,5,5.0,1,1.4,2025-09-08,2025-09-13
60244,University Health Partners,M1,Understanding Implicit Bias in Clinical Decision-Making,Digital Workbook,48.5,61.2,Completed,10,3.8,2,2.6,2025-07-18,2025-07-28
60244,University Health Partners,M1,Peer Mentorship & Clinical Team Communication,Blended,35.9,45.2,Completed,18,4.7,2,7.4,2025-06-10,2025-06-28
60244,University Health Partners,M1,Intro to Cognitive Behavioral Therapy for Primary Care,Teacher-Led Virtual,40.7,,In Progress,,3.8,2,1.1,2025-06-06,
60245,Riverside Teaching Hospital,M1,Psychiatric Interviewing & Mental Status Examination,Digital Workbook,55.1,57.6,Completed,13,3.7,3,6.8,2025-03-27,2025-04-09
60245,Riverside Teaching Hospital,M1,"Recognizing Depression, Anxiety & Suicide Risk",Digital Workbook,57.7,,Not Started,,,0,0.0,2025-06-27,
60245,Riverside Teaching Hospital,M1,Trauma-Informed Care & Communication,Digital Workbook,45.4,50.9,Completed,12,3.2,1,4.4,2025-10-19,2025-10-31
60245,Riverside Teaching Hospital,M1,De-escalation Micro-Skills for Acute Distress,Gamified Microlearning,40.7,57.7,Completed,2,4.7,1,1.1,2025-06-05,2025-06-07
60245,Riverside Teaching Hospital,M1,Empathic Communication Quick Course,Gamified Microlearning,47.9,71.6,Completed,3,4.4,1,1.5,2025-11-16,2025-11-19
60245,Riverside Teaching Hospital,M1,Understanding Implicit Bias in Clinical Decision-Making,Digital Workbook,56.9,63.1,Completed,10,3.9,1,3.2,2025-04-27,2025-05-07
60245,Riverside Teaching Hospital,M1,Motivational Interviewing Workshop,Blended,70.8,84.3,Completed,8,4.1,3,2.5,2025-11-08,2025-11-16
60245,Riverside Teaching Hospital,M1,Intro to Cognitive Behavioral Therapy for Primary Care,Teacher-Led Virtual,94.0,100.0,Completed,5,3.6,2,3.1,2025-03-25,2025-03-30
60246,Riverside Teaching Hospital,M1,Psychiatric Interviewing & Mental Status Examination,Digital Workbook,48.6,51.7,Completed,15,3.7,2,6.7,2025-06-09,2025-06-24
60246,Riverside Teaching Hospital,M1,"Recognizing Depression, Anxiety & Suicide Risk",Digital Workbook,72.4,75.2,Completed,19,3.4,1,6.7,2025-04-17,2025-05-06
60246,Riverside Teaching Hospital,M1,Trauma-Informed Care & Communication,Digital Workbook,79.0,81.4,Completed,14,3.6,2,4.8,2025-06-16,2025-06-30
60246,Riverside Teaching Hospital,M1,De-escalation Micro-Skills for Acute Distress,Gamified Microlearning,54.4,71.1,Completed,2,5.0,1,1.2,2025-09-09,2025-09-11
60246,Riverside Teaching Hospital,M1,Empathic Communication Quick Course,Gamified Microlearning,52.5,74.3,Completed,6,4.4,2,1.7,2025-02-12,2025-02-18
60246,Riverside Teaching Hospital,M1,Peer Mentorship & Clinical Team Communication,Blended,82.8,95.1,Completed,19,3.8,1,6.4,2025-08-18,2025-09-06
60246,Riverside Teaching Hospital,M1,Motivational Interviewing Workshop,Blended,56.0,67.2,Completed,5,4.2,2,2.8,2025-01-20,2025-01-25
60246,Riverside Teaching Hospital,M1,Physician Wellness & Burnout Prevention,Teacher-Led Virtual,69.7,92.6,Completed,11,3.7,1,4.8,2025-05-06,2025-05-17
60247,Lakeside Medical Center,M1,Psychiatric Interviewing & Mental Status Examination,Digital Workbook,57.6,60.6,Completed,28,3.3,1,6.6,2025-08-04,2025-09-01
60247,Lakeside Medical Center,M1,"Recognizing Depression, Anxiety & Suicide Risk",Digital Workbook,60.2,59.6,Completed,26,3.3,2,5.3,2025-08-02,2025-08-28
60247,Lakeside Medical Center,M1,Trauma-Informed Care & Communication,Digital Workbook,60.0,,In Progress,,3.4,2,1.5,2025-01-18,
60247,Lakeside Medical Center,M1,De-escalation Micro-Skills for Acute Distress,Gamified Microlearning,48.7,64.8,Completed,4,4.4,2,1.2,2025-02-03,2025-02-07
60247,Lakeside Medical Center,M1,Empathic Communication Quick Course,Gamified Microlearning,57.1,73.7,Completed,3,4.5,2,1.7,2025-05-03,2025-05-06
60247,Lakeside Medical Center,M1,Peer Mentorship & Clinical Team Communication,Blended,66.8,,In Progress,,4.2,2,3.9,2025-06-04,
60247,Lakeside Medical Center,M1,Intro to Cognitive Behavioral Therapy for Primary Care,Teacher-Led Virtual,73.3,95.2,Completed,13,4.4,2,3.1,2025-09-18,2025-10-01
60247,Lakeside Medical Center,M1,Physician Wellness & Burnout Prevention,Teacher-Led Virtual,54.8,69.7,Completed,22,4.3,2,4.3,2025-07-17,2025-08-08
60248,Lakeside Medical Center,M3,Psychiatric Interviewing & Mental Status Examination,Digital Workbook,39.4,,Dropped,,1.8,2,2.3,2025-03-16,
60248,Lakeside Medical Center,M3,"Recognizing Depression, Anxiety & Suicide Risk",Digital Workbook,50.5,,Dropped,,1.7,2,2.0,2025-05-14,
60248,Lakeside Medical Center,M3,Trauma-Informed Care & Communication,Digital Workbook,34.1,33.1,Completed,9,3.1,1,5.0,2025-04-27,2025-05-06
60248,Lakeside Medical Center,M3,De-escalation Micro-Skills for Acute Distress,Gamified Microlearning,50.0,71.8,Completed,2,4.7,1,0.9,2025-03-02,2025-03-04
60248,Lakeside Medical Center,M3,Empathic Communication Quick Course,Gamified Microlearning,51.5,,In Progress,,3.5,1,0.7,2025-11-11,
60248,Lakeside Medical Center,M3,Physician Wellness & Burnout Prevention,Teacher-Led Virtual,45.6,64.8,Completed,12,3.8,3,4.0,2025-04-12,2025-04-24
60248,Lakeside Medical Center,M3,Motivational Interviewing Workshop,Blended,57.4,,In Progress,,3.4,2,1.4,2025-04-17,
60249,University Health Partners,M4,Psychiatric Interviewing & Mental Status Examination,Digital Workbook,67.3,,Dropped,,1.9,2,0.3,2025-06-22,
60249,University Health Partners,M4,"Recognizing Depression, Anxiety & Suicide Risk",Digital Workbook,55.1,63.1,Completed,21,3.3,2,6.7,2025-03-30,2025-04-20
60249,University Health Partners,M4,Trauma-Informed Care & Communication,Digital Workbook,73.5,,Not Started,,,0,0.0,2025-03-26,
60249,University Health Partners,M4,De-escalation Micro-Skills for Acute Distress,Gamified Microlearning,55.9,77.3,Completed,5,4.6,1,1.1,2025-02-20,2025-02-25
60249,University Health Partners,M4,Empathic Communication Quick Course,Gamified Microlearning,64.1,86.7,Completed,3,4.7,1,1.4,2025-02-15,2025-02-18
60249,University Health Partners,M4,Motivational Interviewing Workshop,Blended,65.3,89.7,Completed,7,4.9,1,2.8,2025-10-28,2025-11-04
60249,University Health Partners,M4,Physician Wellness & Burnout Prevention,Teacher-Led Virtual,71.8,82.3,Completed,6,4.3,2,3.4,2025-08-19,2025-08-25
60250,Meridian Main Campus,M1,Psychiatric Interviewing & Mental Status Examination,Digital Workbook,65.0,79.8,Completed,19,3.2,2,7.1,2025-01-07,2025-01-26
60250,Meridian Main Campus,M1,"Recognizing Depression, Anxiety & Suicide Risk",Digital Workbook,47.0,,Not Started,,,0,0.0,2025-10-01,
60250,Meridian Main Campus,M1,Trauma-Informed Care & Communication,Digital Workbook,63.3,60.8,Completed,12,2.8,2,5.5,2025-07-14,2025-07-26
60250,Meridian Main Campus,M1,De-escalation Micro-Skills for Acute Distress,Gamified Microlearning,68.6,78.6,Completed,3,3.6,3,0.9,2025-10-11,2025-10-14
60250,Meridian Main Campus,M1,Empathic Communication Quick Course,Gamified Microlearning,72.6,91.4,Completed,5,5.0,1,1.7,2025-05-25,2025-05-30
60250,Meridian Main Campus,M1,Physician Wellness & Burnout Prevention,Teacher-Led Virtual,48.5,59.3,Completed,11,4.4,2,3.6,2025-01-09,2025-01-20
60250,Meridian Main Campus,M1,Understanding Implicit Bias in Clinical Decision-Making,Digital Workbook,77.6,100.0,Completed,10,3.9,1,2.9,2025-04-07,2025-04-17
60251,Meridian Main Campus,M3,Psychiatric Interviewing & Mental Status Examination,Digital Workbook,74.3,97.3,Completed,14,3.6,1,7.0,2025-09-05,2025-09-19
60251,Meridian Main Campus,M3,"Recognizing Depression, Anxiety & Suicide Risk",Digital Workbook,63.2,,Not Started,,,0,0.0,2025-08-29,
60251,Meridian Main Campus,M3,Trauma-Informed Care & Communication,Digital Workbook,72.7,,Not Started,,,0,0.0,2025-05-19,
60251,Meridian Main Campus,M3,De-escalation Micro-Skills for Acute Distress,Gamified Microlearning,62.5,87.2,Completed,1,3.7,1,0.9,2025-05-25,2025-05-26
60251,Meridian Main Campus,M3,Empathic Communication Quick Course,Gamified Microlearning,70.7,94.0,Completed,2,4.7,1,1.3,2025-03-24,2025-03-26
60251,Meridian Main Campus,M3,Peer Mentorship & Clinical Team Communication,Blended,74.3,100.0,Completed,16,4.1,2,5.7,2025-02-19,2025-03-07
60251,Meridian Main Campus,M3,Understanding Implicit Bias in Clinical Decision-Making,Digital Workbook,87.0,,Not Started,,,0,0.0,2025-03-18,
60252,Community Health Institute,M3,Psychiatric Interviewing & Mental Status Examination,Digital Workbook,54.6,73.7,Completed,19,3.8,2,5.4,2025-03-08,2025-03-27
60252,Community Health Institute,M3,"Recognizing Depression, Anxiety & Suicide Risk",Digital Workbook,53.1,52.3,Completed,20,3.6,1,6.7,2025-06-10,2025-06-30
60252,Community Health Institute,M3,Trauma-Informed Care & Communication,Digital Workbook,87.6,,In Progress,,2.4,1,2.4,2025-01-20,
60252,Community Health Institute,M3,De-escalation Micro-Skills for Acute Distress,Gamified Microlearning,68.4,91.8,Completed,4,4.2,1,1.3,2025-07-14,2025-07-18
60252,Community Health Institute,M3,Empathic Communication Quick Course,Gamified Microlearning,67.7,92.3,Completed,3,4.2,1,1.8,2025-10-28,2025-10-31
60252,Community Health Institute,M3,Motivational Interviewing Workshop,Blended,60.3,80.5,Completed,9,4.8,3,2.6,2025-11-10,2025-11-19
60252,Community Health Institute,M3,Peer Mentorship & Clinical Team Communication,Blended,53.8,71.2,Completed,12,3.7,1,7.2,2025-03-12,2025-03-24
60253,Riverside Teaching Hospital,M3,Psychiatric Interviewing & Mental Status Examination,Digital Workbook,51.7,58.9,Completed,10,3.1,2,6.4,2025-02-04,2025-02-14
60253,Riverside Teaching Hospital,M3,"Recognizing Depression, Anxiety & Suicide Risk",Digital Workbook,79.0,84.4,Completed,26,3.4,1,6.3,2025-09-07,2025-10-03
60253,Riverside Teaching Hospital,M3,Trauma-Informed Care & Communication,Digital Workbook,61.2,,In Progress,,2.8,1,1.4,2025-06-09,
60253,Riverside Teaching Hospital,M3,De-escalation Micro-Skills for Acute Distress,Gamified Microlearning,53.2,77.3,Completed,6,4.3,1,1.2,2025-02-05,2025-02-11
60253,Riverside Teaching Hospital,M3,Empathic Communication Quick Course,Gamified Microlearning,57.0,86.2,Completed,6,4.0,2,1.8,2025-10-03,2025-10-09
60253,Riverside Teaching Hospital,M3,Peer Mentorship & Clinical Team Communication,Blended,70.6,87.7,Completed,34,4.5,2,6.2,2025-07-19,2025-08-22
60253,Riverside Teaching Hospital,M3,Understanding Implicit Bias in Clinical Decision-Making,Digital Workbook,64.2,80.4,Completed,7,3.4,1,3.0,2025-09-04,2025-09-11
60253,Riverside Teaching Hospital,M3,Intro to Cognitive Behavioral Therapy for Primary Care,Teacher-Led Virtual,59.8,70.7,Completed,8,3.6,2,2.6,2025-04-17,2025-04-25
60254,Community Health Institute,M3,Psychiatric Interviewing & Mental Status Examination,Digital Workbook,44.0,47.5,Completed,26,2.5,2,7.1,2025-10-20,2025-11-15
60254,Community Health Institute,M3,"Recognizing Depression, Anxiety & Suicide Risk",Digital Workbook,59.3,68.9,Completed,19,3.3,1,6.1,2025-02-28,2025-03-19
60254,Community Health Institute,M3,Trauma-Informed Care & Communication,Digital Workbook,38.3,,Not Started,,,0,0.0,2025-01-13,
60254,Community Health Institute,M3,De-escalation Micro-Skills for Acute Distress,Gamified Microlearning,54.0,70.2,Completed,4,4.9,2,1.1,2025-08-25,2025-08-29
60254,Community Health Institute,M3,Empathic Communication Quick Course,Gamified Microlearning,65.2,80.3,Completed,6,5.0,1,1.7,2025-10-27,2025-11-02
60254,Community Health Institute,M3,Understanding Implicit Bias in Clinical Decision-Making,Digital Workbook,49.8,70.7,Completed,9,4.1,2,3.1,2025-08-19,2025-08-28
60254,Community Health Institute,M3,Physician Wellness & Burnout Prevention,Teacher-Led Virtual,61.4,79.4,Completed,11,4.1,3,4.1,2025-09-03,2025-09-14
60255,Community Health Institute,M2,Psychiatric Interviewing & Mental Status Examination,Digital Workbook,50.8,47.7,Completed,21,2.3,1,7.5,2025-06-15,2025-07-06
60255,Community Health Institute,M2,"Recognizing Depression, Anxiety & Suicide Risk",Digital Workbook,50.1,,Dropped,,1.3,2,1.1,2025-02-12,
60255,Community Health Institute,M2,Trauma-Informed Care & Communication,Digital Workbook,55.5,57.6,Completed,17,3.2,3,5.0,2025-07-09,2025-07-26
60255,Community Health Institute,M2,De-escalation Micro-Skills for Acute Distress,Gamified Microlearning,30.9,42.5,Completed,3,4.7,1,1.1,2025-03-17,2025-03-20
60255,Community Health Institute,M2,Empathic Communication Quick Course,Gamified Microlearning,55.6,72.4,Completed,7,4.9,2,1.7,2025-02-08,2025-02-15
60255,Community Health Institute,M2,Intro to Cognitive Behavioral Therapy for Primary Care,Teacher-Led Virtual,37.5,41.3,Completed,9,3.8,2,2.6,2025-09-14,2025-09-23
60255,Community Health Institute,M2,Physician Wellness & Burnout Prevention,Teacher-Led Virtual,56.9,75.0,Completed,19,4.0,2,3.9,2025-11-05,2025-11-24
60256,Lakeside Medical Center,M4,Psychiatric Interviewing & Mental Status Examination,Digital Workbook,41.7,,Dropped,,2.2,3,0.5,2025-05-06,
60256,Lakeside Medical Center,M4,"Recognizing Depression, Anxiety & Suicide Risk",Digital Workbook,25.1,24.0,Completed,3,3.9,3,6.1,2025-02-01,2025-02-04
60256,Lakeside Medical Center,M4,Trauma-Informed Care & Communication,Digital Workbook,45.4,,Dropped,,1.9,3,0.8,2025-09-01,
60256,Lakeside Medical Center,M4,De-escalation Micro-Skills for Acute Distress,Gamified Microlearning,48.9,66.0,Completed,3,4.1,2,1.1,2025-11-05,2025-11-08
60256,Lakeside Medical Center,M4,Empathic Communication Quick Course,Gamified Microlearning,34.6,50.7,Completed,6,4.4,1,1.4,2025-01-07,2025-01-13
60256,Lakeside Medical Center,M4,Understanding Implicit Bias in Clinical Decision-Making,Digital Workbook,50.5,59.5,Completed,4,3.6,1,2.8,2025-05-16,2025-05-20
60257,University Health Partners,M1,Psychiatric Interviewing & Mental Status Examination,Digital Workbook,67.6,72.9,Completed,11,2.9,2,7.8,2025-10-05,2025-10-16
60257,University Health Partners,M1,"Recognizing Depression, Anxiety & Suicide Risk",Digital Workbook,56.5,63.0,Completed,22,2.9,2,5.8,2025-02-01,2025-02-23
60257,University Health Partners,M1,Trauma-Informed Care & Communication,Digital Workbook,61.4,,Not Started,,,0,0.0,2025-06-07,
60257,University Health Partners,M1,De-escalation Micro-Skills for Acute Distress,Gamified Microlearning,54.5,77.7,Completed,1,4.9,2,1.0,2025-03-13,2025-03-14
60257,University Health Partners,M1,Empathic Communication Quick Course,Gamified Microlearning,53.9,69.9,Completed,3,5.0,1,1.9,2025-09-18,2025-09-21
60257,University Health Partners,M1,Motivational Interviewing Workshop,Blended,47.3,60.6,Completed,8,4.5,1,2.9,2025-11-06,2025-11-14
60257,University Health Partners,M1,Peer Mentorship & Clinical Team Communication,Blended,59.9,65.0,Completed,19,3.8,3,5.2,2025-05-19,2025-06-07
60258,Riverside Teaching Hospital,M1,Psychiatric Interviewing & Mental Status Examination,Digital Workbook,77.2,,In Progress,,2.5,2,1.9,2025-03-25,
60258,Riverside Teaching Hospital,M1,"Recognizing Depression, Anxiety & Suicide Risk",Digital Workbook,66.2,67.6,Completed,18,3.0,1,6.6,2025-08-23,2025-09-10
60258,Riverside Teaching Hospital,M1,Trauma-Informed Care & Communication,Digital Workbook,43.6,,Dropped,,1.8,2,1.4,2025-02-22,
60258,Riverside Teaching Hospital,M1,De-escalation Micro-Skills for Acute Distress,Gamified Microlearning,63.5,71.0,Completed,3,4.9,2,1.1,2025-08-22,2025-08-25
60258,Riverside Teaching Hospital,M1,Empathic Communication Quick Course,Gamified Microlearning,67.8,83.4,Completed,5,4.5,2,1.6,2025-08-16,2025-08-21
60258,Riverside Teaching Hospital,M1,Physician Wellness & Burnout Prevention,Teacher-Led Virtual,42.3,60.7,Completed,13,4.2,1,3.8,2025-01-12,2025-01-25
60258,Riverside Teaching Hospital,M1,Motivational Interviewing Workshop,Blended,50.3,69.1,Completed,5,4.9,2,3.2,2025-10-09,2025-10-14
60259,Riverside Teaching Hospital,M4,Psychiatric Interviewing & Mental Status Examination,Digital Workbook,72.0,,Not Started,,,0,0.0,2025-08-24,
60259,Riverside Teaching Hospital,M4,"Recognizing Depression, Anxiety & Suicide Risk",Digital Workbook,59.1,71.6,Completed,21,4.1,3,6.1,2025-09-24,2025-10-15
60259,Riverside Teaching Hospital,M4,Trauma-Informed Care & Communication,Digital Workbook,49.5,57.5,Completed,23,3.5,1,5.8,2025-10-07,2025-10-30
60259,Riverside Teaching Hospital,M4,De-escalation Micro-Skills for Acute Distress,Gamified Microlearning,40.0,62.1,Completed,2,4.4,1,1.2,2025-10-23,2025-10-25
60259,Riverside Teaching Hospital,M4,Empathic Communication Quick Course,Gamified Microlearning,35.3,50.0,Completed,2,5.0,1,1.7,2025-07-09,2025-07-11
60259,Riverside Teaching Hospital,M4,Peer Mentorship & Clinical Team Communication,Blended,60.4,76.0,Completed,23,4.4,2,6.4,2025-11-18,2025-12-11
60259,Riverside Teaching Hospital,M4,Intro to Cognitive Behavioral Therapy for Primary Care,Teacher-Led Virtual,65.5,77.7,Completed,11,4.7,2,3.3,2025-04-05,2025-04-16
60260,Community Health Institute,M2,Psychiatric Interviewing & Mental Status Examination,Digital Workbook,58.5,,In Progress,,2.5,1,2.5,2025-09-11,
60260,Community Health Institute,M2,"Recognizing Depression, Anxiety & Suicide Risk",Digital Workbook,50.6,57.6,Completed,21,3.5,3,7.0,2025-03-12,2025-04-02
60260,Community Health Institute,M2,Trauma-Informed Care & Communication,Digital Workbook,46.5,,In Progress,,2.2,2,3.1,2025-07-09,
60260,Community Health Institute,M2,De-escalation Micro-Skills for Acute Distress,Gamified Microlearning,44.4,56.1,Completed,3,4.0,1,1.1,2025-06-23,2025-06-26
60260,Community Health Institute,M2,Empathic Communication Quick Course,Gamified Microlearning,50.4,68.3,Completed,4,4.1,2,1.7,2025-07-07,2025-07-11
60260,Community Health Institute,M2,Peer Mentorship & Clinical Team Communication,Blended,64.1,77.6,Completed,12,4.2,2,7.1,2025-04-11,2025-04-23
60260,Community Health Institute,M2,Physician Wellness & Burnout Prevention,Teacher-Led Virtual,60.1,71.2,Completed,9,3.8,2,4.3,2025-11-17,2025-11-26
60261,University Health Partners,M1,Psychiatric Interviewing & Mental Status Examination,Digital Workbook,67.5,75.0,Completed,25,3.5,1,6.8,2025-04-24,2025-05-19
60261,University Health Partners,M1,"Recognizing Depression, Anxiety & Suicide Risk",Digital Workbook,60.8,,Dropped,,2.2,2,0.7,2025-06-24,
60261,University Health Partners,M1,Trauma-Informed Care & Communication,Digital Workbook,57.3,,Not Started,,,0,0.0,2025-04-29,
60261,University Health Partners,M1,De-escalation Micro-Skills for Acute Distress,Gamified Microlearning,23.7,39.8,Completed,1,4.1,2,1.2,2025-07-24,2025-07-25
60261,University Health Partners,M1,Empathic Communication Quick Course,Gamified Microlearning,50.3,54.0,Completed,4,4.9,1,1.5,2025-08-11,2025-08-15
60261,University Health Partners,M1,Intro to Cognitive Behavioral Therapy for Primary Care,Teacher-Led Virtual,55.0,73.2,Completed,9,3.9,1,3.7,2025-09-12,2025-09-21
60262,Meridian Main Campus,M2,Psychiatric Interviewing & Mental Status Examination,Digital Workbook,67.5,74.8,Completed,11,4.1,2,5.7,2025-01-23,2025-02-03
60262,Meridian Main Campus,M2,"Recognizing Depression, Anxiety & Suicide Risk",Digital Workbook,45.8,46.7,Completed,14,3.6,1,6.4,2025-02-19,2025-03-05
60262,Meridian Main Campus,M2,Trauma-Informed Care & Communication,Digital Workbook,45.6,43.3,Completed,12,3.2,3,4.0,2025-05-18,2025-05-30
60262,Meridian Main Campus,M2,De-escalation Micro-Skills for Acute Distress,Gamified Microlearning,66.4,92.3,Completed,3,4.8,2,0.9,2025-02-07,2025-02-10
60262,Meridian Main Campus,M2,Empathic Communication Quick Course,Gamified Microlearning,54.6,78.1,Completed,6,4.4,1,1.4,2025-08-13,2025-08-19
60262,Meridian Main Campus,M2,Understanding Implicit Bias in Clinical Decision-Making,Digital Workbook,55.8,74.9,Completed,10,3.2,1,3.7,2025-04-04,2025-04-14
60262,Meridian Main Campus,M2,Peer Mentorship & Clinical Team Communication,Blended,69.5,95.9,Completed,23,4.3,2,5.1,2025-09-11,2025-10-04
60263,University Health Partners,M4,Psychiatric Interviewing & Mental Status Examination,Digital Workbook,44.8,60.1,Completed,22,3.0,2,5.7,2025-03-27,2025-04-18
60263,University Health Partners,M4,"Recognizing Depression, Anxiety & Suicide Risk",Digital Workbook,54.0,65.5,Completed,17,3.2,2,6.6,2025-07-04,2025-07-21
60263,University Health Partners,M4,Trauma-Informed Care & Communication,Digital Workbook,58.3,56.3,Completed,11,3.5,1,4.6,2025-09-28,2025-10-09
60263,University Health Partners,M4,De-escalation Micro-Skills for Acute Distress,Gamified Microlearning,49.7,73.3,Completed,2,4.4,1,1.0,2025-09-23,2025-09-25
60263,University Health Partners,M4,Empathic Communication Quick Course,Gamified Microlearning,49.6,63.9,Completed,4,5.0,2,1.3,2025-01-28,2025-02-01
60263,University Health Partners,M4,Motivational Interviewing Workshop,Blended,42.3,49.4,Completed,6,4.3,2,2.1,2025-09-26,2025-10-02
60263,University Health Partners,M4,Intro to Cognitive Behavioral Therapy for Primary Care,Teacher-Led Virtual,49.6,58.7,Completed,12,4.1,2,3.8,2025-10-26,2025-11-07
60263,University Health Partners,M4,Understanding Implicit Bias in Clinical Decision-Making,Digital Workbook,53.3,65.1,Completed,5,4.4,2,3.3,2025-03-28,2025-04-02
60264,University Health Partners,M1,Psychiatric Interviewing & Mental Status Examination,Digital Workbook,48.3,51.9,Completed,26,3.6,1,5.9,2025-06-04,2025-06-30
60264,University Health Partners,M1,"Recognizing Depression, Anxiety & Suicide Risk",Digital Workbook,63.1,65.0,Completed,16,2.9,2,5.9,2025-11-12,2025-11-28
60264,University Health Partners,M1,Trauma-Informed Care & Communication,Digital Workbook,67.7,68.9,Completed,15,2.8,1,3.9,2025-06-21,2025-07-06
60264,University Health Partners,M1,De-escalation Micro-Skills for Acute Distress,Gamified Microlearning,77.7,99.2,Completed,1,4.5,1,0.9,2025-01-08,2025-01-09
60264,University Health Partners,M1,Empathic Communication Quick Course,Gamified Microlearning,36.5,65.5,Completed,4,5.0,2,1.7,2025-10-08,2025-10-12
60264,University Health Partners,M1,Peer Mentorship & Clinical Team Communication,Blended,44.8,57.9,Completed,17,5.0,1,6.0,2025-05-06,2025-05-23
60265,Lakeside Medical Center,M2,Psychiatric Interviewing & Mental Status Examination,Digital Workbook,55.6,65.4,Completed,14,3.8,3,6.0,2025-08-04,2025-08-18
60265,Lakeside Medical Center,M2,"Recognizing Depression, Anxiety & Suicide Risk",Digital Workbook,41.6,48.8,Completed,15,3.0,1,6.3,2025-11-01,2025-11-16
60265,Lakeside Medical Center,M2,Trauma-Informed Care & Communication,Digital Workbook,46.5,,Not Started,,,0,0.0,2025-05-01,
60265,Lakeside Medical Center,M2,De-escalation Micro-Skills for Acute Distress,Gamified Microlearning,62.2,82.2,Completed,3,4.9,1,1.0,2025-09-27,2025-09-30
60265,Lakeside Medical Center,M2,Empathic Communication Quick Course,Gamified Microlearning,61.0,76.8,Completed,4,4.6,1,1.5,2025-09-07,2025-09-11
60265,Lakeside Medical Center,M2,Physician Wellness & Burnout Prevention,Teacher-Led Virtual,57.9,70.1,Completed,14,3.9,2,3.5,2025-11-07,2025-11-21
60266,Riverside Teaching Hospital,M2,Psychiatric Interviewing & Mental Status Examination,Digital Workbook,50.5,59.1,Completed,18,3.6,1,6.1,2025-04-15,2025-05-03
60266,Riverside Teaching Hospital,M2,"Recognizing Depression, Anxiety & Suicide Risk",Digital Workbook,86.3,,In Progress,,2.2,1,3.1,2025-08-22,
60266,Riverside Teaching Hospital,M2,Trauma-Informed Care & Communication,Digital Workbook,61.9,71.5,Completed,10,3.1,2,5.6,2025-08-06,2025-08-16
60266,Riverside Teaching Hospital,M2,De-escalation Micro-Skills for Acute Distress,Gamified Microlearning,54.8,83.1,Completed,2,4.4,1,1.1,2025-11-13,2025-11-15
60266,Riverside Teaching Hospital,M2,Empathic Communication Quick Course,Gamified Microlearning,55.7,76.7,Completed,9,4.5,2,1.7,2025-03-25,2025-04-03
60266,Riverside Teaching Hospital,M2,Understanding Implicit Bias in Clinical Decision-Making,Digital Workbook,36.0,58.9,Completed,14,4.3,1,2.7,2025-02-26,2025-03-12
60266,Riverside Teaching Hospital,M2,Physician Wellness & Burnout Prevention,Teacher-Led Virtual,62.1,76.9,Completed,13,4.0,1,5.0,2025-03-10,2025-03-23
60267,Meridian Main Campus,M4,Psychiatric Interviewing & Mental Status Examination,Digital Workbook,68.7,77.0,Completed,10,3.5,3,6.2,2025-01-10,2025-01-20
60267,Meridian Main Campus,M4,"Recognizing Depression, Anxiety & Suicide Risk",Digital Workbook,60.2,,In Progress,,2.7,2,3.2,2025-08-29,
60267,Meridian Main Campus,M4,Trauma-Informed Care & Communication,Digital Workbook,73.3,,In Progress,,2.2,1,2.5,2025-11-03,
60267,Meridian Main Campus,M4,De-escalation Micro-Skills for Acute Distress,Gamified Microlearning,57.8,68.8,Completed,1,4.5,1,1.1,2025-05-19,2025-05-20
60267,Meridian Main Campus,M4,Empathic Communication Quick Course,Gamified Microlearning,65.1,83.5,Completed,3,4.5,1,1.4,2025-11-15,2025-11-18
60267,Meridian Main Campus,M4,Physician Wellness & Burnout Prevention,Teacher-Led Virtual,47.9,63.4,Completed,11,3.9,1,4.3,2025-07-20,2025-07-31
60267,Meridian Main Campus,M4,Motivational Interviewing Workshop,Blended,48.8,60.2,Completed,15,3.9,2,3.1,2025-04-17,2025-05-02
60267,Meridian Main Campus,M4,Peer Mentorship & Clinical Team Communication,Blended,40.1,63.4,Completed,13,4.2,1,6.1,2025-11-12,2025-11-25
60268,Lakeside Medical Center,M2,Psychiatric Interviewing & Mental Status Examination,Digital Workbook,61.3,66.4,Completed,17,2.9,2,6.9,2025-05-26,2025-06-12
60268,Lakeside Medical Center,M2,"Recognizing Depression, Anxiety & Suicide Risk",Digital Workbook,64.3,,In Progress,,3.3,3,2.0,2025-07-10,
60268,Lakeside Medical Center,M2,Trauma-Informed Care & Communication,Digital Workbook,67.7,79.2,Completed,18,2.6,1,4.1,2025-11-10,2025-11-28
60268,Lakeside Medical Center,M2,De-escalation Micro-Skills for Acute Distress,Gamified Microlearning,70.1,85.0,Completed,3,3.8,1,1.0,2025-04-13,2025-04-16
60268,Lakeside Medical Center,M2,Empathic Communication Quick Course,Gamified Microlearning,54.8,76.5,Completed,4,4.8,1,1.9,2025-07-21,2025-07-25
60268,Lakeside Medical Center,M2,Understanding Implicit Bias in Clinical Decision-Making,Digital Workbook,74.8,,Not Started,,,0,0.0,2025-07-05,
60268,Lakeside Medical Center,M2,Physician Wellness & Burnout Prevention,Teacher-Led Virtual,59.0,,In Progress,,4.0,2,2.8,2025-09-09,
60269,University Health Partners,M2,Psychiatric Interviewing & Mental Status Examination,Digital Workbook,32.3,,In Progress,,2.7,2,3.1,2025-05-01,
60269,University Health Partners,M2,"Recognizing Depression, Anxiety & Suicide Risk",Digital Workbook,55.6,60.9,Completed,14,4.3,3,6.0,2025-07-20,2025-08-03
60269,University Health Partners,M2,Trauma-Informed Care & Communication,Digital Workbook,57.0,,Dropped,,1.6,4,1.3,2025-06-02,
60269,University Health Partners,M2,De-escalation Micro-Skills for Acute Distress,Gamified Microlearning,52.4,56.5,Completed,3,4.4,2,0.9,2025-10-23,2025-10-26
60269,University Health Partners,M2,Empathic Communication Quick Course,Gamified Microlearning,60.9,87.3,Completed,4,4.8,2,1.7,2025-07-11,2025-07-15
60269,University Health Partners,M2,Understanding Implicit Bias in Clinical Decision-Making,Digital Workbook,54.9,67.3,Completed,11,3.7,1,2.8,2025-03-21,2025-04-01
60269,University Health Partners,M2,Motivational Interviewing Workshop,Blended,46.9,61.0,Completed,9,4.6,1,2.6,2025-07-05,2025-07-14
60269,University Health Partners,M2,Physician Wellness & Burnout Prevention,Teacher-Led Virtual,52.6,70.4,Completed,20,4.4,3,4.7,2025-11-18,2025-12-08
60270,University Health Partners,M3,Psychiatric Interviewing & Mental Status Examination,Digital Workbook,70.9,77.5,Completed,31,3.5,2,6.7,2025-11-15,2025-12-16
60270,University Health Partners,M3,"Recognizing Depression, Anxiety & Suicide Risk",Digital Workbook,52.1,66.4,Completed,18,3.3,1,6.9,2025-03-08,2025-03-26
60270,University Health Partners,M3,Trauma-Informed Care & Communication,Digital Workbook,60.8,71.7,Completed,9,3.1,1,5.5,2025-08-23,2025-09-01
60270,University Health Partners,M3,De-escalation Micro-Skills for Acute Distress,Gamified Microlearning,55.6,64.3,Completed,2,4.2,3,1.2,2025-05-17,2025-05-19
60270,University Health Partners,M3,Empathic Communication Quick Course,Gamified Microlearning,60.4,80.7,Completed,1,4.7,1,1.4,2025-04-20,2025-04-21
60270,University Health Partners,M3,Physician Wellness & Burnout Prevention,Teacher-Led Virtual,48.7,,In Progress,,4.8,2,2.2,2025-08-31,
60271,Lakeside Medical Center,M4,Psychiatric Interviewing & Mental Status Examination,Digital Workbook,69.2,,Not Started,,,0,0.0,2025-09-04,
60271,Lakeside Medical Center,M4,"Recognizing Depression, Anxiety & Suicide Risk",Digital Workbook,74.0,,In Progress,,2.5,2,3.2,2025-07-13,
60271,Lakeside Medical Center,M4,Trauma-Informed Care & Communication,Digital Workbook,39.2,53.9,Completed,15,3.0,3,4.5,2025-10-19,2025-11-03
60271,Lakeside Medical Center,M4,De-escalation Micro-Skills for Acute Distress,Gamified Microlearning,69.5,84.8,Completed,3,4.3,2,1.1,2025-09-23,2025-09-26
60271,Lakeside Medical Center,M4,Empathic Communication Quick Course,Gamified Microlearning,55.4,75.5,Completed,5,4.2,2,1.7,2025-11-06,2025-11-11
60271,Lakeside Medical Center,M4,Physician Wellness & Burnout Prevention,Teacher-Led Virtual,57.0,66.2,Completed,14,4.0,1,3.8,2025-02-04,2025-02-18
60271,Lakeside Medical Center,M4,Understanding Implicit Bias in Clinical Decision-Making,Digital Workbook,62.2,79.5,Completed,4,3.3,1,3.2,2025-10-22,2025-10-26
60272,University Health Partners,M1,Psychiatric Interviewing & Mental Status Examination,Digital Workbook,81.2,,In Progress,,2.3,2,1.9,2025-01-27,
60272,University Health Partners,M1,"Recognizing Depression, Anxiety & Suicide Risk",Digital Workbook,95.0,100.0,Completed,22,3.1,1,6.7,2025-05-18,2025-06-09
60272,University Health Partners,M1,Trauma-Informed Care & Communication,Digital Workbook,63.7,77.8,Completed,7,2.7,1,5.3,2025-10-11,2025-10-18
60272,University Health Partners,M1,De-escalation Micro-Skills for Acute Distress,Gamified Microlearning,55.1,78.8,Completed,3,3.8,1,1.0,2025-02-12,2025-02-15
60272,University Health Partners,M1,Empathic Communication Quick Course,Gamified Microlearning,55.3,78.2,Completed,4,4.8,1,1.8,2025-09-15,2025-09-19
60272,University Health Partners,M1,Understanding Implicit Bias in Clinical Decision-Making,Digital Workbook,58.7,81.3,Completed,11,3.9,1,3.9,2025-05-06,2025-05-17
60272,University Health Partners,M1,Motivational Interviewing Workshop,Blended,57.5,69.5,Completed,11,4.7,2,3.2,2025-04-27,2025-05-08
60272,University Health Partners,M1,Physician Wellness & Burnout Prevention,Teacher-Led Virtual,44.5,53.5,Completed,8,4.3,1,4.6,2025-04-13,2025-04-21
60273,Riverside Teaching Hospital,M1,Psychiatric Interviewing & Mental Status Examination,Digital Workbook,76.4,89.5,Completed,26,3.6,1,7.1,2025-07-05,2025-07-31
60273,Riverside Teaching Hospital,M1,"Recognizing Depression, Anxiety & Suicide Risk",Digital Workbook,78.6,88.0,Completed,25,2.3,1,4.8,2025-09-09,2025-10-04
60273,Riverside Teaching Hospital,M1,Trauma-Informed Care & Communication,Digital Workbook,70.0,81.8,Completed,10,3.6,2,4.1,2025-10-25,2025-11-04
60273,Riverside Teaching Hospital,M1,De-escalation Micro-Skills for Acute Distress,Gamified Microlearning,73.9,98.5,Completed,3,4.6,1,0.9,2025-08-04,2025-08-07
60273,Riverside Teaching Hospital,M1,Empathic Communication Quick Course,Gamified Microlearning,57.0,76.6,Completed,4,4.8,1,1.5,2025-09-12,2025-09-16
60273,Riverside Teaching Hospital,M1,Motivational Interviewing Workshop,Blended,66.9,86.0,Completed,5,4.3,1,2.6,2025-03-05,2025-03-10
60273,Riverside Teaching Hospital,M1,Understanding Implicit Bias in Clinical Decision-Making,Digital Workbook,42.5,57.1,Completed,8,4.2,2,2.8,2025-06-04,2025-06-12
60274,Riverside Teaching Hospital,M4,Psychiatric Interviewing & Mental Status Examination,Digital Workbook,85.0,,Dropped,,1.2,3,2.4,2025-07-12,
60274,Riverside Teaching Hospital,M4,"Recognizing Depression, Anxiety & Suicide Risk",Digital Workbook,70.9,,In Progress,,3.3,3,3.0,2025-02-20,
60274,Riverside Teaching Hospital,M4,Trauma-Informed Care & Communication,Digital Workbook,77.5,,In Progress,,2.2,1,2.2,2025-06-04,
60274,Riverside Teaching Hospital,M4,De-escalation Micro-Skills for Acute Distress,Gamified Microlearning,63.6,89.1,Completed,1,4.2,2,1.1,2025-01-13,2025-01-14
60274,Riverside Teaching Hospital,M4,Empathic Communication Quick Course,Gamified Microlearning,70.5,94.9,Completed,5,4.6,1,1.4,2025-07-01,2025-07-06
60274,Riverside Teaching Hospital,M4,Motivational Interviewing Workshop,Blended,64.8,85.8,Completed,1,4.5,1,2.4,2025-05-28,2025-05-29
60274,Riverside Teaching Hospital,M4,Intro to Cognitive Behavioral Therapy for Primary Care,Teacher-Led Virtual,69.0,92.7,Completed,10,4.4,1,3.0,2025-02-28,2025-03-10
60274,Riverside Teaching Hospital,M4,Understanding Implicit Bias in Clinical Decision-Making,Digital Workbook,69.7,92.9,Completed,8,3.8,1,3.0,2025-07-14,2025-07-22
60275,Riverside Teaching Hospital,M3,Psychiatric Interviewing & Mental Status Examination,Digital Workbook,55.7,63.6,Completed,15,3.7,2,7.7,2025-07-16,2025-07-31
60275,Riverside Teaching Hospital,M3,"Recognizing Depression, Anxiety & Suicide Risk",Digital Workbook,75.1,80.4,Completed,15,4.1,1,4.9,2025-10-12,2025-10-27
60275,Riverside Teaching Hospital,M3,Trauma-Informed Care & Communication,Digital Workbook,69.7,76.2,Completed,4,3.2,3,5.2,2025-09-20,2025-09-24
60275,Riverside Teaching Hospital,M3,De-escalation Micro-Skills for Acute Distress,Gamified Microlearning,62.0,81.7,Completed,3,4.3,2,1.1,2025-03-09,2025-03-12
60275,Riverside Teaching Hospital,M3,Empathic Communication Quick Course,Gamified Microlearning,68.7,94.2,Completed,4,5.0,1,1.6,2025-01-12,2025-01-16
60275,Riverside Teaching Hospital,M3,Physician Wellness & Burnout Prevention,Teacher-Led Virtual,55.1,65.5,Completed,13,4.1,2,4.1,2025-02-11,2025-02-24
60275,Riverside Teaching Hospital,M3,Understanding Implicit Bias in Clinical Decision-Making,Digital Workbook,44.9,57.0,Completed,11,4.0,1,3.1,2025-08-06,2025-08-17
60276,Meridian Main Campus,M3,Psychiatric Interviewing & Mental Status Examination,Digital Workbook,68.0,75.0,Completed,16,2.8,2,5.5,2025-08-08,2025-08-24
60276,Meridian Main Campus,M3,"Recognizing Depression, Anxiety & Suicide Risk",Digital Workbook,56.5,,In Progress,,2.6,1,2.7,2025-01-09,
60276,Meridian Main Campus,M3,Trauma-Informed Care & Communication,Digital Workbook,65.1,72.7,Completed,13,2.9,2,4.4,2025-08-04,2025-08-17
60276,Meridian Main Campus,M3,De-escalation Micro-Skills for Acute Distress,Gamified Microlearning,51.5,73.6,Completed,4,4.3,1,1.0,2025-09-08,2025-09-12
60276,Meridian Main Campus,M3,Empathic Communication Quick Course,Gamified Microlearning,59.8,72.9,Completed,6,4.4,2,1.3,2025-10-19,2025-10-25
60276,Meridian Main Campus,M3,Peer Mentorship & Clinical Team Communication,Blended,49.9,68.9,Completed,25,3.4,2,6.1,2025-01-12,2025-02-06
60276,Meridian Main Campus,M3,Intro to Cognitive Behavioral Therapy for Primary Care,Teacher-Led Virtual,49.8,57.4,Completed,8,4.5,2,2.6,2025-06-23,2025-07-01
60277,Community Health Institute,M3,Psychiatric Interviewing & Mental Status Examination,Digital Workbook,76.2,95.9,Completed,4,3.4,1,5.3,2025-06-19,2025-06-23
60277,Community Health Institute,M3,"Recognizing Depression, Anxiety & Suicide Risk",Digital Workbook,70.3,,Dropped,,1.8,2,1.1,2025-01-28,
60277,Community Health Institute,M3,Trauma-Informed Care & Communication,Digital Workbook,65.7,74.5,Completed,16,3.4,2,4.8,2025-10-07,2025-10-23
60277,Community Health Institute,M3,De-escalation Micro-Skills for Acute Distress,Gamified Microlearning,50.4,71.5,Completed,3,4.4,1,1.3,2025-11-13,2025-11-16
60277,Community Health Institute,M3,Empathic Communication Quick Course,Gamified Microlearning,62.3,89.8,Completed,6,4.9,1,1.8,2025-10-04,2025-10-10
60277,Community Health Institute,M3,Peer Mentorship & Clinical Team Communication,Blended,64.6,82.5,Completed,18,3.7,2,7.3,2025-05-28,2025-06-15
60277,Community Health Institute,M3,Physician Wellness & Burnout Prevention,Teacher-Led Virtual,74.5,89.6,Completed,5,3.9,1,4.1,2025-10-28,2025-11-02
60278,Lakeside Medical Center,M4,Psychiatric Interviewing & Mental Status Examination,Digital Workbook,63.3,63.3,Completed,10,3.6,2,6.1,2025-10-14,2025-10-24
60278,Lakeside Medical Center,M4,"Recognizing Depression, Anxiety & Suicide Risk",Digital Workbook,39.1,32.8,Completed,16,3.4,2,4.9,2025-02-22,2025-03-10
60278,Lakeside Medical Center,M4,Trauma-Informed Care & Communication,Digital Workbook,51.5,,In Progress,,2.3,2,2.5,2025-01-22,
60278,Lakeside Medical Center,M4,De-escalation Micro-Skills for Acute Distress,Gamified Microlearning,47.5,70.1,Completed,3,4.0,1,1.3,2025-10-10,2025-10-13
60278,Lakeside Medical Center,M4,Empathic Communication Quick Course,Gamified Microlearning,52.6,67.4,Completed,2,4.5,1,1.6,2025-03-11,2025-03-13
60278,Lakeside Medical Center,M4,Physician Wellness & Burnout Prevention,Teacher-Led Virtual,58.9,84.6,Completed,14,3.9,1,4.5,2025-09-06,2025-09-20
60278,Lakeside Medical Center,M4,Understanding Implicit Bias in Clinical Decision-Making,Digital Workbook,59.6,66.8,Completed,7,3.9,1,3.2,2025-09-06,2025-09-13
60279,Lakeside Medical Center,M4,Psychiatric Interviewing & Mental Status Examination,Digital Workbook,66.2,,Dropped,,1.8,1,1.6,2025-08-09,
60279,Lakeside Medical Center,M4,"Recognizing Depression, Anxiety & Suicide Risk",Digital Workbook,64.5,72.4,Completed,13,3.6,1,5.9,2025-09-29,2025-10-12
60279,Lakeside Medical Center,M4,Trauma-Informed Care & Communication,Digital Workbook,69.6,79.1,Completed,12,3.7,1,4.9,2025-07-07,2025-07-19
60279,Lakeside Medical Center,M4,De-escalation Micro-Skills for Acute Distress,Gamified Microlearning,91.8,100.0,Completed,4,5.0,1,1.0,2025-04-04,2025-04-08
60279,Lakeside Medical Center,M4,Empathic Communication Quick Course,Gamified Microlearning,62.1,,Not Started,,,0,0.0,2025-04-06,
60279,Lakeside Medical Center,M4,Peer Mentorship & Clinical Team Communication,Blended,73.8,93.0,Completed,27,4.3,3,5.3,2025-10-13,2025-11-09
60280,Meridian Main Campus,M4,Psychiatric Interviewing & Mental Status Examination,Digital Workbook,52.9,52.7,Completed,10,3.5,2,6.6,2025-03-17,2025-03-27
60280,Meridian Main Campus,M4,"Recognizing Depression, Anxiety & Suicide Risk",Digital Workbook,61.5,,Not Started,,,0,0.0,2025-10-19,
60280,Meridian Main Campus,M4,Trauma-Informed Care & Communication,Digital Workbook,44.1,,Dropped,,1.7,2,0.4,2025-06-09,
60280,Meridian Main Campus,M4,De-escalation Micro-Skills for Acute Distress,Gamified Microlearning,52.7,61.6,Completed,4,4.5,1,0.9,2025-01-31,2025-02-04
60280,Meridian Main Campus,M4,Empathic Communication Quick Course,Gamified Microlearning,63.1,90.1,Completed,4,4.4,3,1.7,2025-10-03,2025-10-07
60280,Meridian Main Campus,M4,Intro to Cognitive Behavioral Therapy for Primary Care,Teacher-Led Virtual,59.7,78.2,Completed,11,3.7,1,3.7,2025-04-11,2025-04-22
60280,Meridian Main Campus,M4,Motivational Interviewing Workshop,Blended,42.3,57.5,Completed,7,4.6,2,3.0,2025-08-09,2025-08-16
60281,Lakeside Medical Center,M2,Psychiatric Interviewing & Mental Status Examination,Digital Workbook,43.9,56.4,Completed,27,3.3,1,6.6,2025-04-23,2025-05-20
60281,Lakeside Medical Center,M2,"Recognizing Depression, Anxiety & Suicide Risk",Digital Workbook,53.5,55.6,Completed,17,2.9,2,5.3,2025-02-24,2025-03-13
60281,Lakeside Medical Center,M2,Trauma-Informed Care & Communication,Digital Workbook,68.4,,Dropped,,2.0,1,1.0,2025-10-15,
60281,Lakeside Medical Center,M2,De-escalation Micro-Skills for Acute Distress,Gamified Microlearning,59.9,83.1,Completed,2,5.0,2,1.3,2025-04-08,2025-04-10
60281,Lakeside Medical Center,M2,Empathic Communication Quick Course,Gamified Microlearning,73.5,100.0,Completed,5,4.7,1,1.8,2025-10-23,2025-10-28
60281,Lakeside Medical Center,M2,Physician Wellness & Burnout Prevention,Teacher-Led Virtual,51.9,,Dropped,,2.3,2,0.5,2025-08-10,
60282,Community Health Institute,M2,Psychiatric Interviewing & Mental Status Examination,Digital Workbook,50.6,56.1,Completed,18,3.6,2,5.5,2025-08-27,2025-09-14
60282,Community Health Institute,M2,"Recognizing Depression, Anxiety & Suicide Risk",Digital Workbook,61.5,60.3,Completed,20,4.1,1,6.0,2025-08-22,2025-09-11
60282,Community Health Institute,M2,Trauma-Informed Care & Communication,Digital Workbook,51.7,53.8,Completed,14,3.6,1,5.5,2025-05-05,2025-05-19
60282,Community Health Institute,M2,De-escalation Micro-Skills for Acute Distress,Gamified Microlearning,55.0,69.7,Completed,3,3.2,1,1.1,2025-09-27,2025-09-30
60282,Community Health Institute,M2,Empathic Communication Quick Course,Gamified Microlearning,53.9,69.9,Completed,2,4.6,1,1.4,2025-06-11,2025-06-13
60282,Community Health Institute,M2,Physician Wellness & Burnout Prevention,Teacher-Led Virtual,55.9,55.9,Completed,5,3.8,2,3.9,2025-03-31,2025-04-05
60282,Community Health Institute,M2,Intro to Cognitive Behavioral Therapy for Primary Care,Teacher-Led Virtual,67.8,80.1,Completed,1,4.2,1,2.6,2025-05-21,2025-05-22
60283,Riverside Teaching Hospital,M1,Psychiatric Interviewing & Mental Status Examination,Digital Workbook,61.6,68.5,Completed,11,3.4,1,6.3,2025-10-15,2025-10-26
60283,Riverside Teaching Hospital,M1,"Recognizing Depression, Anxiety & Suicide Risk",Digital Workbook,80.7,,In Progress,,1.9,2,1.6,2025-03-26,
60283,Riverside Teaching Hospital,M1,Trauma-Informed Care & Communication,Digital Workbook,54.9,,In Progress,,2.9,2,2.0,2025-08-03,
60283,Riverside Teaching Hospital,M1,De-escalation Micro-Skills for Acute Distress,Gamified Microlearning,57.4,84.6,Completed,3,4.2,1,1.1,2025-04-18,2025-04-21
60283,Riverside Teaching Hospital,M1,Empathic Communication Quick Course,Gamified Microlearning,61.3,84.0,Completed,4,4.5,1,1.4,2025-01-18,2025-01-22
60283,Riverside Teaching Hospital,M1,Understanding Implicit Bias in Clinical Decision-Making,Digital Workbook,50.4,69.6,Completed,10,4.1,1,2.6,2025-06-09,2025-06-19
60283,Riverside Teaching Hospital,M1,Peer Mentorship & Clinical Team Communication,Blended,74.4,84.1,Completed,25,4.7,2,5.2,2025-05-11,2025-06-05
60284,Meridian Main Campus,M3,Psychiatric Interviewing & Mental Status Examination,Digital Workbook,34.0,,In Progress,,2.6,2,3.3,2025-09-19,
60284,Meridian Main Campus,M3,"Recognizing Depression, Anxiety & Suicide Risk",Digital Workbook,37.4,,In Progress,,3.2,1,2.0,2025-02-16,
60284,Meridian Main Campus,M3,Trauma-Informed Care & Communication,Digital Workbook,31.4,30.0,Completed,24,3.1,1,4.3,2025-03-30,2025-04-23
60284,Meridian Main Campus,M3,De-escalation Micro-Skills for Acute Distress,Gamified Microlearning,53.0,70.9,Completed,3,5.0,2,1.2,2025-04-18,2025-04-21
60284,Meridian Main Campus,M3,Empathic Communication Quick Course,Gamified Microlearning,49.4,71.0,Completed,4,4.4,2,1.4,2025-02-16,2025-02-20
60284,Meridian Main Campus,M3,Physician Wellness & Burnout Prevention,Teacher-Led Virtual,40.9,54.2,Completed,10,3.6,2,5.2,2025-09-27,2025-10-07
60284,Meridian Main Campus,M3,Peer Mentorship & Clinical Team Communication,Blended,54.5,59.8,Completed,16,4.2,2,6.5,2025-07-19,2025-08-04
60285,Meridian Main Campus,M1,Psychiatric Interviewing & Mental Status Examination,Digital Workbook,71.7,77.5,Completed,26,3.5,1,6.0,2025-04-04,2025-04-30
60285,Meridian Main Campus,M1,"Recognizing Depression, Anxiety & Suicide Risk",Digital Workbook,64.0,78.5,Completed,13,3.1,1,5.9,2025-04-17,2025-04-30
60285,Meridian Main Campus,M1,Trauma-Informed Care & Communication,Digital Workbook,82.4,95.1,Completed,12,3.4,2,4.1,2025-02-19,2025-03-03
60285,Meridian Main Campus,M1,De-escalation Micro-Skills for Acute Distress,Gamified Microlearning,83.3,100.0,Completed,1,4.2,1,0.9,2025-02-28,2025-03-01
60285,Meridian Main Campus,M1,Empathic Communication Quick Course,Gamified Microlearning,85.9,100.0,Completed,2,3.8,1,1.7,2025-09-07,2025-09-09
60285,Meridian Main Campus,M1,Peer Mentorship & Clinical Team Communication,Blended,78.1,96.3,Completed,14,3.2,1,6.2,2025-11-19,2025-12-03
60285,Meridian Main Campus,M1,Physician Wellness & Burnout Prevention,Teacher-Led Virtual,77.9,100.0,Completed,11,3.7,1,4.6,2025-04-29,2025-05-10
60285,Meridian Main Campus,M1,Understanding Implicit Bias in Clinical Decision-Making,Digital Workbook,89.6,100.0,Completed,6,4.0,1,2.8,2025-07-08,2025-07-14
60286,Riverside Teaching Hospital,M3,Psychiatric Interviewing & Mental Status Examination,Digital Workbook,77.2,84.5,Completed,20,2.9,2,5.2,2025-06-05,2025-06-25
60286,Riverside Teaching Hospital,M3,"Recognizing Depression, Anxiety & Suicide Risk",Digital Workbook,61.7,70.4,Completed,24,3.3,1,6.9,2025-07-25,2025-08-18
60286,Riverside Teaching Hospital,M3,Trauma-Informed Care & Communication,Digital Workbook,55.3,,Not Started,,,0,0.0,2025-02-22,
60286,Riverside Teaching Hospital,M3,De-escalation Micro-Skills for Acute Distress,Gamified Microlearning,74.6,83.1,Completed,2,4.2,1,1.1,2025-11-19,2025-11-21
60286,Riverside Teaching Hospital,M3,Empathic Communication Quick Course,Gamified Microlearning,69.8,88.4,Completed,5,4.8,2,1.5,2025-04-29,2025-05-04
60286,Riverside Teaching Hospital,M3,Peer Mentorship & Clinical Team Communication,Blended,64.7,74.8,Completed,31,3.9,1,6.6,2025-01-19,2025-02-19
60287,Lakeside Medical Center,M2,Psychiatric Interviewing & Mental Status Examination,Digital Workbook,65.4,80.9,Completed,11,3.3,2,7.2,2025-10-19,2025-10-30
60287,Lakeside Medical Center,M2,"Recognizing Depression, Anxiety & Suicide Risk",Digital Workbook,83.7,91.2,Completed,21,3.2,2,5.9,2025-03-04,2025-03-25
60287,Lakeside Medical Center,M2,Trauma-Informed Care & Communication,Digital Workbook,61.4,,Not Started,,,0,0.0,2025-05-14,
60287,Lakeside Medical Center,M2,De-escalation Micro-Skills for Acute Distress,Gamified Microlearning,65.6,81.8,Completed,4,4.5,1,1.1,2025-08-18,2025-08-22
60287,Lakeside Medical Center,M2,Empathic Communication Quick Course,Gamified Microlearning,74.9,,In Progress,,4.2,1,0.9,2025-02-08,
60287,Lakeside Medical Center,M2,Physician Wellness & Burnout Prevention,Teacher-Led Virtual,60.9,,Not Started,,,0,0.0,2025-09-02,
60288,Riverside Teaching Hospital,M2,Psychiatric Interviewing & Mental Status Examination,Digital Workbook,77.8,95.1,Completed,13,3.2,1,7.4,2025-08-13,2025-08-26
60288,Riverside Teaching Hospital,M2,"Recognizing Depression, Anxiety & Suicide Risk",Digital Workbook,64.2,76.6,Completed,27,3.2,1,5.2,2025-04-19,2025-05-16
60288,Riverside Teaching Hospital,M2,Trauma-Informed Care & Communication,Digital Workbook,79.8,,In Progress,,2.9,1,1.9,2025-05-19,
60288,Riverside Teaching Hospital,M2,De-escalation Micro-Skills for Acute Distress,Gamified Microlearning,70.2,92.0,Completed,4,4.2,1,1.1,2025-05-24,2025-05-28
60288,Riverside Teaching Hospital,M2,Empathic Communication Quick Course,Gamified Microlearning,56.7,83.3,Completed,7,4.7,1,1.5,2025-05-29,2025-06-05
60288,Riverside Teaching Hospital,M2,Peer Mentorship & Clinical Team Communication,Blended,57.2,81.8,Completed,18,4.5,1,6.4,2025-02-04,2025-02-22
60289,Riverside Teaching Hospital,M1,Psychiatric Interviewing & Mental Status Examination,Digital Workbook,60.1,71.3,Completed,26,3.1,3,5.8,2025-08-16,2025-09-11
60289,Riverside Teaching Hospital,M1,"Recognizing Depression, Anxiety & Suicide Risk",Digital Workbook,38.8,,In Progress,,2.5,1,3.6,2025-04-26,
60289,Riverside Teaching Hospital,M1,Trauma-Informed Care & Communication,Digital Workbook,59.0,67.0,Completed,16,2.7,1,4.3,2025-08-03,2025-08-19
60289,Riverside Teaching Hospital,M1,De-escalation Micro-Skills for Acute Distress,Gamified Microlearning,57.2,75.7,Completed,4,4.5,1,1.2,2025-06-28,2025-07-02
60289,Riverside Teaching Hospital,M1,Empathic Communication Quick Course,Gamified Microlearning,52.7,69.7,Completed,1,4.4,2,1.8,2025-03-11,2025-03-12
60289,Riverside Teaching Hospital,M1,Physician Wellness & Burnout Prevention,Teacher-Led Virtual,42.3,60.3,Completed,14,3.6,1,3.8,2025-02-12,2025-02-26
60289,Riverside Teaching Hospital,M1,Understanding Implicit Bias in Clinical Decision-Making,Digital Workbook,52.3,66.4,Completed,8,3.5,1,3.2,2025-03-14,2025-03-22
60290,University Health Partners,M1,Psychiatric Interviewing & Mental Status Examination,Digital Workbook,35.9,,In Progress,,2.5,1,2.7,2025-03-16,
60290,University Health Partners,M1,"Recognizing Depression, Anxiety & Suicide Risk",Digital Workbook,51.9,52.4,Completed,15,2.8,3,5.1,2025-08-31,2025-09-15
60290,University Health Partners,M1,Trauma-Informed Care & Communication,Digital Workbook,43.3,47.8,Completed,15,3.8,2,3.8,2025-04-13,2025-04-28
60290,University Health Partners,M1,De-escalation Micro-Skills for Acute Distress,Gamified Microlearning,57.8,76.0,Completed,4,4.4,2,1.0,2025-09-13,2025-09-17
60290,University Health Partners,M1,Empathic Communication Quick Course,Gamified Microlearning,47.8,67.4,Completed,5,4.5,1,1.4,2025-09-07,2025-09-12
60290,University Health Partners,M1,Motivational Interviewing Workshop,Blended,63.7,73.5,Completed,6,4.1,1,2.9,2025-06-15,2025-06-21
60290,University Health Partners,M1,Understanding Implicit Bias in Clinical Decision-Making,Digital Workbook,52.3,59.3,Completed,10,3.6,2,2.7,2025-07-04,2025-07-14
60291,University Health Partners,M4,Psychiatric Interviewing & Mental Status Examination,Digital Workbook,64.0,,In Progress,,2.3,2,3.4,2025-03-01,
60291,University Health Partners,M4,"Recognizing Depression, Anxiety & Suicide Risk",Digital Workbook,58.0,63.9,Completed,19,3.4,2,7.1,2025-10-29,2025-11-17
60291,University Health Partners,M4,Trauma-Informed Care & Communication,Digital Workbook,72.7,76.6,Completed,24,2.4,2,5.1,2025-06-30,2025-07-24
60291,University Health Partners,M4,De-escalation Micro-Skills for Acute Distress,Gamified Microlearning,65.2,90.0,Completed,1,4.6,1,1.2,2025-06-13,2025-06-14
60291,University Health Partners,M4,Empathic Communication Quick Course,Gamified Microlearning,62.9,84.3,Completed,6,4.6,2,1.7,2025-01-22,2025-01-28
60291,University Health Partners,M4,Intro to Cognitive Behavioral Therapy for Primary Care,Teacher-Led Virtual,84.2,100.0,Completed,8,3.9,1,2.8,2025-07-10,2025-07-18
60291,University Health Partners,M4,Understanding Implicit Bias in Clinical Decision-Making,Digital Workbook,62.6,80.5,Completed,10,3.8,1,3.3,2025-09-18,2025-09-28
60292,University Health Partners,M3,Psychiatric Interviewing & Mental Status Examination,Digital Workbook,46.4,56.3,Completed,24,2.8,2,6.7,2025-03-10,2025-04-03
60292,University Health Partners,M3,"Recognizing Depression, Anxiety & Suicide Risk",Digital Workbook,48.8,54.0,Completed,26,3.7,2,5.0,2025-09-22,2025-10-18
60292,University Health Partners,M3,Trauma-Informed Care & Communication,Digital Workbook,74.1,,Not Started,,,0,0.0,2025-06-30,
60292,University Health Partners,M3,De-escalation Micro-Skills for Acute Distress,Gamified Microlearning,65.8,84.8,Completed,3,4.6,1,1.2,2025-05-12,2025-05-15
60292,University Health Partners,M3,Empathic Communication Quick Course,Gamified Microlearning,72.4,97.0,Completed,6,3.3,2,1.3,2025-03-23,2025-03-29
60292,University Health Partners,M3,Physician Wellness & Burnout Prevention,Teacher-Led Virtual,51.0,66.4,Completed,12,3.5,1,4.6,2025-03-18,2025-03-30
60293,Community Health Institute,M4,Psychiatric Interviewing & Mental Status Examination,Digital Workbook,50.2,57.0,Completed,25,4.6,2,6.8,2025-11-05,2025-11-30
60293,Community Health Institute,M4,"Recognizing Depression, Anxiety & Suicide Risk",Digital Workbook,58.6,54.9,Completed,15,2.9,2,6.2,2025-05-01,2025-05-16
60293,Community Health Institute,M4,Trauma-Informed Care & Communication,Digital Workbook,67.2,87.7,Completed,7,3.4,3,4.0,2025-02-15,2025-02-22
60293,Community Health Institute,M4,De-escalation Micro-Skills for Acute Distress,Gamified Microlearning,48.3,64.1,Completed,3,3.4,2,1.1,2025-10-27,2025-10-30
60293,Community Health Institute,M4,Empathic Communication Quick Course,Gamified Microlearning,68.6,90.3,Completed,3,4.3,2,1.3,2025-09-14,2025-09-17
60293,Community Health Institute,M4,Motivational Interviewing Workshop,Blended,46.7,64.1,Completed,3,4.2,2,2.7,2025-05-08,2025-05-11
60293,Community Health Institute,M4,Intro to Cognitive Behavioral Therapy for Primary Care,Teacher-Led Virtual,53.1,63.7,Completed,6,3.9,1,3.0,2025-05-11,2025-05-17
60293,Community Health Institute,M4,Peer Mentorship & Clinical Team Communication,Blended,68.8,,Not Started,,,0,0.0,2025-01-20,
60294,Community Health Institute,M1,Psychiatric Interviewing & Mental Status Examination,Digital Workbook,59.7,,Not Started,,,0,0.0,2025-06-23,
60294,Community Health Institute,M1,"Recognizing Depression, Anxiety & Suicide Risk",Digital Workbook,50.1,48.9,Completed,12,3.3,1,6.4,2025-02-11,2025-02-23
60294,Community Health Institute,M1,Trauma-Informed Care & Communication,Digital Workbook,37.5,,Dropped,,2.6,1,1.2,2025-05-22,
60294,Community Health Institute,M1,De-escalation Micro-Skills for Acute Distress,Gamified Microlearning,52.2,62.6,Completed,1,4.5,2,1.2,2025-05-18,2025-05-19
60294,Community Health Institute,M1,Empathic Communication Quick Course,Gamified Microlearning,41.5,55.9,Completed,6,4.6,2,1.6,2025-10-22,2025-10-28
60294,Community Health Institute,M1,Intro to Cognitive Behavioral Therapy for Primary Care,Teacher-Led Virtual,36.3,52.0,Completed,12,3.9,2,2.6,2025-08-14,2025-08-26
60294,Community Health Institute,M1,Understanding Implicit Bias in Clinical Decision-Making,Digital Workbook,54.1,65.8,Completed,13,4.2,2,2.6,2025-03-31,2025-04-13
60294,Community Health Institute,M1,Peer Mentorship & Clinical Team Communication,Blended,48.5,67.0,Completed,15,4.3,1,6.0,2025-11-08,2025-11-23
60295,Meridian Main Campus,M1,Psychiatric Interviewing & Mental Status Examination,Digital Workbook,73.0,,Not Started,,,0,0.0,2025-06-01,
60295,Meridian Main Campus,M1,"Recognizing Depression, Anxiety & Suicide Risk",Digital Workbook,62.4,68.1,Completed,19,3.9,1,5.8,2025-07-31,2025-08-19
60295,Meridian Main Campus,M1,Trauma-Informed Care & Communication,Digital Workbook,51.8,56.1,Completed,17,3.0,2,5.8,2025-06-07,2025-06-24
60295,Meridian Main Campus,M1,De-escalation Micro-Skills for Acute Distress,Gamified Microlearning,50.6,61.8,Completed,2,5.0,1,1.0,2025-08-31,2025-09-02
60295,Meridian Main Campus,M1,Empathic Communication Quick Course,Gamified Microlearning,63.9,86.4,Completed,6,4.7,1,1.9,2025-03-23,2025-03-29
60295,Meridian Main Campus,M1,Motivational Interviewing Workshop,Blended,45.6,62.4,Completed,6,4.8,2,2.2,2025-07-10,2025-07-16
60295,Meridian Main Campus,M1,Intro to Cognitive Behavioral Therapy for Primary Care,Teacher-Led Virtual,55.3,73.8,Completed,8,4.1,2,3.5,2025-06-26,2025-07-04
60296,Meridian Main Campus,M2,Psychiatric Interviewing & Mental Status Examination,Digital Workbook,35.2,30.1,Completed,30,3.4,2,5.6,2025-07-19,2025-08-18
60296,Meridian Main Campus,M2,"Recognizing Depression, Anxiety & Suicide Risk",Digital Workbook,29.7,25.7,Completed,14,3.2,1,5.9,2025-03-28,2025-04-11
60296,Meridian Main Campus,M2,Trauma-Informed Care & Communication,Digital Workbook,43.6,36.5,Completed,15,3.4,2,5.3,2025-08-25,2025-09-09
60296,Meridian Main Campus,M2,De-escalation Micro-Skills for Acute Distress,Gamified Microlearning,25.5,32.0,Completed,2,4.5,1,0.9,2025-01-27,2025-01-29
60296,Meridian Main Campus,M2,Empathic Communication Quick Course,Gamified Microlearning,33.0,42.3,Completed,4,4.1,2,1.5,2025-02-21,2025-02-25
60296,Meridian Main Campus,M2,Peer Mentorship & Clinical Team Communication,Blended,37.5,46.5,Completed,17,4.3,2,7.6,2025-06-16,2025-07-03
60297,Lakeside Medical Center,M4,Psychiatric Interviewing & Mental Status Examination,Digital Workbook,55.8,67.2,Completed,14,3.4,1,6.1,2025-01-13,2025-01-27
60297,Lakeside Medical Center,M4,"Recognizing Depression, Anxiety & Suicide Risk",Digital Workbook,41.4,,In Progress,,2.4,2,2.5,2025-06-15,
60297,Lakeside Medical Center,M4,Trauma-Informed Care & Communication,Digital Workbook,60.7,,In Progress,,2.6,1,3.0,2025-07-14,
60297,Lakeside Medical Center,M4,De-escalation Micro-Skills for Acute Distress,Gamified Microlearning,72.0,78.9,Completed,3,4.4,1,0.9,2025-03-30,2025-04-02
60297,Lakeside Medical Center,M4,Empathic Communication Quick Course,Gamified Microlearning,59.2,82.7,Completed,1,4.5,1,1.9,2025-03-21,2025-03-22
60297,Lakeside Medical Center,M4,Intro to Cognitive Behavioral Therapy for Primary Care,Teacher-Led Virtual,57.5,73.5,Completed,11,4.2,3,3.7,2025-02-09,2025-02-20
60297,Lakeside Medical Center,M4,Physician Wellness & Burnout Prevention,Teacher-Led Virtual,52.2,71.0,Completed,4,3.6,3,3.6,2025-10-24,2025-10-28
60298,Meridian Main Campus,M2,Psychiatric Interviewing & Mental Status Examination,Digital Workbook,51.8,,Dropped,,1.9,2,2.1,2025-04-25,
60298,Meridian Main Campus,M2,"Recognizing Depression, Anxiety & Suicide Risk",Digital Workbook,44.6,,In Progress,,2.7,1,2.6,2025-02-09,
60298,Meridian Main Campus,M2,Trauma-Informed Care & Communication,Digital Workbook,33.1,,In Progress,,3.2,1,2.9,2025-01-22,
60298,Meridian Main Campus,M2,De-escalation Micro-Skills for Acute Distress,Gamified Microlearning,75.0,87.7,Completed,1,4.6,2,1.0,2025-06-26,2025-06-27
60298,Meridian Main Campus,M2,Empathic Communication Quick Course,Gamified Microlearning,64.2,82.2,Completed,1,4.3,1,1.4,2025-06-15,2025-06-16
60298,Meridian Main Campus,M2,Understanding Implicit Bias in Clinical Decision-Making,Digital Workbook,61.5,68.1,Completed,7,4.4,2,2.8,2025-02-08,2025-02-15
60298,Meridian Main Campus,M2,Motivational Interviewing Workshop,Blended,79.2,100.0,Completed,7,3.8,2,2.7,2025-10-13,2025-10-20
60299,Lakeside Medical Center,M2,Psychiatric Interviewing & Mental Status Examination,Digital Workbook,69.6,,Not Started,,,0,0.0,2025-03-26,
60299,Lakeside Medical Center,M2,"Recognizing Depression, Anxiety & Suicide Risk",Digital Workbook,35.3,45.0,Completed,23,2.8,1,5.6,2025-09-15,2025-10-08
60299,Lakeside Medical Center,M2,Trauma-Informed Care & Communication,Digital Workbook,51.8,66.5,Completed,12,3.4,2,5.1,2025-09-04,2025-09-16
60299,Lakeside Medical Center,M2,De-escalation Micro-Skills for Acute Distress,Gamified Microlearning,48.0,63.7,Completed,1,4.4,1,1.2,2025-07-27,2025-07-28
60299,Lakeside Medical Center,M2,Empathic Communication Quick Course,Gamified Microlearning,59.8,84.6,Completed,2,4.5,2,1.6,2025-06-11,2025-06-13
60299,Lakeside Medical Center,M2,Peer Mentorship & Clinical Team Communication,Blended,65.0,,In Progress,,3.6,1,3.9,2025-08-10,
60299,Lakeside Medical Center,M2,Motivational Interviewing Workshop,Blended,51.9,61.5,Completed,8,3.8,2,2.9,2025-07-10,2025-07-18
60300,Lakeside Medical Center,M2,Psychiatric Interviewing & Mental Status Examination,Digital Workbook,37.9,,In Progress,,2.7,3,2.1,2025-04-22,
60300,Lakeside Medical Center,M2,"Recognizing Depression, Anxiety & Suicide Risk",Digital Workbook,65.1,,Not Started,,,0,0.0,2025-10-07,
60300,Lakeside Medical Center,M2,Trauma-Informed Care & Communication,Digital Workbook,40.5,,In Progress,,2.9,2,2.8,2025-07-11,
60300,Lakeside Medical Center,M2,De-escalation Micro-Skills for Acute Distress,Gamified Microlearning,62.7,76.8,Completed,3,4.4,2,1.0,2025-09-03,2025-09-06
60300,Lakeside Medical Center,M2,Empathic Communication Quick Course,Gamified Microlearning,46.2,66.8,Completed,6,5.0,2,1.9,2025-08-04,2025-08-10
60300,Lakeside Medical Center,M2,Motivational Interviewing Workshop,Blended,64.7,73.7,Completed,5,4.1,1,2.3,2025-08-10,2025-08-15
60300,Lakeside Medical Center,M2,Peer Mentorship & Clinical Team Communication,Blended,66.2,80.2,Completed,16,4.5,2,7.2,2025-11-16,2025-12-02
60301,Lakeside Medical Center,M3,Psychiatric Interviewing & Mental Status Examination,Digital Workbook,48.6,59.1,Completed,25,3.1,1,5.8,2025-01-28,2025-02-22
60301,Lakeside Medical Center,M3,"Recognizing Depression, Anxiety & Suicide Risk",Digital Workbook,51.1,,Dropped,,2.4,1,0.8,2025-03-07,
60301,Lakeside Medical Center,M3,Trauma-Informed Care & Communication,Digital Workbook,62.6,,In Progress,,2.1,1,2.1,2025-04-01,
60301,Lakeside Medical Center,M3,De-escalation Micro-Skills for Acute Distress,Gamified Microlearning,42.7,66.8,Completed,2,4.3,1,1.0,2025-04-16,2025-04-18
60301,Lakeside Medical Center,M3,Empathic Communication Quick Course,Gamified Microlearning,69.9,95.1,Completed,2,4.0,2,1.7,2025-06-16,2025-06-18
60301,Lakeside Medical Center,M3,Intro to Cognitive Behavioral Therapy for Primary Care,Teacher-Led Virtual,56.3,75.7,Completed,8,3.9,2,3.4,2025-06-24,2025-07-02
60302,University Health Partners,M2,Psychiatric Interviewing & Mental Status Examination,Digital Workbook,58.7,,Not Started,,,0,0.0,2025-03-31,
60302,University Health Partners,M2,"Recognizing Depression, Anxiety & Suicide Risk",Digital Workbook,82.5,97.8,Completed,15,3.1,1,6.5,2025-03-29,2025-04-13
60302,University Health Partners,M2,Trauma-Informed Care & Communication,Digital Workbook,72.3,89.1,Completed,13,3.6,2,5.4,2025-08-18,2025-08-31
60302,University Health Partners,M2,De-escalation Micro-Skills for Acute Distress,Gamified Microlearning,69.4,81.7,Completed,3,4.7,3,1.1,2025-11-16,2025-11-19
60302,University Health Partners,M2,Empathic Communication Quick Course,Gamified Microlearning,69.7,95.8,Completed,2,4.6,1,1.5,2025-05-02,2025-05-04
60302,University Health Partners,M2,Intro to Cognitive Behavioral Therapy for Primary Care,Teacher-Led Virtual,59.5,75.3,Completed,9,4.5,1,3.4,2025-05-09,2025-05-18
60303,Community Health Institute,M4,Psychiatric Interviewing & Mental Status Examination,Digital Workbook,84.5,98.1,Completed,28,3.6,1,5.2,2025-06-27,2025-07-25
60303,Community Health Institute,M4,"Recognizing Depression, Anxiety & Suicide Risk",Digital Workbook,69.5,,In Progress,,2.8,2,3.3,2025-04-07,
60303,Community Health Institute,M4,Trauma-Informed Care & Communication,Digital Workbook,77.8,80.1,Completed,4,3.1,1,4.9,2025-06-02,2025-06-06
60303,Community Health Institute,M4,De-escalation Micro-Skills for Acute Distress,Gamified Microlearning,89.0,100.0,Completed,3,4.7,1,1.1,2025-07-03,2025-07-06
60303,Community Health Institute,M4,Empathic Communication Quick Course,Gamified Microlearning,51.5,70.5,Completed,6,4.9,1,1.9,2025-05-11,2025-05-17
60303,Community Health Institute,M4,Intro to Cognitive Behavioral Therapy for Primary Care,Teacher-Led Virtual,80.3,99.1,Completed,8,3.4,1,3.3,2025-05-04,2025-05-12
60303,Community Health Institute,M4,Motivational Interviewing Workshop,Blended,72.7,100.0,Completed,2,4.4,1,2.2,2025-11-04,2025-11-06
60304,Lakeside Medical Center,M4,Psychiatric Interviewing & Mental Status Examination,Digital Workbook,57.6,67.5,Completed,18,3.0,3,5.7,2025-10-31,2025-11-18
60304,Lakeside Medical Center,M4,"Recognizing Depression, Anxiety & Suicide Risk",Digital Workbook,50.2,,Not Started,,,0,0.0,2025-04-10,
60304,Lakeside Medical Center,M4,Trauma-Informed Care & Communication,Digital Workbook,65.7,77.3,Completed,8,3.5,2,4.1,2025-07-24,2025-08-01
60304,Lakeside Medical Center,M4,De-escalation Micro-Skills for Acute Distress,Gamified Microlearning,39.6,49.4,Completed,3,4.5,2,1.2,2025-02-18,2025-02-21
60304,Lakeside Medical Center,M4,Empathic Communication Quick Course,Gamified Microlearning,43.7,61.4,Completed,6,3.9,1,1.6,2025-06-25,2025-07-01
60304,Lakeside Medical Center,M4,Peer Mentorship & Clinical Team Communication,Blended,65.5,83.1,Completed,19,3.9,2,6.1,2025-08-12,2025-08-31
60304,Lakeside Medical Center,M4,Motivational Interviewing Workshop,Blended,65.4,73.3,Completed,6,4.0,1,2.7,2025-08-13,2025-08-19
60305,Riverside Teaching Hospital,M2,Psychiatric Interviewing & Mental Status Examination,Digital Workbook,57.9,66.3,Completed,14,3.7,2,6.0,2025-03-05,2025-03-19
60305,Riverside Teaching Hospital,M2,"Recognizing Depression, Anxiety & Suicide Risk",Digital Workbook,42.3,58.9,Completed,13,3.7,1,5.7,2025-07-08,2025-07-21
60305,Riverside Teaching Hospital,M2,Trauma-Informed Care & Communication,Digital Workbook,30.1,42.0,Completed,20,3.6,1,4.0,2025-01-07,2025-01-27
60305,Riverside Teaching Hospital,M2,De-escalation Micro-Skills for Acute Distress,Gamified Microlearning,83.1,99.5,Completed,2,4.3,1,1.0,2025-06-03,2025-06-05
60305,Riverside Teaching Hospital,M2,Empathic Communication Quick Course,Gamified Microlearning,69.8,86.4,Completed,3,4.2,1,1.4,2025-04-12,2025-04-15
60305,Riverside Teaching Hospital,M2,Peer Mentorship & Clinical Team Communication,Blended,64.7,69.9,Completed,28,3.9,2,6.9,2025-10-12,2025-11-09
60305,Riverside Teaching Hospital,M2,Physician Wellness & Burnout Prevention,Teacher-Led Virtual,63.6,77.4,Completed,6,4.1,2,3.8,2025-10-04,2025-10-10
60306,Community Health Institute,M4,Psychiatric Interviewing & Mental Status Examination,Digital Workbook,36.7,,In Progress,,2.3,1,1.9,2025-09-05,
60306,Community Health Institute,M4,"Recognizing Depression, Anxiety & Suicide Risk",Digital Workbook,56.3,,In Progress,,3.0,1,3.1,2025-08-19,
60306,Community Health Institute,M4,Trauma-Informed Care & Communication,Digital Workbook,38.1,33.6,Completed,11,3.9,3,4.1,2025-10-25,2025-11-05
60306,Community Health Institute,M4,De-escalation Micro-Skills for Acute Distress,Gamified Microlearning,68.2,75.2,Completed,1,4.9,3,1.2,2025-02-12,2025-02-13
60306,Community Health Institute,M4,Empathic Communication Quick Course,Gamified Microlearning,47.5,56.3,Completed,6,4.6,1,1.6,2025-06-10,2025-06-16
60306,Community Health Institute,M4,Intro to Cognitive Behavioral Therapy for Primary Care,Teacher-Led Virtual,50.5,62.3,Completed,8,4.7,3,3.7,2025-01-15,2025-01-23
60306,Community Health Institute,M4,Peer Mentorship & Clinical Team Communication,Blended,38.8,44.4,Completed,10,3.9,2,6.8,2025-06-17,2025-06-27
60306,Community Health Institute,M4,Physician Wellness & Burnout Prevention,Teacher-Led Virtual,47.4,61.4,Completed,17,4.1,2,4.0,2025-03-01,2025-03-18
60307,Lakeside Medical Center,M4,Psychiatric Interviewing & Mental Status Examination,Digital Workbook,76.4,92.6,Completed,34,3.3,1,5.2,2025-02-08,2025-03-14
60307,Lakeside Medical Center,M4,"Recognizing Depression, Anxiety & Suicide Risk",Digital Workbook,63.4,,In Progress,,2.7,1,3.8,2025-02-16,
60307,Lakeside Medical Center,M4,Trauma-Informed Care & Communication,Digital Workbook,58.4,67.4,Completed,21,3.3,1,5.3,2025-02-11,2025-03-04
60307,Lakeside Medical Center,M4,De-escalation Micro-Skills for Acute Distress,Gamified Microlearning,81.8,92.6,Completed,4,4.4,1,0.9,2025-04-17,2025-04-21
60307,Lakeside Medical Center,M4,Empathic Communication Quick Course,Gamified Microlearning,73.3,89.6,Completed,5,4.9,1,1.9,2025-05-01,2025-05-06
60307,Lakeside Medical Center,M4,Physician Wellness & Burnout Prevention,Teacher-Led Virtual,80.7,97.6,Completed,6,4.2,2,4.2,2025-11-09,2025-11-15
60307,Lakeside Medical Center,M4,Motivational Interviewing Workshop,Blended,61.8,86.7,Completed,8,4.1,1,2.4,2025-01-25,2025-02-02
60308,Community Health Institute,M3,Psychiatric Interviewing & Mental Status Examination,Digital Workbook,64.0,,Dropped,,1.8,2,2.4,2025-06-28,
60308,Community Health Institute,M3,"Recognizing Depression, Anxiety & Suicide Risk",Digital Workbook,72.5,,In Progress,,3.6,2,3.7,2025-02-24,
60308,Community Health Institute,M3,Trauma-Informed Care & Communication,Digital Workbook,59.9,67.1,Completed,14,3.3,2,5.3,2025-05-28,2025-06-11
60308,Community Health Institute,M3,De-escalation Micro-Skills for Acute Distress,Gamified Microlearning,59.0,79.3,Completed,4,4.7,1,0.9,2025-02-10,2025-02-14
60308,Community Health Institute,M3,Empathic Communication Quick Course,Gamified Microlearning,67.1,82.2,Completed,5,4.9,1,1.9,2025-08-27,2025-09-01
60308,Community Health Institute,M3,Understanding Implicit Bias in Clinical Decision-Making,Digital Workbook,59.4,79.5,Completed,14,3.4,1,3.7,2025-05-31,2025-06-14
60309,Meridian Main Campus,M3,Psychiatric Interviewing & Mental Status Examination,Digital Workbook,46.2,54.0,Completed,8,3.1,1,7.5,2025-03-10,2025-03-18
60309,Meridian Main Campus,M3,"Recognizing Depression, Anxiety & Suicide Risk",Digital Workbook,53.0,,Dropped,,2.3,2,1.7,2025-04-01,
60309,Meridian Main Campus,M3,Trauma-Informed Care & Communication,Digital Workbook,38.9,43.9,Completed,8,3.1,1,4.8,2025-02-21,2025-03-01
60309,Meridian Main Campus,M3,De-escalation Micro-Skills for Acute Distress,Gamified Microlearning,42.5,60.7,Completed,3,4.9,1,0.9,2025-05-05,2025-05-08
60309,Meridian Main Campus,M3,Empathic Communication Quick Course,Gamified Microlearning,49.6,65.2,Completed,4,4.2,2,1.9,2025-07-24,2025-07-28
60309,Meridian Main Campus,M3,Understanding Implicit Bias in Clinical Decision-Making,Digital Workbook,47.3,63.0,Completed,6,3.7,1,3.0,2025-05-14,2025-05-20
60309,Meridian Main Campus,M3,Intro to Cognitive Behavioral Therapy for Primary Care,Teacher-Led Virtual,52.1,58.1,Completed,10,3.6,2,3.3,2025-07-17,2025-07-27
60310,Riverside Teaching Hospital,M3,Psychiatric Interviewing & Mental Status Examination,Digital Workbook,60.9,59.9,Completed,22,3.9,2,5.4,2025-01-07,2025-01-29
60310,Riverside Teaching Hospital,M3,"Recognizing Depression, Anxiety & Suicide Risk",Digital Workbook,46.5,,In Progress,,3.1,3,3.2,2025-03-02,
60310,Riverside Teaching Hospital,M3,Trauma-Informed Care & Communication,Digital Workbook,45.9,,In Progress,,2.4,1,2.9,2025-11-18,
60310,Riverside Teaching Hospital,M3,De-escalation Micro-Skills for Acute Distress,Gamified Microlearning,39.3,58.7,Completed,1,4.6,2,1.1,2025-02-28,2025-03-01
60310,Riverside Teaching Hospital,M3,Empathic Communication Quick Course,Gamified Microlearning,70.4,90.4,Completed,4,4.5,2,1.7,2025-10-07,2025-10-11
60310,Riverside Teaching Hospital,M3,Physician Wellness & Burnout Prevention,Teacher-Led Virtual,52.0,58.8,Completed,9,4.7,2,4.8,2025-07-05,2025-07-14
60310,Riverside Teaching Hospital,M3,Intro to Cognitive Behavioral Therapy for Primary Care,Teacher-Led Virtual,62.1,,Not Started,,,0,0.0,2025-07-18,
60310,Riverside Teaching Hospital,M3,Understanding Implicit Bias in Clinical Decision-Making,Digital Workbook,65.0,,Not Started,,,0,0.0,2025-03-26,
60311,Meridian Main Campus,M1,Psychiatric Interviewing & Mental Status Examination,Digital Workbook,59.6,68.9,Completed,22,2.9,3,5.3,2025-02-22,2025-03-16
60311,Meridian Main Campus,M1,"Recognizing Depression, Anxiety & Suicide Risk",Digital Workbook,70.3,72.5,Completed,9,3.5,2,7.1,2025-08-21,2025-08-30
60311,Meridian Main Campus,M1,Trauma-Informed Care & Communication,Digital Workbook,39.9,,Not Started,,,0,0.0,2025-02-21,
60311,Meridian Main Campus,M1,De-escalation Micro-Skills for Acute Distress,Gamified Microlearning,53.8,72.0,Completed,1,4.5,1,1.0,2025-08-16,2025-08-17
60311,Meridian Main Campus,M1,Empathic Communication Quick Course,Gamified Microlearning,42.9,66.7,Completed,4,5.0,2,1.7,2025-11-16,2025-11-20
60311,Meridian Main Campus,M1,Motivational Interviewing Workshop,Blended,72.8,89.8,Completed,14,4.5,1,2.4,2025-09-20,2025-10-04
60312,Lakeside Medical Center,M1,Psychiatric Interviewing & Mental Status Examination,Digital Workbook,60.3,75.4,Completed,13,2.5,2,5.7,2025-02-04,2025-02-17
60312,Lakeside Medical Center,M1,"Recognizing Depression, Anxiety & Suicide Risk",Digital Workbook,46.0,48.6,Completed,23,3.6,1,4.9,2025-04-24,2025-05-17
60312,Lakeside Medical Center,M1,Trauma-Informed Care & Communication,Digital Workbook,46.6,54.5,Completed,10,2.8,2,5.8,2025-08-06,2025-08-16
60312,Lakeside Medical Center,M1,De-escalation Micro-Skills for Acute Distress,Gamified Microlearning,51.1,67.4,Completed,3,4.4,1,1.3,2025-05-06,2025-05-09
60312,Lakeside Medical Center,M1,Empathic Communication Quick Course,Gamified Microlearning,64.2,86.5,Completed,3,4.4,2,1.5,2025-03-03,2025-03-06
60312,Lakeside Medical Center,M1,Physician Wellness & Burnout Prevention,Teacher-Led Virtual,60.8,74.3,Completed,14,3.5,1,4.7,2025-08-07,2025-08-21
60312,Lakeside Medical Center,M1,Intro to Cognitive Behavioral Therapy for Primary Care,Teacher-Led Virtual,70.0,85.9,Completed,8,3.9,1,3.2,2025-05-16,2025-05-24
60312,Lakeside Medical Center,M1,Motivational Interviewing Workshop,Blended,56.8,74.0,Completed,9,3.7,3,2.3,2025-01-14,2025-01-23
60313,Meridian Main Campus,M3,Psychiatric Interviewing & Mental Status Examination,Digital Workbook,49.2,53.7,Completed,18,3.6,2,5.5,2025-10-24,2025-11-11
60313,Meridian Main Campus,M3,"Recognizing Depression, Anxiety & Suicide Risk",Digital Workbook,65.8,,Not Started,,,0,0.0,2025-04-11,
60313,Meridian Main Campus,M3,Trauma-Informed Care & Communication,Digital Workbook,65.1,77.0,Completed,24,3.0,1,5.4,2025-03-16,2025-04-09
60313,Meridian Main Campus,M3,De-escalation Micro-Skills for Acute Distress,Gamified Microlearning,68.1,81.7,Completed,3,4.6,1,1.0,2025-10-27,2025-10-30
60313,Meridian Main Campus,M3,Empathic Communication Quick Course,Gamified Microlearning,74.7,86.8,Completed,3,4.0,2,1.3,2025-02-06,2025-02-09
60313,Meridian Main Campus,M3,Understanding Implicit Bias in Clinical Decision-Making,Digital Workbook,51.7,69.4,Completed,16,4.5,1,2.6,2025-09-01,2025-09-17
60313,Meridian Main Campus,M3,Motivational Interviewing Workshop,Blended,38.4,53.1,Completed,7,3.9,2,2.9,2025-10-10,2025-10-17
60313,Meridian Main Campus,M3,Intro to Cognitive Behavioral Therapy for Primary Care,Teacher-Led Virtual,59.1,75.0,Completed,8,3.8,1,3.6,2025-11-18,2025-11-26
60314,Community Health Institute,M1,Psychiatric Interviewing & Mental Status Examination,Digital Workbook,61.5,,Dropped,,1.2,2,1.2,2025-11-15,
60314,Community Health Institute,M1,"Recognizing Depression, Anxiety & Suicide Risk",Digital Workbook,64.5,66.4,Completed,14,3.7,3,6.0,2025-07-18,2025-08-01
60314,Community Health Institute,M1,Trauma-Informed Care & Communication,Digital Workbook,54.8,60.5,Completed,20,2.7,1,3.9,2025-07-22,2025-08-11
60314,Community Health Institute,M1,De-escalation Micro-Skills for Acute Distress,Gamified Microlearning,58.7,79.4,Completed,3,4.6,2,1.2,2025-05-17,2025-05-20
60314,Community Health Institute,M1,Empathic Communication Quick Course,Gamified Microlearning,45.0,66.4,Completed,4,4.6,2,1.5,2025-06-09,2025-06-13
60314,Community Health Institute,M1,Understanding Implicit Bias in Clinical Decision-Making,Digital Workbook,63.2,,In Progress,,3.4,2,1.5,2025-01-11,
60314,Community Health Institute,M1,Intro to Cognitive Behavioral Therapy for Primary Care,Teacher-Led Virtual,46.3,61.1,Completed,3,4.2,1,2.9,2025-08-22,2025-08-25
60315,Community Health Institute,M2,Psychiatric Interviewing & Mental Status Examination,Digital Workbook,71.1,71.1,Completed,16,3.2,2,6.0,2025-10-08,2025-10-24
60315,Community Health Institute,M2,"Recognizing Depression, Anxiety & Suicide Risk",Digital Workbook,49.2,58.0,Completed,18,3.1,1,5.8,2025-10-31,2025-11-18
60315,Community Health Institute,M2,Trauma-Informed Care & Communication,Digital Workbook,59.2,56.4,Completed,10,3.4,1,4.1,2025-04-08,2025-04-18
60315,Community Health Institute,M2,De-escalation Micro-Skills for Acute Distress,Gamified Microlearning,66.5,91.6,Completed,1,4.3,2,1.3,2025-02-09,2025-02-10
60315,Community Health Institute,M2,Empathic Communication Quick Course,Gamified Microlearning,41.3,57.1,Completed,2,3.8,2,1.7,2025-10-16,2025-10-18
60315,Community Health Institute,M2,Peer Mentorship & Clinical Team Communication,Blended,41.3,57.7,Completed,17,4.3,2,6.6,2025-03-11,2025-03-28
60316,Meridian Main Campus,M3,Psychiatric Interviewing & Mental Status Examination,Digital Workbook,77.7,76.3,Completed,24,3.6,2,5.2,2025-03-26,2025-04-19
60316,Meridian Main Campus,M3,"Recognizing Depression, Anxiety & Suicide Risk",Digital Workbook,63.8,,In Progress,,2.5,1,2.2,2025-03-17,
60316,Meridian Main Campus,M3,Trauma-Informed Care & Communication,Digital Workbook,59.1,65.7,Completed,5,3.5,2,4.6,2025-03-30,2025-04-04
60316,Meridian Main Campus,M3,De-escalation Micro-Skills for Acute Distress,Gamified Microlearning,68.5,81.1,Completed,3,4.4,1,1.2,2025-05-09,2025-05-12
60316,Meridian Main Campus,M3,Empathic Communication Quick Course,Gamified Microlearning,61.5,76.3,Completed,3,4.4,1,1.4,2025-08-09,2025-08-12
60316,Meridian Main Campus,M3,Understanding Implicit Bias in Clinical Decision-Making,Digital Workbook,44.0,62.3,Completed,10,3.8,2,3.5,2025-03-23,2025-04-02
60316,Meridian Main Campus,M3,Motivational Interviewing Workshop,Blended,60.0,76.6,Completed,7,3.9,1,3.0,2025-10-27,2025-11-03
60316,Meridian Main Campus,M3,Peer Mentorship & Clinical Team Communication,Blended,60.9,,In Progress,,3.5,1,3.1,2025-07-13,
60317,Riverside Teaching Hospital,M4,Psychiatric Interviewing & Mental Status Examination,Digital Workbook,36.7,,Not Started,,,0,0.0,2025-04-07,
60317,Riverside Teaching Hospital,M4,"Recognizing Depression, Anxiety & Suicide Risk",Digital Workbook,43.4,38.6,Completed,14,4.3,2,4.9,2025-09-19,2025-10-03
60317,Riverside Teaching Hospital,M4,Trauma-Informed Care & Communication,Digital Workbook,44.6,,In Progress,,2.6,1,1.8,2025-08-13,
60317,Riverside Teaching Hospital,M4,De-escalation Micro-Skills for Acute Distress,Gamified Microlearning,41.7,46.7,Completed,4,4.6,2,0.9,2025-09-02,2025-09-06
60317,Riverside Teaching Hospital,M4,Empathic Communication Quick Course,Gamified Microlearning,74.7,90.6,Completed,3,5.0,2,1.8,2025-03-27,2025-03-30
60317,Riverside Teaching Hospital,M4,Intro to Cognitive Behavioral Therapy for Primary Care,Teacher-Led Virtual,41.9,56.4,Completed,13,4.1,2,3.4,2025-07-01,2025-07-14
60318,Community Health Institute,M4,Psychiatric Interviewing & Mental Status Examination,Digital Workbook,77.9,92.3,Completed,25,3.8,2,5.2,2025-09-29,2025-10-24
60318,Community Health Institute,M4,"Recognizing Depression, Anxiety & Suicide Risk",Digital Workbook,73.0,,In Progress,,2.9,2,1.5,2025-02-21,
60318,Community Health Institute,M4,Trauma-Informed Care & Communication,Digital Workbook,74.4,85.5,Completed,20,3.2,2,3.9,2025-09-17,2025-10-07
60318,Community Health Institute,M4,De-escalation Micro-Skills for Acute Distress,Gamified Microlearning,69.1,90.0,Completed,2,4.4,1,1.0,2025-08-15,2025-08-17
60318,Community Health Institute,M4,Empathic Communication Quick Course,Gamified Microlearning,68.9,,Not Started,,,0,0.0,2025-03-27,
60318,Community Health Institute,M4,Peer Mentorship & Clinical Team Communication,Blended,69.9,92.0,Completed,18,4.1,2,6.5,2025-04-21,2025-05-09
60318,Community Health Institute,M4,Motivational Interviewing Workshop,Blended,95.0,,In Progress,,4.1,2,0.7,2025-06-08,
60319,Lakeside Medical Center,M2,Psychiatric Interviewing & Mental Status Examination,Digital Workbook,59.8,64.8,Completed,15,3.0,1,6.5,2025-04-05,2025-04-20
60319,Lakeside Medical Center,M2,"Recognizing Depression, Anxiety & Suicide Risk",Digital Workbook,71.9,,Not Started,,,0,0.0,2025-04-14,
60319,Lakeside Medical Center,M2,Trauma-Informed Care & Communication,Digital Workbook,78.1,89.0,Completed,12,2.8,2,4.3,2025-10-05,2025-10-17
60319,Lakeside Medical Center,M2,De-escalation Micro-Skills for Acute Distress,Gamified Microlearning,62.4,89.2,Completed,3,4.3,1,1.2,2025-10-17,2025-10-20
60319,Lakeside Medical Center,M2,Empathic Communication Quick Course,Gamified Microlearning,79.1,100.0,Completed,3,4.3,1,1.3,2025-11-01,2025-11-04
60319,Lakeside Medical Center,M2,Intro to Cognitive Behavioral Therapy for Primary Care,Teacher-Led Virtual,85.8,100.0,Completed,10,3.8,2,2.6,2025-05-24,2025-06-03
60319,Lakeside Medical Center,M2,Understanding Implicit Bias in Clinical Decision-Making,Digital Workbook,65.6,78.8,Completed,7,4.3,2,3.1,2025-01-28,2025-02-04
60320,University Health Partners,M4,Psychiatric Interviewing & Mental Status Examination,Digital Workbook,62.8,,Not Started,,,0,0.0,2025-03-01,
60320,University Health Partners,M4,"Recognizing Depression, Anxiety & Suicide Risk",Digital Workbook,52.3,59.1,Completed,17,3.0,2,5.6,2025-09-28,2025-10-15
60320,University Health Partners,M4,Trauma-Informed Care & Communication,Digital Workbook,74.8,85.2,Completed,8,2.8,1,5.6,2025-06-25,2025-07-03
60320,University Health Partners,M4,De-escalation Micro-Skills for Acute Distress,Gamified Microlearning,66.5,93.7,Completed,5,4.8,2,1.0,2025-10-26,2025-10-31
60320,University Health Partners,M4,Empathic Communication Quick Course,Gamified Microlearning,67.1,87.9,Completed,4,4.7,1,1.5,2025-11-08,2025-11-12
60320,University Health Partners,M4,Understanding Implicit Bias in Clinical Decision-Making,Digital Workbook,62.1,73.4,Completed,11,4.2,1,3.1,2025-09-29,2025-10-10
60320,University Health Partners,M4,Peer Mentorship & Clinical Team Communication,Blended,69.4,89.0,Completed,27,4.1,2,6.4,2025-11-16,2025-12-13
60321,Riverside Teaching Hospital,M2,Psychiatric Interviewing & Mental Status Examination,Digital Workbook,62.8,76.1,Completed,22,3.9,3,7.7,2025-05-24,2025-06-15
60321,Riverside Teaching Hospital,M2,"Recognizing Depression, Anxiety & Suicide Risk",Digital Workbook,49.4,58.1,Completed,16,3.2,2,6.1,2025-04-30,2025-05-16
60321,Riverside Teaching Hospital,M2,Trauma-Informed Care & Communication,Digital Workbook,49.9,,Dropped,,2.3,3,0.5,2025-07-18,
60321,Riverside Teaching Hospital,M2,De-escalation Micro-Skills for Acute Distress,Gamified Microlearning,65.5,85.7,Completed,2,4.7,2,0.9,2025-06-08,2025-06-10
60321,Riverside Teaching Hospital,M2,Empathic Communication Quick Course,Gamified Microlearning,60.3,80.7,Completed,2,4.2,2,1.9,2025-01-21,2025-01-23
60321,Riverside Teaching Hospital,M2,Peer Mentorship & Clinical Team Communication,Blended,56.5,,Not Started,,,0,0.0,2025-04-19,
60321,Riverside Teaching Hospital,M2,Intro to Cognitive Behavioral Therapy for Primary Care,Teacher-Led Virtual,59.1,79.3,Completed,10,4.0,1,3.3,2025-08-01,2025-08-11
60321,Riverside Teaching Hospital,M2,Understanding Implicit Bias in Clinical Decision-Making,Digital Workbook,55.9,60.2,Completed,15,3.3,1,2.7,2025-08-18,2025-09-02
60322,University Health Partners,M1,Psychiatric Interviewing & Mental Status Examination,Digital Workbook,36.7,45.8,Completed,31,3.2,2,7.3,2025-01-23,2025-02-23
60322,University Health Partners,M1,"Recognizing Depression, Anxiety & Suicide Risk",Digital Workbook,42.8,,Not Started,,,0,0.0,2025-08-13,
60322,University Health Partners,M1,Trauma-Informed Care & Communication,Digital Workbook,63.6,72.1,Completed,27,3.9,2,4.9,2025-02-13,2025-03-12
60322,University Health Partners,M1,De-escalation Micro-Skills for Acute Distress,Gamified Microlearning,53.8,71.6,Completed,4,4.7,1,1.2,2025-08-05,2025-08-09
60322,University Health Partners,M1,Empathic Communication Quick Course,Gamified Microlearning,42.3,60.1,Completed,3,4.4,1,1.4,2025-07-21,2025-07-24
60322,University Health Partners,M1,Intro to Cognitive Behavioral Therapy for Primary Care,Teacher-Led Virtual,51.0,71.2,Completed,9,4.0,1,3.4,2025-05-01,2025-05-10
60322,University Health Partners,M1,Peer Mentorship & Clinical Team Communication,Blended,39.7,54.7,Completed,23,3.4,2,6.6,2025-11-17,2025-12-10
60323,Riverside Teaching Hospital,M2,Psychiatric Interviewing & Mental Status Examination,Digital Workbook,58.5,64.4,Completed,26,3.4,3,7.2,2025-06-29,2025-07-25
60323,Riverside Teaching Hospital,M2,"Recognizing Depression, Anxiety & Suicide Risk",Digital Workbook,63.8,74.8,Completed,24,3.6,2,6.2,2025-07-21,2025-08-14
60323,Riverside Teaching Hospital,M2,Trauma-Informed Care & Communication,Digital Workbook,66.4,,Not Started,,,0,0.0,2025-04-05,
60323,Riverside Teaching Hospital,M2,De-escalation Micro-Skills for Acute Distress,Gamified Microlearning,62.5,75.9,Completed,4,4.7,2,1.2,2025-04-12,2025-04-16
60323,Riverside Teaching Hospital,M2,Empathic Communication Quick Course,Gamified Microlearning,39.8,56.3,Completed,6,5.0,1,1.3,2025-01-06,2025-01-12
60323,Riverside Teaching Hospital,M2,Peer Mentorship & Clinical Team Communication,Blended,60.8,76.0,Completed,14,4.4,1,6.9,2025-06-19,2025-07-03
60324,Community Health Institute,M1,Psychiatric Interviewing & Mental Status Examination,Digital Workbook,74.0,79.9,Completed,24,2.7,3,7.2,2025-10-15,2025-11-08
60324,Community Health Institute,M1,"Recognizing Depression, Anxiety & Suicide Risk",Digital Workbook,59.5,,In Progress,,2.6,2,1.9,2025-02-28,
60324,Community Health Institute,M1,Trauma-Informed Care & Communication,Digital Workbook,67.0,,Dropped,,1.6,2,1.4,2025-11-06,
60324,Community Health Institute,M1,De-escalation Micro-Skills for Acute Distress,Gamified Microlearning,55.3,70.2,Completed,1,4.9,1,1.2,2025-11-06,2025-11-07
60324,Community Health Institute,M1,Empathic Communication Quick Course,Gamified Microlearning,54.6,69.5,Completed,3,4.9,1,1.4,2025-03-29,2025-04-01
60324,Community Health Institute,M1,Peer Mentorship & Clinical Team Communication,Blended,54.9,,Not Started,,,0,0.0,2025-07-23,
60324,Community Health Institute,M1,Physician Wellness & Burnout Prevention,Teacher-Led Virtual,66.9,84.4,Completed,13,3.7,2,5.1,2025-03-27,2025-04-09
60325,University Health Partners,M2,Psychiatric Interviewing & Mental Status Examination,Digital Workbook,64.0,76.2,Completed,22,3.4,1,6.9,2025-04-27,2025-05-19
60325,University Health Partners,M2,"Recognizing Depression, Anxiety & Suicide Risk",Digital Workbook,56.2,62.9,Completed,10,3.0,1,7.0,2025-03-08,2025-03-18
60325,University Health Partners,M2,Trauma-Informed Care & Communication,Digital Workbook,89.0,94.9,Completed,17,3.1,2,4.7,2025-01-25,2025-02-11
60325,University Health Partners,M2,De-escalation Micro-Skills for Acute Distress,Gamified Microlearning,75.8,100.0,Completed,4,4.7,2,1.1,2025-06-14,2025-06-18
60325,University Health Partners,M2,Empathic Communication Quick Course,Gamified Microlearning,78.7,100.0,Completed,6,3.9,1,1.8,2025-08-16,2025-08-22
60325,University Health Partners,M2,Peer Mentorship & Clinical Team Communication,Blended,78.2,100.0,Completed,12,4.5,1,7.4,2025-08-06,2025-08-18
60325,University Health Partners,M2,Understanding Implicit Bias in Clinical Decision-Making,Digital Workbook,78.8,98.4,Completed,7,4.6,2,3.2,2025-09-26,2025-10-03
60326,University Health Partners,M3,Psychiatric Interviewing & Mental Status Examination,Digital Workbook,67.7,,Dropped,,2.4,2,1.5,2025-10-31,
60326,University Health Partners,M3,"Recognizing Depression, Anxiety & Suicide Risk",Digital Workbook,73.8,76.7,Completed,17,2.6,1,6.9,2025-05-05,2025-05-22
60326,University Health Partners,M3,Trauma-Informed Care & Communication,Digital Workbook,69.2,76.1,Completed,19,4.3,2,5.6,2025-05-13,2025-06-01
60326,University Health Partners,M3,De-escalation Micro-Skills for Acute Distress,Gamified Microlearning,68.6,,Dropped,,3.3,2,0.1,2025-11-09,
60326,University Health Partners,M3,Empathic Communication Quick Course,Gamified Microlearning,91.6,100.0,Completed,3,4.6,1,1.9,2025-06-17,2025-06-20
60326,University Health Partners,M3,Peer Mentorship & Clinical Team Communication,Blended,77.3,100.0,Completed,21,4.7,3,5.4,2025-06-10,2025-07-01
60327,Community Health Institute,M3,Psychiatric Interviewing & Mental Status Examination,Digital Workbook,66.7,81.5,Completed,23,3.5,2,5.9,2025-10-02,2025-10-25
60327,Community Health Institute,M3,"Recognizing Depression, Anxiety & Suicide Risk",Digital Workbook,59.8,,In Progress,,2.7,1,2.4,2025-07-24,
60327,Community Health Institute,M3,Trauma-Informed Care & Communication,Digital Workbook,80.5,,Not Started,,,0,0.0,2025-08-26,
60327,Community Health Institute,M3,De-escalation Micro-Skills for Acute Distress,Gamified Microlearning,47.5,69.5,Completed,2,4.5,1,1.1,2025-09-25,2025-09-27
60327,Community Health Institute,M3,Empathic Communication Quick Course,Gamified Microlearning,67.1,89.4,Completed,3,4.5,1,1.5,2025-06-04,2025-06-07
60327,Community Health Institute,M3,Peer Mentorship & Clinical Team Communication,Blended,69.3,88.1,Completed,24,4.1,2,5.2,2025-09-11,2025-10-05
60327,Community Health Institute,M3,Understanding Implicit Bias in Clinical Decision-Making,Digital Workbook,58.2,75.3,Completed,9,4.2,1,3.2,2025-09-09,2025-09-18
60328,Community Health Institute,M2,Psychiatric Interviewing & Mental Status Examination,Digital Workbook,37.8,31.4,Completed,20,3.7,4,5.5,2025-01-22,2025-02-11
60328,Community Health Institute,M2,"Recognizing Depression, Anxiety & Suicide Risk",Digital Workbook,48.3,48.0,Completed,14,3.4,2,5.2,2025-09-22,2025-10-06
60328,Community Health Institute,M2,Trauma-Informed Care & Communication,Digital Workbook,21.1,12.8,Completed,16,3.1,3,5.3,2025-04-11,2025-04-27
60328,Community Health Institute,M2,De-escalation Micro-Skills for Acute Distress,Gamified Microlearning,37.5,49.6,Completed,1,4.4,3,1.2,2025-09-26,2025-09-27
60328,Community Health Institute,M2,Empathic Communication Quick Course,Gamified Microlearning,63.3,67.6,Completed,4,4.4,3,1.5,2025-01-22,2025-01-26
60328,Community Health Institute,M2,Peer Mentorship & Clinical Team Communication,Blended,22.9,26.5,Completed,9,3.8,3,5.1,2025-06-28,2025-07-07
60328,Community Health Institute,M2,Motivational Interviewing Workshop,Blended,29.2,32.0,Completed,14,4.3,2,2.8,2025-09-10,2025-09-24
60329,Lakeside Medical Center,M4,Psychiatric Interviewing & Mental Status Examination,Digital Workbook,45.7,,Dropped,,1.9,2,1.6,2025-06-03,
60329,Lakeside Medical Center,M4,"Recognizing Depression, Anxiety & Suicide Risk",Digital Workbook,30.3,35.2,Completed,16,3.0,1,5.0,2025-07-12,2025-07-28
60329,Lakeside Medical Center,M4,Trauma-Informed Care & Communication,Digital Workbook,62.6,,Dropped,,2.3,3,1.2,2025-01-29,
60329,Lakeside Medical Center,M4,De-escalation Micro-Skills for Acute Distress,Gamified Microlearning,54.8,69.4,Completed,3,4.4,1,1.3,2025-03-02,2025-03-05
60329,Lakeside Medical Center,M4,Empathic Communication Quick Course,Gamified Microlearning,60.2,75.2,Completed,5,4.4,1,1.5,2025-10-26,2025-10-31
60329,Lakeside Medical Center,M4,Peer Mentorship & Clinical Team Communication,Blended,51.8,66.9,Completed,14,5.0,1,5.5,2025-07-13,2025-07-27
60329,Lakeside Medical Center,M4,Intro to Cognitive Behavioral Therapy for Primary Care,Teacher-Led Virtual,45.1,,Dropped,,2.7,2,0.9,2025-11-10,
60330,Riverside Teaching Hospital,M3,Psychiatric Interviewing & Mental Status Examination,Digital Workbook,59.6,62.9,Completed,16,4.1,3,6.2,2025-09-10,2025-09-26
60330,Riverside Teaching Hospital,M3,"Recognizing Depression, Anxiety & Suicide Risk",Digital Workbook,56.8,65.2,Completed,13,3.3,1,5.5,2025-08-13,2025-08-26
60330,Riverside Teaching Hospital,M3,Trauma-Informed Care & Communication,Digital Workbook,66.2,77.3,Completed,11,2.4,2,5.5,2025-07-21,2025-08-01
60330,Riverside Teaching Hospital,M3,De-escalation Micro-Skills for Acute Distress,Gamified Microlearning,61.4,78.6,Completed,4,4.7,2,1.0,2025-08-01,2025-08-05
60330,Riverside Teaching Hospital,M3,Empathic Communication Quick Course,Gamified Microlearning,60.0,79.1,Completed,5,4.0,2,1.9,2025-10-28,2025-11-02
60330,Riverside Teaching Hospital,M3,Understanding Implicit Bias in Clinical Decision-Making,Digital Workbook,77.3,92.5,Completed,13,4.4,1,3.1,2025-03-05,2025-03-18
60330,Riverside Teaching Hospital,M3,Peer Mentorship & Clinical Team Communication,Blended,75.3,89.5,Completed,20,3.9,1,6.1,2025-02-06,2025-02-26
60331,Lakeside Medical Center,M3,Psychiatric Interviewing & Mental Status Examination,Digital Workbook,66.9,,Dropped,,1.7,1,0.4,2025-01-28,
60331,Lakeside Medical Center,M3,"Recognizing Depression, Anxiety & Suicide Risk",Digital Workbook,67.1,78.5,Completed,10,2.6,2,6.2,2025-10-16,2025-10-26
60331,Lakeside Medical Center,M3,Trauma-Informed Care & Communication,Digital Workbook,58.7,59.7,Completed,15,2.8,2,4.8,2025-02-03,2025-02-18
60331,Lakeside Medical Center,M3,De-escalation Micro-Skills for Acute Distress,Gamified Microlearning,63.7,74.5,Completed,5,5.0,1,1.1,2025-07-03,2025-07-08
60331,Lakeside Medical Center,M3,Empathic Communication Quick Course,Gamified Microlearning,73.0,96.7,Completed,4,4.9,2,1.4,2025-02-02,2025-02-06
60331,Lakeside Medical Center,M3,Peer Mentorship & Clinical Team Communication,Blended,60.2,71.5,Completed,26,4.4,2,6.9,2025-10-28,2025-11-23
60331,Lakeside Medical Center,M3,Intro to Cognitive Behavioral Therapy for Primary Care,Teacher-Led Virtual,66.8,80.1,Completed,7,4.6,2,3.1,2025-04-03,2025-04-10
60331,Lakeside Medical Center,M3,Understanding Implicit Bias in Clinical Decision-Making,Digital Workbook,79.1,97.7,Completed,11,4.0,2,3.5,2025-09-30,2025-10-11
60332,Meridian Main Campus,M4,Psychiatric Interviewing & Mental Status Examination,Digital Workbook,64.3,70.7,Completed,19,2.8,1,5.6,2025-07-30,2025-08-18
60332,Meridian Main Campus,M4,"Recognizing Depression, Anxiety & Suicide Risk",Digital Workbook,68.2,74.1,Completed,35,2.7,2,4.9,2025-05-16,2025-06-20
60332,Meridian Main Campus,M4,Trauma-Informed Care & Communication,Digital Workbook,51.2,67.4,Completed,6,3.1,2,5.4,2025-07-27,2025-08-02
60332,Meridian Main Campus,M4,De-escalation Micro-Skills for Acute Distress,Gamified Microlearning,54.3,69.7,Completed,4,4.1,2,1.1,2025-08-04,2025-08-08
60332,Meridian Main Campus,M4,Empathic Communication Quick Course,Gamified Microlearning,52.3,66.1,Completed,4,5.0,1,1.3,2025-09-10,2025-09-14
60332,Meridian Main Campus,M4,Physician Wellness & Burnout Prevention,Teacher-Led Virtual,49.8,66.9,Completed,7,4.3,3,4.3,2025-03-20,2025-03-27
60332,Meridian Main Campus,M4,Understanding Implicit Bias in Clinical Decision-Making,Digital Workbook,56.5,72.8,Completed,11,4.0,2,2.9,2025-08-24,2025-09-04
60332,Meridian Main Campus,M4,Intro to Cognitive Behavioral Therapy for Primary Care,Teacher-Led Virtual,55.8,73.4,Completed,9,4.1,1,3.3,2025-01-23,2025-02-01
60333,Lakeside Medical Center,M4,Psychiatric Interviewing & Mental Status Examination,Digital Workbook,46.1,44.9,Completed,14,3.7,2,6.1,2025-01-13,2025-01-27
60333,Lakeside Medical Center,M4,"Recognizing Depression, Anxiety & Suicide Risk",Digital Workbook,64.3,,Not Started,,,0,0.0,2025-06-08,
60333,Lakeside Medical Center,M4,Trauma-Informed Care & Communication,Digital Workbook,59.5,71.7,Completed,15,2.7,1,5.0,2025-03-05,2025-03-20
60333,Lakeside Medical Center,M4,De-escalation Micro-Skills for Acute Distress,Gamified Microlearning,38.4,54.6,Completed,2,4.7,1,1.3,2025-11-18,2025-11-20
60333,Lakeside Medical Center,M4,Empathic Communication Quick Course,Gamified Microlearning,58.5,81.5,Completed,6,4.6,2,1.9,2025-09-12,2025-09-18
60333,Lakeside Medical Center,M4,Intro to Cognitive Behavioral Therapy for Primary Care,Teacher-Led Virtual,43.9,55.2,Completed,9,4.2,2,3.7,2025-01-07,2025-01-16
60333,Lakeside Medical Center,M4,Understanding Implicit Bias in Clinical Decision-Making,Digital Workbook,61.0,,Dropped,,2.4,1,0.9,2025-11-19,
60333,Lakeside Medical Center,M4,Peer Mentorship & Clinical Team Communication,Blended,44.1,62.6,Completed,17,3.7,2,5.7,2025-10-25,2025-11-11
60334,University Health Partners,M1,Psychiatric Interviewing & Mental Status Examination,Digital Workbook,51.5,60.2,Completed,12,3.3,1,7.0,2025-05-30,2025-06-11
60334,University Health Partners,M1,"Recognizing Depression, Anxiety & Suicide Risk",Digital Workbook,52.5,,Not Started,,,0,0.0,2025-04-04,
60334,University Health Partners,M1,Trauma-Informed Care & Communication,Digital Workbook,48.2,,Not Started,,,0,0.0,2025-02-06,
60334,University Health Partners,M1,De-escalation Micro-Skills for Acute Distress,Gamified Microlearning,36.8,51.8,Completed,3,4.7,3,1.0,2025-09-03,2025-09-06
60334,University Health Partners,M1,Empathic Communication Quick Course,Gamified Microlearning,65.8,81.4,Completed,4,4.1,2,1.9,2025-03-30,2025-04-03
60334,University Health Partners,M1,Understanding Implicit Bias in Clinical Decision-Making,Digital Workbook,57.0,80.0,Completed,7,3.7,2,3.4,2025-02-01,2025-02-08
60334,University Health Partners,M1,Intro to Cognitive Behavioral Therapy for Primary Care,Teacher-Led Virtual,67.7,91.6,Completed,7,4.4,2,2.7,2025-09-24,2025-10-01
60335,Community Health Institute,M2,Psychiatric Interviewing & Mental Status Examination,Digital Workbook,43.5,43.4,Completed,15,3.2,3,5.4,2025-07-29,2025-08-13
60335,Community Health Institute,M2,"Recognizing Depression, Anxiety & Suicide Risk",Digital Workbook,59.6,,In Progress,,2.7,2,1.7,2025-08-06,
60335,Community Health Institute,M2,Trauma-Informed Care & Communication,Digital Workbook,54.5,65.6,Completed,13,4.0,1,4.5,2025-02-15,2025-02-28
60335,Community Health Institute,M2,De-escalation Micro-Skills for Acute Distress,Gamified Microlearning,56.3,,Dropped,,2.7,1,0.3,2025-11-15,
60335,Community Health Institute,M2,Empathic Communication Quick Course,Gamified Microlearning,64.8,95.0,Completed,2,4.2,1,1.8,2025-10-21,2025-10-23
60335,Community Health Institute,M2,Motivational Interviewing Workshop,Blended,82.2,97.8,Completed,5,3.9,2,2.2,2025-07-27,2025-08-01
60336,University Health Partners,M3,Psychiatric Interviewing & Mental Status Examination,Digital Workbook,38.6,,In Progress,,2.9,2,2.6,2025-06-13,
60336,University Health Partners,M3,"Recognizing Depression, Anxiety & Suicide Risk",Digital Workbook,45.6,38.2,Completed,23,3.7,3,5.4,2025-01-25,2025-02-17
60336,University Health Partners,M3,Trauma-Informed Care & Communication,Digital Workbook,20.0,25.6,Completed,12,2.9,2,5.3,2025-04-02,2025-04-14
60336,University Health Partners,M3,De-escalation Micro-Skills for Acute Distress,Gamified Microlearning,47.5,62.0,Completed,1,4.6,2,1.2,2025-11-04,2025-11-05
60336,University Health Partners,M3,Empathic Communication Quick Course,Gamified Microlearning,51.7,69.2,Completed,2,5.0,2,1.9,2025-09-30,2025-10-02
60336,University Health Partners,M3,Peer Mentorship & Clinical Team Communication,Blended,25.6,37.5,Completed,25,5.0,2,6.5,2025-06-04,2025-06-29
60336,University Health Partners,M3,Motivational Interviewing Workshop,Blended,44.0,55.8,Completed,9,5.0,1,2.6,2025-05-26,2025-06-04
60337,Meridian Main Campus,M2,Psychiatric Interviewing & Mental Status Examination,Digital Workbook,60.2,,Dropped,,1.5,2,0.6,2025-01-26,
60337,Meridian Main Campus,M2,"Recognizing Depression, Anxiety & Suicide Risk",Digital Workbook,57.5,,In Progress,,2.5,2,2.8,2025-02-05,
60337,Meridian Main Campus,M2,Trauma-Informed Care & Communication,Digital Workbook,54.1,49.9,Completed,9,3.3,2,5.5,2025-04-07,2025-04-16
60337,Meridian Main Campus,M2,De-escalation Micro-Skills for Acute Distress,Gamified Microlearning,36.9,61.6,Completed,2,4.8,1,0.9,2025-11-01,2025-11-03
60337,Meridian Main Campus,M2,Empathic Communication Quick Course,Gamified Microlearning,68.9,81.2,Completed,6,5.0,2,1.6,2025-02-05,2025-02-11
60337,Meridian Main Campus,M2,Intro to Cognitive Behavioral Therapy for Primary Care,Teacher-Led Virtual,52.7,72.1,Completed,10,4.7,2,2.8,2025-05-14,2025-05-24
60337,Meridian Main Campus,M2,Physician Wellness & Burnout Prevention,Teacher-Led Virtual,55.5,,In Progress,,2.7,2,1.8,2025-04-02,
60338,Meridian Main Campus,M4,Psychiatric Interviewing & Mental Status Examination,Digital Workbook,57.9,,Not Started,,,0,0.0,2025-10-17,
60338,Meridian Main Campus,M4,"Recognizing Depression, Anxiety & Suicide Risk",Digital Workbook,58.6,,Not Started,,,0,0.0,2025-03-02,
60338,Meridian Main Campus,M4,Trauma-Informed Care & Communication,Digital Workbook,66.0,74.7,Completed,9,3.3,1,4.4,2025-06-20,2025-06-29
60338,Meridian Main Campus,M4,De-escalation Micro-Skills for Acute Distress,Gamified Microlearning,66.1,,Not Started,,,0,0.0,2025-10-25,
60338,Meridian Main Campus,M4,Empathic Communication Quick Course,Gamified Microlearning,62.8,84.4,Completed,6,4.8,1,1.4,2025-09-12,2025-09-18
60338,Meridian Main Campus,M4,Peer Mentorship & Clinical Team Communication,Blended,62.1,83.1,Completed,13,3.7,3,6.9,2025-06-03,2025-06-16
60338,Meridian Main Campus,M4,Understanding Implicit Bias in Clinical Decision-Making,Digital Workbook,66.0,81.1,Completed,5,4.4,3,2.9,2025-07-12,2025-07-17
60339,Lakeside Medical Center,M1,Psychiatric Interviewing & Mental Status Examination,Digital Workbook,45.1,,In Progress,,1.9,2,3.4,2025-09-08,
60339,Lakeside Medical Center,M1,"Recognizing Depression, Anxiety & Suicide Risk",Digital Workbook,57.2,67.2,Completed,17,3.0,2,5.1,2025-09-02,2025-09-19
60339,Lakeside Medical Center,M1,Trauma-Informed Care & Communication,Digital Workbook,46.8,,In Progress,,2.9,2,1.3,2025-01-14,
60339,Lakeside Medical Center,M1,De-escalation Micro-Skills for Acute Distress,Gamified Microlearning,61.7,72.1,Completed,3,4.4,2,1.0,2025-03-25,2025-03-28
60339,Lakeside Medical Center,M1,Empathic Communication Quick Course,Gamified Microlearning,53.7,82.0,Completed,1,4.9,1,1.4,2025-03-13,2025-03-14
60339,Lakeside Medical Center,M1,Physician Wellness & Burnout Prevention,Teacher-Led Virtual,59.8,77.6,Completed,12,4.0,2,4.6,2025-05-28,2025-06-09
60339,Lakeside Medical Center,M1,Understanding Implicit Bias in Clinical Decision-Making,Digital Workbook,47.5,69.8,Completed,14,4.1,2,2.8,2025-09-19,2025-10-03
60340,Community Health Institute,M3,Psychiatric Interviewing & Mental Status Examination,Digital Workbook,57.3,69.1,Completed,33,3.4,1,6.7,2025-07-03,2025-08-05
60340,Community Health Institute,M3,"Recognizing Depression, Anxiety & Suicide Risk",Digital Workbook,58.7,63.9,Completed,29,3.4,2,6.4,2025-05-20,2025-06-18
60340,Community Health Institute,M3,Trauma-Informed Care & Communication,Digital Workbook,74.1,87.4,Completed,24,2.9,2,4.3,2025-04-18,2025-05-12
60340,Community Health Institute,M3,De-escalation Micro-Skills for Acute Distress,Gamified Microlearning,66.0,88.9,Completed,4,4.5,1,0.9,2025-09-12,2025-09-16
60340,Community Health Institute,M3,Empathic Communication Quick Course,Gamified Microlearning,90.2,100.0,Completed,7,4.1,2,1.7,2025-09-30,2025-10-07
60340,Community Health Institute,M3,Motivational Interviewing Workshop,Blended,55.4,,Dropped,,3.3,2,0.9,2025-06-28,
60340,Community Health Institute,M3,Peer Mentorship & Clinical Team Communication,Blended,50.2,68.0,Completed,6,4.4,2,6.2,2025-02-12,2025-02-18
60340,Community Health Institute,M3,Understanding Implicit Bias in Clinical Decision-Making,Digital Workbook,73.5,92.9,Completed,6,3.5,1,3.6,2025-01-24,2025-01-30
60341,Lakeside Medical Center,M3,Psychiatric Interviewing & Mental Status Examination,Digital Workbook,64.8,77.6,Completed,14,2.7,1,5.2,2025-06-06,2025-06-20
60341,Lakeside Medical Center,M3,"Recognizing Depression, Anxiety & Suicide Risk",Digital Workbook,59.3,,Not Started,,,0,0.0,2025-02-15,
60341,Lakeside Medical Center,M3,Trauma-Informed Care & Communication,Digital Workbook,57.5,65.8,Completed,20,3.2,1,5.1,2025-05-12,2025-06-01
60341,Lakeside Medical Center,M3,De-escalation Micro-Skills for Acute Distress,Gamified Microlearning,62.2,83.5,Completed,4,3.6,1,1.0,2025-06-01,2025-06-05
60341,Lakeside Medical Center,M3,Empathic Communication Quick Course,Gamified Microlearning,53.5,83.2,Completed,8,4.0,2,1.9,2025-04-08,2025-04-16
60341,Lakeside Medical Center,M3,Intro to Cognitive Behavioral Therapy for Primary Care,Teacher-Led Virtual,62.8,83.5,Completed,4,3.8,1,3.1,2025-08-12,2025-08-16
60342,Lakeside Medical Center,M2,Psychiatric Interviewing & Mental Status Examination,Digital Workbook,77.7,88.6,Completed,24,3.5,2,7.1,2025-09-27,2025-10-21
60342,Lakeside Medical Center,M2,"Recognizing Depression, Anxiety & Suicide Risk",Digital Workbook,58.0,58.7,Completed,15,3.4,1,6.5,2025-05-10,2025-05-25
60342,Lakeside Medical Center,M2,Trauma-Informed Care & Communication,Digital Workbook,61.2,,In Progress,,2.5,3,2.5,2025-05-04,
60342,Lakeside Medical Center,M2,De-escalation Micro-Skills for Acute Distress,Gamified Microlearning,69.5,84.5,Completed,3,4.3,1,1.2,2025-10-30,2025-11-02
60342,Lakeside Medical Center,M2,Empathic Communication Quick Course,Gamified Microlearning,56.8,78.7,Completed,3,4.9,1,1.6,2025-09-29,2025-10-02
60342,Lakeside Medical Center,M2,Understanding Implicit Bias in Clinical Decision-Making,Digital Workbook,68.8,87.1,Completed,11,4.0,1,3.8,2025-11-12,2025-11-23
60342,Lakeside Medical Center,M2,Peer Mentorship & Clinical Team Communication,Blended,80.3,100.0,Completed,18,4.5,1,7.5,2025-03-20,2025-04-07
60342,Lakeside Medical Center,M2,Motivational Interviewing Workshop,Blended,52.1,62.9,Completed,10,3.8,1,2.5,2025-06-09,2025-06-19
60343,Meridian Main Campus,M2,Psychiatric Interviewing & Mental Status Examination,Digital Workbook,61.3,,Dropped,,1.8,1,0.3,2025-08-25,
60343,Meridian Main Campus,M2,"Recognizing Depression, Anxiety & Suicide Risk",Digital Workbook,56.0,,Not Started,,,0,0.0,2025-03-29,
60343,Meridian Main Campus,M2,Trauma-Informed Care & Communication,Digital Workbook,70.1,67.7,Completed,6,3.6,1,4.4,2025-02-26,2025-03-04
60343,Meridian Main Campus,M2,De-escalation Micro-Skills for Acute Distress,Gamified Microlearning,79.4,100.0,Completed,3,5.0,1,1.1,2025-07-28,2025-07-31
60343,Meridian Main Campus,M2,Empathic Communication Quick Course,Gamified Microlearning,75.5,95.0,Completed,3,4.2,1,1.9,2025-10-07,2025-10-10
60343,Meridian Main Campus,M2,Motivational Interviewing Workshop,Blended,53.9,71.2,Completed,4,4.6,2,2.4,2025-05-09,2025-05-13
60343,Meridian Main Campus,M2,Physician Wellness & Burnout Prevention,Teacher-Led Virtual,76.3,85.6,Completed,16,3.8,2,3.8,2025-07-22,2025-08-07
60344,Meridian Main Campus,M4,Psychiatric Interviewing & Mental Status Examination,Digital Workbook,73.5,,In Progress,,2.9,3,3.5,2025-01-23,
60344,Meridian Main Campus,M4,"Recognizing Depression, Anxiety & Suicide Risk",Digital Workbook,68.4,76.2,Completed,17,3.1,2,6.2,2025-01-26,2025-02-12
60344,Meridian Main Campus,M4,Trauma-Informed Care & Communication,Digital Workbook,57.1,70.7,Completed,24,3.0,1,4.9,2025-11-12,2025-12-06
60344,Meridian Main Campus,M4,De-escalation Micro-Skills for Acute Distress,Gamified Microlearning,83.7,100.0,Completed,3,4.5,1,1.0,2025-02-16,2025-02-19
60344,Meridian Main Campus,M4,Empathic Communication Quick Course,Gamified Microlearning,50.5,69.1,Completed,5,4.2,1,1.7,2025-11-10,2025-11-15
60344,Meridian Main Campus,M4,Physician Wellness & Burnout Prevention,Teacher-Led Virtual,61.5,74.1,Completed,10,4.5,3,4.8,2025-06-01,2025-06-11
60345,Meridian Main Campus,M4,Psychiatric Interviewing & Mental Status Examination,Digital Workbook,58.1,62.6,Completed,18,2.7,1,6.1,2025-10-16,2025-11-03
60345,Meridian Main Campus,M4,"Recognizing Depression, Anxiety & Suicide Risk",Digital Workbook,36.1,,Not Started,,,0,0.0,2025-09-10,
60345,Meridian Main Campus,M4,Trauma-Informed Care & Communication,Digital Workbook,62.6,,Not Started,,,0,0.0,2025-08-09,
60345,Meridian Main Campus,M4,De-escalation Micro-Skills for Acute Distress,Gamified Microlearning,58.2,72.1,Completed,4,4.5,1,1.0,2025-05-17,2025-05-21
60345,Meridian Main Campus,M4,Empathic Communication Quick Course,Gamified Microlearning,55.1,69.4,Completed,5,4.5,1,1.3,2025-08-09,2025-08-14
60345,Meridian Main Campus,M4,Motivational Interviewing Workshop,Blended,50.4,72.0,Completed,5,4.4,1,2.5,2025-07-21,2025-07-26
60345,Meridian Main Campus,M4,Peer Mentorship & Clinical Team Communication,Blended,52.7,72.9,Completed,27,4.6,3,6.4,2025-05-09,2025-06-05
60346,Meridian Main Campus,M4,Psychiatric Interviewing & Mental Status Examination,Digital Workbook,73.2,74.0,Completed,22,3.3,1,7.3,2025-10-26,2025-11-17
60346,Meridian Main Campus,M4,"Recognizing Depression, Anxiety & Suicide Risk",Digital Workbook,63.4,,In Progress,,3.1,1,1.7,2025-10-23,
60346,Meridian Main Campus,M4,Trauma-Informed Care & Communication,Digital Workbook,58.8,64.5,Completed,18,3.1,2,5.2,2025-01-09,2025-01-27
60346,Meridian Main Campus,M4,De-escalation Micro-Skills for Acute Distress,Gamified Microlearning,60.3,,Dropped,,2.4,1,0.2,2025-03-14,
60346,Meridian Main Campus,M4,Empathic Communication Quick Course,Gamified Microlearning,74.3,93.8,Completed,5,4.7,2,1.4,2025-09-09,2025-09-14
60346,Meridian Main Campus,M4,Motivational Interviewing Workshop,Blended,44.3,,In Progress,,3.5,1,1.3,2025-06-29,
60346,Meridian Main Campus,M4,Understanding Implicit Bias in Clinical Decision-Making,Digital Workbook,56.0,74.6,Completed,8,3.2,2,3.3,2025-09-25,2025-10-03
60347,Lakeside Medical Center,M2,Psychiatric Interviewing & Mental Status Examination,Digital Workbook,35.8,34.8,Completed,24,3.2,2,5.6,2025-07-08,2025-08-01
60347,Lakeside Medical Center,M2,"Recognizing Depression, Anxiety & Suicide Risk",Digital Workbook,25.3,,Not Started,,,0,0.0,2025-07-28,
60347,Lakeside Medical Center,M2,Trauma-Informed Care & Communication,Digital Workbook,28.0,22.6,Completed,22,3.8,2,4.3,2025-10-18,2025-11-09
60347,Lakeside Medical Center,M2,De-escalation Micro-Skills for Acute Distress,Gamified Microlearning,27.8,34.3,Completed,3,4.1,2,0.9,2025-05-30,2025-06-02
60347,Lakeside Medical Center,M2,Empathic Communication Quick Course,Gamified Microlearning,34.0,43.3,Completed,4,4.5,1,1.8,2025-02-23,2025-02-27
60347,Lakeside Medical Center,M2,Physician Wellness & Burnout Prevention,Teacher-Led Virtual,51.0,62.8,Completed,20,3.1,2,3.9,2025-01-30,2025-02-19
60348,Community Health Institute,M3,Psychiatric Interviewing & Mental Status Examination,Digital Workbook,57.2,,Dropped,,2.7,1,1.8,2025-07-24,
60348,Community Health Institute,M3,"Recognizing Depression, Anxiety & Suicide Risk",Digital Workbook,67.6,70.8,Completed,20,2.6,1,5.9,2025-07-13,2025-08-02
60348,Community Health Institute,M3,Trauma-Informed Care & Communication,Digital Workbook,56.2,,Dropped,,1.8,2,0.3,2025-05-02,
60348,Community Health Institute,M3,De-escalation Micro-Skills for Acute Distress,Gamified Microlearning,58.6,77.7,Completed,3,3.8,1,0.9,2025-02-18,2025-02-21
60348,Community Health Institute,M3,Empathic Communication Quick Course,Gamified Microlearning,60.6,68.9,Completed,3,4.7,2,1.8,2025-07-19,2025-07-22
60348,Community Health Institute,M3,Peer Mentorship & Clinical Team Communication,Blended,68.3,75.6,Completed,20,4.3,2,6.7,2025-09-27,2025-10-17
60348,Community Health Institute,M3,Intro to Cognitive Behavioral Therapy for Primary Care,Teacher-Led Virtual,48.6,69.0,Completed,7,3.7,1,3.1,2025-04-25,2025-05-02
60349,Lakeside Medical Center,M3,Psychiatric Interviewing & Mental Status Examination,Digital Workbook,67.5,82.1,Completed,15,4.2,2,7.5,2025-07-08,2025-07-23
60349,Lakeside Medical Center,M3,"Recognizing Depression, Anxiety & Suicide Risk",Digital Workbook,75.9,80.8,Completed,17,3.0,2,5.0,2025-03-04,2025-03-21
60349,Lakeside Medical Center,M3,Trauma-Informed Care & Communication,Digital Workbook,53.0,59.1,Completed,15,2.8,2,5.8,2025-01-07,2025-01-22
60349,Lakeside Medical Center,M3,De-escalation Micro-Skills for Acute Distress,Gamified Microlearning,66.5,84.5,Completed,4,3.8,2,1.3,2025-01-16,2025-01-20
60349,Lakeside Medical Center,M3,Empathic Communication Quick Course,Gamified Microlearning,44.8,65.1,Completed,3,4.4,1,1.3,2025-03-13,2025-03-16
60349,Lakeside Medical Center,M3,Understanding Implicit Bias in Clinical Decision-Making,Digital Workbook,75.6,93.1,Completed,9,3.5,2,3.4,2025-04-12,2025-04-21
60350,Community Health Institute,M1,Psychiatric Interviewing & Mental Status Examination,Digital Workbook,74.7,79.8,Completed,5,3.0,1,6.6,2025-04-10,2025-04-15
60350,Community Health Institute,M1,"Recognizing Depression, Anxiety & Suicide Risk",Digital Workbook,72.2,,Not Started,,,0,0.0,2025-05-05,
60350,Community Health Institute,M1,Trauma-Informed Care & Communication,Digital Workbook,58.7,65.9,Completed,14,3.2,2,4.7,2025-11-07,2025-11-21
60350,Community Health Institute,M1,De-escalation Micro-Skills for Acute Distress,Gamified Microlearning,67.3,90.2,Completed,2,4.5,2,1.0,2025-11-18,2025-11-20
60350,Community Health Institute,M1,Empathic Communication Quick Course,Gamified Microlearning,57.5,86.4,Completed,4,3.9,1,1.8,2025-09-05,2025-09-09
60350,Community Health Institute,M1,Motivational Interviewing Workshop,Blended,64.9,78.7,Completed,8,4.5,1,2.8,2025-05-07,2025-05-15
60350,Community Health Institute,M1,Understanding Implicit Bias in Clinical Decision-Making,Digital Workbook,87.7,100.0,Completed,9,4.1,2,3.8,2025-06-17,2025-06-26
60351,Meridian Main Campus,M3,Psychiatric Interviewing & Mental Status Examination,Digital Workbook,67.7,69.9,Completed,22,3.1,2,6.4,2025-08-31,2025-09-22
60351,Meridian Main Campus,M3,"Recognizing Depression, Anxiety & Suicide Risk",Digital Workbook,55.4,,Not Started,,,0,0.0,2025-01-31,
60351,Meridian Main Campus,M3,Trauma-Informed Care & Communication,Digital Workbook,52.6,60.0,Completed,9,2.7,2,4.4,2025-01-06,2025-01-15
60351,Meridian Main Campus,M3,De-escalation Micro-Skills for Acute Distress,Gamified Microlearning,53.0,63.6,Completed,4,4.4,1,1.0,2025-09-27,2025-10-01
60351,Meridian Main Campus,M3,Empathic Communication Quick Course,Gamified Microlearning,65.2,92.0,Completed,5,4.7,1,1.8,2025-10-21,2025-10-26
60351,Meridian Main Campus,M3,Understanding Implicit Bias in Clinical Decision-Making,Digital Workbook,73.8,,In Progress,,2.9,3,1.2,2025-04-01,
60352,Lakeside Medical Center,M1,Psychiatric Interviewing & Mental Status Examination,Digital Workbook,72.7,,Dropped,,2.7,3,0.5,2025-09-23,
60352,Lakeside Medical Center,M1,"Recognizing Depression, Anxiety & Suicide Risk",Digital Workbook,47.8,,In Progress,,2.4,2,2.4,2025-08-12,
60352,Lakeside Medical Center,M1,Trauma-Informed Care & Communication,Digital Workbook,50.2,46.2,Completed,8,2.9,2,5.2,2025-07-19,2025-07-27
60352,Lakeside Medical Center,M1,De-escalation Micro-Skills for Acute Distress,Gamified Microlearning,47.8,60.0,Completed,2,4.3,1,1.2,2025-08-20,2025-08-22
60352,Lakeside Medical Center,M1,Empathic Communication Quick Course,Gamified Microlearning,60.4,77.1,Completed,6,4.5,2,1.8,2025-10-15,2025-10-21
60352,Lakeside Medical Center,M1,Intro to Cognitive Behavioral Therapy for Primary Care,Teacher-Led Virtual,37.7,50.4,Completed,10,3.8,2,2.8,2025-10-31,2025-11-10
60353,Community Health Institute,M2,Psychiatric Interviewing & Mental Status Examination,Digital Workbook,45.9,47.9,Completed,7,3.1,3,7.6,2025-07-17,2025-07-24
60353,Community Health Institute,M2,"Recognizing Depression, Anxiety & Suicide Risk",Digital Workbook,53.9,56.0,Completed,11,3.3,2,6.9,2025-04-15,2025-04-26
60353,Community Health Institute,M2,Trauma-Informed Care & Communication,Digital Workbook,50.1,50.3,Completed,11,3.1,2,5.4,2025-07-21,2025-08-01
60353,Community Health Institute,M2,De-escalation Micro-Skills for Acute Distress,Gamified Microlearning,45.6,54.3,Completed,3,4.6,2,1.0,2025-11-10,2025-11-13
60353,Community Health Institute,M2,Empathic Communication Quick Course,Gamified Microlearning,42.7,59.6,Completed,7,3.9,2,1.7,2025-05-21,2025-05-28
60353,Community Health Institute,M2,Physician Wellness & Burnout Prevention,Teacher-Led Virtual,58.6,,In Progress,,3.3,1,2.5,2025-03-02,
60353,Community Health Institute,M2,Peer Mentorship & Clinical Team Communication,Blended,25.4,35.1,Completed,31,4.0,3,6.2,2025-02-23,2025-03-26
60354,Community Health Institute,M2,Psychiatric Interviewing & Mental Status Examination,Digital Workbook,63.6,66.9,Completed,25,3.1,2,7.8,2025-01-19,2025-02-13
60354,Community Health Institute,M2,"Recognizing Depression, Anxiety & Suicide Risk",Digital Workbook,74.2,,Dropped,,2.2,1,0.5,2025-03-17,
60354,Community Health Institute,M2,Trauma-Informed Care & Communication,Digital Workbook,60.0,68.7,Completed,24,3.0,1,5.4,2025-11-02,2025-11-26
60354,Community Health Institute,M2,De-escalation Micro-Skills for Acute Distress,Gamified Microlearning,75.4,92.8,Completed,4,4.2,1,1.0,2025-06-25,2025-06-29
60354,Community Health Institute,M2,Empathic Communication Quick Course,Gamified Microlearning,44.8,69.2,Completed,4,4.6,1,1.7,2025-05-24,2025-05-28
60354,Community Health Institute,M2,Understanding Implicit Bias in Clinical Decision-Making,Digital Workbook,61.7,83.3,Completed,13,3.9,1,3.8,2025-09-18,2025-10-01
60354,Community Health Institute,M2,Peer Mentorship & Clinical Team Communication,Blended,65.0,,Not Started,,,0,0.0,2025-05-11,
60355,University Health Partners,M1,Psychiatric Interviewing & Mental Status Examination,Digital Workbook,29.5,34.4,Completed,17,2.4,3,7.1,2025-08-09,2025-08-26
60355,University Health Partners,M1,"Recognizing Depression, Anxiety & Suicide Risk",Digital Workbook,41.5,44.2,Completed,14,3.1,3,5.9,2025-09-10,2025-09-24
60355,University Health Partners,M1,Trauma-Informed Care & Communication,Digital Workbook,43.5,43.7,Completed,10,3.1,2,4.0,2025-04-05,2025-04-15
60355,University Health Partners,M1,De-escalation Micro-Skills for Acute Distress,Gamified Microlearning,26.1,43.1,Completed,2,4.5,1,1.1,2025-06-13,2025-06-15
60355,University Health Partners,M1,Empathic Communication Quick Course,Gamified Microlearning,41.0,48.6,Completed,4,4.5,1,1.6,2025-03-10,2025-03-14
60355,University Health Partners,M1,Motivational Interviewing Workshop,Blended,40.3,53.4,Completed,4,4.3,1,2.5,2025-09-26,2025-09-30
60355,University Health Partners,M1,Peer Mentorship & Clinical Team Communication,Blended,51.8,55.0,Completed,7,4.5,2,6.0,2025-08-30,2025-09-06
60355,University Health Partners,M1,Understanding Implicit Bias in Clinical Decision-Making,Digital Workbook,40.4,46.3,Completed,11,3.1,1,3.0,2025-09-25,2025-10-06
60356,Lakeside Medical Center,M1,Psychiatric Interviewing & Mental Status Examination,Digital Workbook,67.8,,In Progress,,2.6,2,2.3,2025-01-13,
60356,Lakeside Medical Center,M1,"Recognizing Depression, Anxiety & Suicide Risk",Digital Workbook,72.2,81.7,Completed,27,3.2,2,4.8,2025-09-27,2025-10-24
60356,Lakeside Medical Center,M1,Trauma-Informed Care & Communication,Digital Workbook,75.3,76.8,Completed,8,3.3,3,4.7,2025-03-08,2025-03-16
60356,Lakeside Medical Center,M1,De-escalation Micro-Skills for Acute Distress,Gamified Microlearning,76.2,100.0,Completed,2,5.0,2,0.9,2025-10-19,2025-10-21
60356,Lakeside Medical Center,M1,Empathic Communication Quick Course,Gamified Microlearning,41.7,57.1,Completed,4,4.7,2,1.4,2025-06-15,2025-06-19
60356,Lakeside Medical Center,M1,Physician Wellness & Burnout Prevention,Teacher-Led Virtual,49.5,,Dropped,,1.9,1,0.2,2025-05-04,
60356,Lakeside Medical Center,M1,Motivational Interviewing Workshop,Blended,65.3,73.4,Completed,12,3.9,2,3.0,2025-07-18,2025-07-30
60357,Community Health Institute,M3,Psychiatric Interviewing & Mental Status Examination,Digital Workbook,64.7,70.7,Completed,21,3.0,1,6.4,2025-01-23,2025-02-13
60357,Community Health Institute,M3,"Recognizing Depression, Anxiety & Suicide Risk",Digital Workbook,59.8,55.3,Completed,9,3.9,1,4.7,2025-10-25,2025-11-03
60357,Community Health Institute,M3,Trauma-Informed Care & Communication,Digital Workbook,54.1,68.6,Completed,6,3.4,1,4.8,2025-11-17,2025-11-23
60357,Community Health Institute,M3,De-escalation Micro-Skills for Acute Distress,Gamified Microlearning,50.6,70.9,Completed,3,5.0,1,1.0,2025-07-27,2025-07-30
60357,Community Health Institute,M3,Empathic Communication Quick Course,Gamified Microlearning,64.9,87.9,Completed,5,4.5,1,1.4,2025-10-28,2025-11-02
60357,Community Health Institute,M3,Physician Wellness & Burnout Prevention,Teacher-Led Virtual,46.4,50.3,Completed,6,3.6,1,3.8,2025-05-27,2025-06-02
60358,Meridian Main Campus,M2,Psychiatric Interviewing & Mental Status Examination,Digital Workbook,66.4,86.9,Completed,26,3.1,2,6.8,2025-01-18,2025-02-13
60358,Meridian Main Campus,M2,"Recognizing Depression, Anxiety & Suicide Risk",Digital Workbook,67.4,79.1,Completed,17,2.2,1,7.0,2025-08-17,2025-09-03
60358,Meridian Main Campus,M2,Trauma-Informed Care & Communication,Digital Workbook,63.7,,In Progress,,3.4,1,2.0,2025-07-13,
60358,Meridian Main Campus,M2,De-escalation Micro-Skills for Acute Distress,Gamified Microlearning,61.9,86.2,Completed,3,4.2,1,1.2,2025-09-03,2025-09-06
60358,Meridian Main Campus,M2,Empathic Communication Quick Course,Gamified Microlearning,73.8,100.0,Completed,5,4.6,1,1.6,2025-07-28,2025-08-02
60358,Meridian Main Campus,M2,Physician Wellness & Burnout Prevention,Teacher-Led Virtual,52.9,70.7,Completed,4,4.1,2,4.0,2025-04-03,2025-04-07
60358,Meridian Main Campus,M2,Peer Mentorship & Clinical Team Communication,Blended,66.0,82.7,Completed,24,4.7,1,7.4,2025-06-17,2025-07-11
60359,Lakeside Medical Center,M3,Psychiatric Interviewing & Mental Status Examination,Digital Workbook,51.5,45.8,Completed,17,3.4,4,6.7,2025-05-23,2025-06-09
60359,Lakeside Medical Center,M3,"Recognizing Depression, Anxiety & Suicide Risk",Digital Workbook,20.1,18.3,Completed,16,3.1,4,6.3,2025-04-20,2025-05-06
60359,Lakeside Medical Center,M3,Trauma-Informed Care & Communication,Digital Workbook,41.7,43.8,Completed,11,3.6,2,4.8,2025-10-23,2025-11-03
60359,Lakeside Medical Center,M3,De-escalation Micro-Skills for Acute Distress,Gamified Microlearning,41.6,61.5,Completed,2,4.2,1,1.2,2025-02-10,2025-02-12
60359,Lakeside Medical Center,M3,Empathic Communication Quick Course,Gamified Microlearning,57.8,56.2,Completed,8,3.8,2,1.9,2025-04-10,2025-04-18
60359,Lakeside Medical Center,M3,Motivational Interviewing Workshop,Blended,34.2,56.4,Completed,7,4.5,1,2.4,2025-01-19,2025-01-26
60359,Lakeside Medical Center,M3,Intro to Cognitive Behavioral Therapy for Primary Care,Teacher-Led Virtual,37.8,47.8,Completed,7,4.4,3,3.6,2025-01-30,2025-02-06
60360,Community Health Institute,M2,Psychiatric Interviewing & Mental Status Examination,Digital Workbook,44.2,,Dropped,,1.2,2,0.9,2025-07-27,
60360,Community Health Institute,M2,"Recognizing Depression, Anxiety & Suicide Risk",Digital Workbook,36.2,,Not Started,,,0,0.0,2025-06-15,
60360,Community Health Institute,M2,Trauma-Informed Care & Communication,Digital Workbook,35.9,39.1,Completed,9,2.8,3,5.5,2025-07-03,2025-07-12
60360,Community Health Institute,M2,De-escalation Micro-Skills for Acute Distress,Gamified Microlearning,48.3,55.8,Completed,1,4.7,1,1.3,2025-08-10,2025-08-11
60360,Community Health Institute,M2,Empathic Communication Quick Course,Gamified Microlearning,28.4,40.5,Completed,4,4.9,2,1.3,2025-04-25,2025-04-29
60360,Community Health Institute,M2,Motivational Interviewing Workshop,Blended,43.0,47.1,Completed,13,4.1,2,2.2,2025-03-27,2025-04-09
60361,Community Health Institute,M1,Psychiatric Interviewing & Mental Status Examination,Digital Workbook,64.8,77.7,Completed,21,3.0,2,7.6,2025-04-11,2025-05-02
60361,Community Health Institute,M1,"Recognizing Depression, Anxiety & Suicide Risk",Digital Workbook,57.8,70.4,Completed,15,3.0,3,7.1,2025-09-02,2025-09-17
60361,Community Health Institute,M1,Trauma-Informed Care & Communication,Digital Workbook,60.7,,In Progress,,3.2,3,1.6,2025-09-25,
60361,Community Health Institute,M1,De-escalation Micro-Skills for Acute Distress,Gamified Microlearning,74.6,90.0,Completed,3,4.9,2,0.9,2025-08-12,2025-08-15
60361,Community Health Institute,M1,Empathic Communication Quick Course,Gamified Microlearning,61.0,79.4,Completed,4,4.4,3,1.3,2025-02-04,2025-02-08
60361,Community Health Institute,M1,Motivational Interviewing Workshop,Blended,53.8,69.2,Completed,4,4.1,1,2.5,2025-04-02,2025-04-06
60361,Community Health Institute,M1,Physician Wellness & Burnout Prevention,Teacher-Led Virtual,74.0,88.2,Completed,12,3.8,1,5.1,2025-04-25,2025-05-07
60362,Lakeside Medical Center,M4,Psychiatric Interviewing & Mental Status Examination,Digital Workbook,48.4,56.4,Completed,17,3.3,4,5.4,2025-05-09,2025-05-26
60362,Lakeside Medical Center,M4,"Recognizing Depression, Anxiety & Suicide Risk",Digital Workbook,46.2,,In Progress,,2.4,1,1.4,2025-07-30,
60362,Lakeside Medical Center,M4,Trauma-Informed Care & Communication,Digital Workbook,48.9,52.5,Completed,15,3.1,3,4.8,2025-10-05,2025-10-20
60362,Lakeside Medical Center,M4,De-escalation Micro-Skills for Acute Distress,Gamified Microlearning,63.5,80.6,Completed,4,4.0,1,1.2,2025-02-08,2025-02-12
60362,Lakeside Medical Center,M4,Empathic Communication Quick Course,Gamified Microlearning,40.0,59.5,Completed,6,5.0,2,1.6,2025-06-20,2025-06-26
60362,Lakeside Medical Center,M4,Understanding Implicit Bias in Clinical Decision-Making,Digital Workbook,61.0,72.6,Completed,10,3.3,1,3.6,2025-06-14,2025-06-24
60363,Meridian Main Campus,M3,Psychiatric Interviewing & Mental Status Examination,Digital Workbook,43.3,,Not Started,,,0,0.0,2025-05-27,
60363,Meridian Main Campus,M3,"Recognizing Depression, Anxiety & Suicide Risk",Digital Workbook,63.1,71.5,Completed,14,3.1,1,6.3,2025-03-14,2025-03-28
60363,Meridian Main Campus,M3,Trauma-Informed Care & Communication,Digital Workbook,48.7,52.8,Completed,18,3.2,2,5.6,2025-06-22,2025-07-10
60363,Meridian Main Campus,M3,De-escalation Micro-Skills for Acute Distress,Gamified Microlearning,63.5,88.9,Completed,3,4.0,2,1.0,2025-10-05,2025-10-08
60363,Meridian Main Campus,M3,Empathic Communication Quick Course,Gamified Microlearning,73.0,91.1,Completed,2,4.8,1,1.3,2025-09-30,2025-10-02
60363,Meridian Main Campus,M3,Motivational Interviewing Workshop,Blended,70.3,93.3,Completed,7,4.0,2,3.2,2025-02-11,2025-02-18
60364,Community Health Institute,M3,Psychiatric Interviewing & Mental Status Examination,Digital Workbook,27.4,,In Progress,,2.4,2,2.5,2025-09-28,
60364,Community Health Institute,M3,"Recognizing Depression, Anxiety & Suicide Risk",Digital Workbook,40.3,37.1,Completed,13,3.9,2,5.4,2025-02-18,2025-03-03
60364,Community Health Institute,M3,Trauma-Informed Care & Communication,Digital Workbook,24.3,24.5,Completed,16,2.9,2,5.7,2025-11-14,2025-11-30
60364,Community Health Institute,M3,De-escalation Micro-Skills for Acute Distress,Gamified Microlearning,40.2,53.9,Completed,2,4.7,1,1.1,2025-04-09,2025-04-11
60364,Community Health Institute,M3,Empathic Communication Quick Course,Gamified Microlearning,50.2,66.0,Completed,5,5.0,1,1.5,2025-06-11,2025-06-16
60364,Community Health Institute,M3,Understanding Implicit Bias in Clinical Decision-Making,Digital Workbook,50.6,,Dropped,,2.5,2,1.2,2025-03-20,
60364,Community Health Institute,M3,Peer Mentorship & Clinical Team Communication,Blended,58.0,59.8,Completed,13,4.4,2,7.2,2025-05-05,2025-05-18
60365,Community Health Institute,M4,Psychiatric Interviewing & Mental Status Examination,Digital Workbook,35.8,,Not Started,,,0,0.0,2025-06-30,
60365,Community Health Institute,M4,"Recognizing Depression, Anxiety & Suicide Risk",Digital Workbook,57.0,60.4,Completed,19,3.6,2,5.4,2025-04-23,2025-05-12
60365,Community Health Institute,M4,Trauma-Informed Care & Communication,Digital Workbook,43.2,46.4,Completed,11,3.2,2,4.8,2025-11-15,2025-11-26
60365,Community Health Institute,M4,De-escalation Micro-Skills for Acute Distress,Gamified Microlearning,55.3,67.9,Completed,1,4.6,2,0.9,2025-08-06,2025-08-07
60365,Community Health Institute,M4,Empathic Communication Quick Course,Gamified Microlearning,84.2,100.0,Completed,4,4.0,1,1.5,2025-07-01,2025-07-05
60365,Community Health Institute,M4,Physician Wellness & Burnout Prevention,Teacher-Led Virtual,51.7,,In Progress,,3.3,1,1.6,2025-03-14,
60365,Community Health Institute,M4,Understanding Implicit Bias in Clinical Decision-Making,Digital Workbook,69.1,78.2,Completed,4,3.9,2,3.2,2025-09-18,2025-09-22
60366,Community Health Institute,M2,Psychiatric Interviewing & Mental Status Examination,Digital Workbook,40.2,42.1,Completed,10,2.8,2,5.5,2025-04-26,2025-05-06
60366,Community Health Institute,M2,"Recognizing Depression, Anxiety & Suicide Risk",Digital Workbook,46.2,41.1,Completed,7,3.6,2,4.8,2025-02-04,2025-02-11
60366,Community Health Institute,M2,Trauma-Informed Care & Communication,Digital Workbook,49.0,45.1,Completed,10,2.8,1,4.8,2025-03-21,2025-03-31
60366,Community Health Institute,M2,De-escalation Micro-Skills for Acute Distress,Gamified Microlearning,43.0,59.4,Completed,3,4.8,1,1.3,2025-03-10,2025-03-13
60366,Community Health Institute,M2,Empathic Communication Quick Course,Gamified Microlearning,48.7,66.1,Completed,2,4.7,1,1.9,2025-08-11,2025-08-13
60366,Community Health Institute,M2,Physician Wellness & Burnout Prevention,Teacher-Led Virtual,46.9,57.4,Completed,17,4.2,2,4.9,2025-09-20,2025-10-07
60366,Community Health Institute,M2,Motivational Interviewing Workshop,Blended,42.3,51.1,Completed,7,3.9,1,2.7,2025-08-10,2025-08-17
60367,Community Health Institute,M2,Psychiatric Interviewing & Mental Status Examination,Digital Workbook,45.7,53.3,Completed,15,3.1,2,7.2,2025-10-05,2025-10-20
60367,Community Health Institute,M2,"Recognizing Depression, Anxiety & Suicide Risk",Digital Workbook,64.7,66.2,Completed,16,3.6,1,6.6,2025-04-17,2025-05-03
60367,Community Health Institute,M2,Trauma-Informed Care & Communication,Digital Workbook,53.8,64.8,Completed,24,3.5,2,3.9,2025-07-12,2025-08-05
60367,Community Health Institute,M2,De-escalation Micro-Skills for Acute Distress,Gamified Microlearning,60.9,,Dropped,,2.7,1,0.3,2025-01-12,
60367,Community Health Institute,M2,Empathic Communication Quick Course,Gamified Microlearning,60.5,69.1,Completed,2,4.9,1,1.9,2025-08-27,2025-08-29
60367,Community Health Institute,M2,Physician Wellness & Burnout Prevention,Teacher-Led Virtual,53.3,59.6,Completed,14,3.9,1,3.7,2025-09-10,2025-09-24
60367,Community Health Institute,M2,Intro to Cognitive Behavioral Therapy for Primary Care,Teacher-Led Virtual,51.6,67.0,Completed,10,4.1,1,2.6,2025-07-09,2025-07-19
60367,Community Health Institute,M2,Peer Mentorship & Clinical Team Communication,Blended,36.5,44.5,Completed,23,4.2,3,5.2,2025-10-07,2025-10-30
60368,Lakeside Medical Center,M1,Psychiatric Interviewing & Mental Status Examination,Digital Workbook,62.5,64.0,Completed,20,3.4,2,6.6,2025-03-14,2025-04-03
60368,Lakeside Medical Center,M1,"Recognizing Depression, Anxiety & Suicide Risk",Digital Workbook,68.3,,In Progress,,2.7,1,3.5,2025-10-29,
60368,Lakeside Medical Center,M1,Trauma-Informed Care & Communication,Digital Workbook,56.7,,In Progress,,2.7,1,2.9,2025-01-23,
60368,Lakeside Medical Center,M1,De-escalation Micro-Skills for Acute Distress,Gamified Microlearning,32.0,55.5,Completed,1,4.3,2,1.1,2025-08-24,2025-08-25
60368,Lakeside Medical Center,M1,Empathic Communication Quick Course,Gamified Microlearning,56.9,73.9,Completed,6,4.7,1,1.6,2025-11-06,2025-11-12
60368,Lakeside Medical Center,M1,Peer Mentorship & Clinical Team Communication,Blended,49.1,77.0,Completed,22,4.6,3,6.6,2025-02-01,2025-02-23
60368,Lakeside Medical Center,M1,Intro to Cognitive Behavioral Therapy for Primary Care,Teacher-Led Virtual,68.1,,Not Started,,,0,0.0,2025-09-01,
60369,Community Health Institute,M2,Psychiatric Interviewing & Mental Status Examination,Digital Workbook,68.4,,In Progress,,2.4,3,1.8,2025-09-03,
60369,Community Health Institute,M2,"Recognizing Depression, Anxiety & Suicide Risk",Digital Workbook,63.4,68.0,Completed,18,2.7,1,5.6,2025-03-14,2025-04-01
60369,Community Health Institute,M2,Trauma-Informed Care & Communication,Digital Workbook,57.5,,Not Started,,,0,0.0,2025-04-26,
60369,Community Health Institute,M2,De-escalation Micro-Skills for Acute Distress,Gamified Microlearning,67.4,81.5,Completed,3,4.0,1,1.1,2025-11-06,2025-11-09
60369,Community Health Institute,M2,Empathic Communication Quick Course,Gamified Microlearning,67.1,82.4,Completed,3,4.6,1,1.4,2025-10-20,2025-10-23
60369,Community Health Institute,M2,Understanding Implicit Bias in Clinical Decision-Making,Digital Workbook,58.0,73.8,Completed,13,3.9,2,3.6,2025-01-07,2025-01-20
60369,Community Health Institute,M2,Peer Mentorship & Clinical Team Communication,Blended,61.4,75.1,Completed,11,4.2,1,6.6,2025-11-04,2025-11-15
60369,Community Health Institute,M2,Physician Wellness & Burnout Prevention,Teacher-Led Virtual,54.9,73.9,Completed,6,3.3,2,4.0,2025-05-01,2025-05-07
60370,University Health Partners,M3,Psychiatric Interviewing & Mental Status Examination,Digital Workbook,49.0,54.7,Completed,25,3.4,1,6.0,2025-04-09,2025-05-04
60370,University Health Partners,M3,"Recognizing Depression, Anxiety & Suicide Risk",Digital Workbook,61.3,71.0,Completed,19,3.2,2,5.4,2025-07-26,2025-08-14
60370,University Health Partners,M3,Trauma-Informed Care & Communication,Digital Workbook,62.5,68.5,Completed,15,2.8,2,5.0,2025-06-08,2025-06-23
60370,University Health Partners,M3,De-escalation Micro-Skills for Acute Distress,Gamified Microlearning,72.5,85.4,Completed,2,5.0,1,1.0,2025-02-07,2025-02-09
60370,University Health Partners,M3,Empathic Communication Quick Course,Gamified Microlearning,59.1,82.5,Completed,5,4.7,1,1.5,2025-10-22,2025-10-27
60370,University Health Partners,M3,Physician Wellness & Burnout Prevention,Teacher-Led Virtual,64.6,84.0,Completed,11,3.8,1,3.5,2025-05-07,2025-05-18
60370,University Health Partners,M3,Peer Mentorship & Clinical Team Communication,Blended,66.1,86.9,Completed,30,3.9,1,7.1,2025-08-14,2025-09-13
60370,University Health Partners,M3,Motivational Interviewing Workshop,Blended,49.0,62.8,Completed,8,3.8,2,2.3,2025-08-28,2025-09-05
60371,Meridian Main Campus,M2,Psychiatric Interviewing & Mental Status Examination,Digital Workbook,48.6,,Not Started,,,0,0.0,2025-01-16,
60371,Meridian Main Campus,M2,"Recognizing Depression, Anxiety & Suicide Risk",Digital Workbook,78.3,,In Progress,,2.6,2,2.7,2025-06-25,
60371,Meridian Main Campus,M2,Trauma-Informed Care & Communication,Digital Workbook,65.4,68.5,Completed,11,3.4,2,4.7,2025-01-07,2025-01-18
60371,Meridian Main Campus,M2,De-escalation Micro-Skills for Acute Distress,Gamified Microlearning,54.7,,Not Started,,,0,0.0,2025-05-03,
60371,Meridian Main Campus,M2,Empathic Communication Quick Course,Gamified Microlearning,66.4,85.4,Completed,2,4.2,1,1.6,2025-05-25,2025-05-27
60371,Meridian Main Campus,M2,Motivational Interviewing Workshop,Blended,71.3,90.6,Completed,7,5.0,2,3.1,2025-07-01,2025-07-08
60371,Meridian Main Campus,M2,Physician Wellness & Burnout Prevention,Teacher-Led Virtual,68.4,89.9,Completed,9,3.7,2,3.6,2025-06-02,2025-06-11
60372,Meridian Main Campus,M1,Psychiatric Interviewing & Mental Status Examination,Digital Workbook,67.7,71.3,Completed,21,3.5,2,7.0,2025-02-16,2025-03-09
60372,Meridian Main Campus,M1,"Recognizing Depression, Anxiety & Suicide Risk",Digital Workbook,61.5,,Not Started,,,0,0.0,2025-11-11,
60372,Meridian Main Campus,M1,Trauma-Informed Care & Communication,Digital Workbook,36.4,45.5,Completed,14,2.7,2,5.8,2025-10-24,2025-11-07
60372,Meridian Main Campus,M1,De-escalation Micro-Skills for Acute Distress,Gamified Microlearning,51.0,68.3,Completed,2,4.2,1,1.0,2025-05-16,2025-05-18
60372,Meridian Main Campus,M1,Empathic Communication Quick Course,Gamified Microlearning,62.4,77.7,Completed,3,4.6,2,1.4,2025-08-08,2025-08-11
60372,Meridian Main Campus,M1,Motivational Interviewing Workshop,Blended,58.2,75.5,Completed,8,4.1,2,3.1,2025-01-31,2025-02-08
60372,Meridian Main Campus,M1,Peer Mentorship & Clinical Team Communication,Blended,60.0,71.3,Completed,13,3.8,3,7.5,2025-02-28,2025-03-13
60373,Riverside Teaching Hospital,M2,Psychiatric Interviewing & Mental Status Examination,Digital Workbook,37.5,,Not Started,,,0,0.0,2025-09-22,
60373,Riverside Teaching Hospital,M2,"Recognizing Depression, Anxiety & Suicide Risk",Digital Workbook,56.5,,In Progress,,2.1,1,2.4,2025-04-17,
60373,Riverside Teaching Hospital,M2,Trauma-Informed Care & Communication,Digital Workbook,33.1,45.6,Completed,18,3.3,1,4.8,2025-03-24,2025-04-11
60373,Riverside Teaching Hospital,M2,De-escalation Micro-Skills for Acute Distress,Gamified Microlearning,46.0,66.3,Completed,4,4.4,3,1.1,2025-04-09,2025-04-13
60373,Riverside Teaching Hospital,M2,Empathic Communication Quick Course,Gamified Microlearning,40.4,53.9,Completed,1,5.0,1,1.7,2025-04-09,2025-04-10
60373,Riverside Teaching Hospital,M2,Understanding Implicit Bias in Clinical Decision-Making,Digital Workbook,42.6,50.8,Completed,9,3.6,1,2.9,2025-02-12,2025-02-21
60374,Riverside Teaching Hospital,M3,Psychiatric Interviewing & Mental Status Examination,Digital Workbook,72.4,,Not Started,,,0,0.0,2025-07-08,
60374,Riverside Teaching Hospital,M3,"Recognizing Depression, Anxiety & Suicide Risk",Digital Workbook,69.9,,In Progress,,3.0,2,2.3,2025-05-03,
60374,Riverside Teaching Hospital,M3,Trauma-Informed Care & Communication,Digital Workbook,87.0,97.4,Completed,15,3.5,3,5.4,2025-09-14,2025-09-29
60374,Riverside Teaching Hospital,M3,De-escalation Micro-Skills for Acute Distress,Gamified Microlearning,60.2,84.6,Completed,3,4.8,1,0.9,2025-11-16,2025-11-19
60374,Riverside Teaching Hospital,M3,Empathic Communication Quick Course,Gamified Microlearning,75.5,100.0,Completed,7,5.0,1,1.7,2025-01-31,2025-02-07
60374,Riverside Teaching Hospital,M3,Motivational Interviewing Workshop,Blended,49.6,63.3,Completed,8,4.5,1,2.2,2025-08-12,2025-08-20
60375,Community Health Institute,M3,Psychiatric Interviewing & Mental Status Examination,Digital Workbook,59.6,69.0,Completed,26,3.4,2,7.4,2025-04-06,2025-05-02
60375,Community Health Institute,M3,"Recognizing Depression, Anxiety & Suicide Risk",Digital Workbook,63.5,67.6,Completed,13,3.2,1,6.1,2025-10-01,2025-10-14
60375,Community Health Institute,M3,Trauma-Informed Care & Communication,Digital Workbook,50.1,44.3,Completed,19,3.4,2,4.0,2025-10-31,2025-11-19
60375,Community Health Institute,M3,De-escalation Micro-Skills for Acute Distress,Gamified Microlearning,65.1,82.9,Completed,3,4.6,1,1.1,2025-08-08,2025-08-11
60375,Community Health Institute,M3,Empathic Communication Quick Course,Gamified Microlearning,51.0,70.6,Completed,9,4.8,3,1.9,2025-09-01,2025-09-10
60375,Community Health Institute,M3,Motivational Interviewing Workshop,Blended,49.2,68.3,Completed,5,4.2,2,2.3,2025-01-13,2025-01-18
60375,Community Health Institute,M3,Physician Wellness & Burnout Prevention,Teacher-Led Virtual,62.5,87.7,Completed,8,4.1,1,5.1,2025-02-28,2025-03-08
60376,University Health Partners,M1,Psychiatric Interviewing & Mental Status Examination,Digital Workbook,69.9,77.6,Completed,7,3.3,1,5.6,2025-09-15,2025-09-22
60376,University Health Partners,M1,"Recognizing Depression, Anxiety & Suicide Risk",Digital Workbook,46.8,53.6,Completed,22,2.7,1,5.2,2025-05-30,2025-06-21
60376,University Health Partners,M1,Trauma-Informed Care & Communication,Digital Workbook,56.3,64.9,Completed,7,2.5,2,4.0,2025-09-15,2025-09-22
60376,University Health Partners,M1,De-escalation Micro-Skills for Acute Distress,Gamified Microlearning,48.0,67.0,Completed,3,5.0,1,0.9,2025-01-06,2025-01-09
60376,University Health Partners,M1,Empathic Communication Quick Course,Gamified Microlearning,40.1,46.6,Completed,3,3.6,2,1.5,2025-07-19,2025-07-22
60376,University Health Partners,M1,Intro to Cognitive Behavioral Therapy for Primary Care,Teacher-Led Virtual,55.9,,Not Started,,,0,0.0,2025-09-29,
60376,University Health Partners,M1,Peer Mentorship & Clinical Team Communication,Blended,50.0,67.3,Completed,15,3.8,2,7.0,2025-04-25,2025-05-10
60377,Meridian Main Campus,M4,Psychiatric Interviewing & Mental Status Examination,Digital Workbook,54.2,59.8,Completed,20,3.4,2,5.6,2025-05-13,2025-06-02
60377,Meridian Main Campus,M4,"Recognizing Depression, Anxiety & Suicide Risk",Digital Workbook,58.8,59.0,Completed,18,2.9,2,6.5,2025-11-14,2025-12-02
60377,Meridian Main Campus,M4,Trauma-Informed Care & Communication,Digital Workbook,53.5,60.5,Completed,12,3.4,2,5.6,2025-03-15,2025-03-27
60377,Meridian Main Campus,M4,De-escalation Micro-Skills for Acute Distress,Gamified Microlearning,41.3,48.7,Completed,4,4.5,1,1.1,2025-04-16,2025-04-20
60377,Meridian Main Campus,M4,Empathic Communication Quick Course,Gamified Microlearning,56.1,72.5,Completed,3,4.7,1,1.4,2025-05-23,2025-05-26
60377,Meridian Main Campus,M4,Physician Wellness & Burnout Prevention,Teacher-Led Virtual,29.2,,In Progress,,3.1,2,2.5,2025-05-27,
60377,Meridian Main Campus,M4,Understanding Implicit Bias in Clinical Decision-Making,Digital Workbook,50.7,,In Progress,,3.6,1,1.3,2025-06-29,
60378,Community Health Institute,M4,Psychiatric Interviewing & Mental Status Examination,Digital Workbook,78.0,,Not Started,,,0,0.0,2025-04-15,
60378,Community Health Institute,M4,"Recognizing Depression, Anxiety & Suicide Risk",Digital Workbook,62.3,63.6,Completed,17,3.2,1,6.7,2025-10-06,2025-10-23
60378,Community Health Institute,M4,Trauma-Informed Care & Communication,Digital Workbook,71.3,,Dropped,,1.6,1,1.3,2025-07-18,
60378,Community Health Institute,M4,De-escalation Micro-Skills for Acute Distress,Gamified Microlearning,70.6,86.5,Completed,3,5.0,1,0.9,2025-07-27,2025-07-30
60378,Community Health Institute,M4,Empathic Communication Quick Course,Gamified Microlearning,82.9,100.0,Completed,5,4.8,1,1.7,2025-06-15,2025-06-20
60378,Community Health Institute,M4,Intro to Cognitive Behavioral Therapy for Primary Care,Teacher-Led Virtual,84.3,96.6,Completed,10,4.0,1,3.8,2025-08-02,2025-08-12
60378,Community Health Institute,M4,Peer Mentorship & Clinical Team Communication,Blended,74.6,94.2,Completed,20,4.2,2,6.9,2025-02-03,2025-02-23
60378,Community Health Institute,M4,Physician Wellness & Burnout Prevention,Teacher-Led Virtual,63.7,,In Progress,,3.3,2,1.7,2025-05-13,
60379,Community Health Institute,M2,Psychiatric Interviewing & Mental Status Examination,Digital Workbook,47.6,,Dropped,,2.0,2,0.7,2025-01-29,
60379,Community Health Institute,M2,"Recognizing Depression, Anxiety & Suicide Risk",Digital Workbook,48.8,,Dropped,,2.3,1,1.6,2025-09-24,
60379,Community Health Institute,M2,Trauma-Informed Care & Communication,Digital Workbook,59.7,,In Progress,,2.5,1,1.8,2025-11-14,
60379,Community Health Institute,M2,De-escalation Micro-Skills for Acute Distress,Gamified Microlearning,55.3,59.1,Completed,3,4.8,1,1.1,2025-08-06,2025-08-09
60379,Community Health Institute,M2,Empathic Communication Quick Course,Gamified Microlearning,57.3,71.2,Completed,3,4.0,1,1.7,2025-05-19,2025-05-22
60379,Community Health Institute,M2,Physician Wellness & Burnout Prevention,Teacher-Led Virtual,47.3,61.6,Completed,15,3.9,3,4.1,2025-09-04,2025-09-19
60379,Community Health Institute,M2,Understanding Implicit Bias in Clinical Decision-Making,Digital Workbook,38.3,47.8,Completed,10,4.1,1,2.6,2025-02-15,2025-02-25
60380,Meridian Main Campus,M3,Psychiatric Interviewing & Mental Status Examination,Digital Workbook,61.6,,Not Started,,,0,0.0,2025-08-29,
60380,Meridian Main Campus,M3,"Recognizing Depression, Anxiety & Suicide Risk",Digital Workbook,50.2,60.7,Completed,10,3.7,1,5.6,2025-02-19,2025-03-01
60380,Meridian Main Campus,M3,Trauma-Informed Care & Communication,Digital Workbook,56.8,67.7,Completed,14,3.3,1,4.9,2025-03-29,2025-04-12
60380,Meridian Main Campus,M3,De-escalation Micro-Skills for Acute Distress,Gamified Microlearning,62.8,78.1,Completed,2,4.4,1,1.3,2025-07-13,2025-07-15
60380,Meridian Main Campus,M3,Empathic Communication Quick Course,Gamified Microlearning,52.6,61.0,Completed,3,3.8,1,1.9,2025-03-10,2025-03-13
60380,Meridian Main Campus,M3,Understanding Implicit Bias in Clinical Decision-Making,Digital Workbook,56.5,71.9,Completed,9,4.5,1,3.4,2025-01-12,2025-01-21
60380,Meridian Main Campus,M3,Peer Mentorship & Clinical Team Communication,Blended,27.0,47.7,Completed,24,4.1,1,5.3,2025-05-28,2025-06-21
60381,University Health Partners,M4,Psychiatric Interviewing & Mental Status Examination,Digital Workbook,33.2,26.8,Completed,15,3.8,2,6.3,2025-09-05,2025-09-20
60381,University Health Partners,M4,"Recognizing Depression, Anxiety & Suicide Risk",Digital Workbook,47.4,47.1,Completed,19,3.7,1,6.5,2025-04-26,2025-05-15
60381,University Health Partners,M4,Trauma-Informed Care & Communication,Digital Workbook,46.9,52.5,Completed,11,3.3,2,5.4,2025-03-31,2025-04-11
60381,University Health Partners,M4,De-escalation Micro-Skills for Acute Distress,Gamified Microlearning,28.2,45.6,Completed,5,4.3,1,0.9,2025-06-06,2025-06-11
60381,University Health Partners,M4,Empathic Communication Quick Course,Gamified Microlearning,39.7,55.2,Completed,5,4.2,1,1.5,2025-01-23,2025-01-28
60381,University Health Partners,M4,Peer Mentorship & Clinical Team Communication,Blended,50.4,59.1,Completed,28,4.2,3,5.6,2025-05-07,2025-06-04
60382,Community Health Institute,M1,Psychiatric Interviewing & Mental Status Examination,Digital Workbook,44.1,46.3,Completed,15,3.2,3,5.5,2025-02-09,2025-02-24
60382,Community Health Institute,M1,"Recognizing Depression, Anxiety & Suicide Risk",Digital Workbook,48.5,,In Progress,,2.1,2,3.1,2025-07-11,
60382,Community Health Institute,M1,Trauma-Informed Care & Communication,Digital Workbook,48.6,,In Progress,,2.9,2,1.7,2025-01-30,
60382,Community Health Institute,M1,De-escalation Micro-Skills for Acute Distress,Gamified Microlearning,53.8,69.3,Completed,2,4.8,3,1.0,2025-06-19,2025-06-21
60382,Community Health Institute,M1,Empathic Communication Quick Course,Gamified Microlearning,29.6,33.8,Completed,3,4.9,2,1.9,2025-11-17,2025-11-20
60382,Community Health Institute,M1,Understanding Implicit Bias in Clinical Decision-Making,Digital Workbook,45.0,63.8,Completed,10,3.5,1,2.6,2025-06-07,2025-06-17
60383,Community Health Institute,M4,Psychiatric Interviewing & Mental Status Examination,Digital Workbook,47.6,46.7,Completed,34,3.6,2,7.1,2025-11-11,2025-12-15
60383,Community Health Institute,M4,"Recognizing Depression, Anxiety & Suicide Risk",Digital Workbook,52.9,54.3,Completed,20,2.7,2,4.9,2025-02-19,2025-03-11
60383,Community Health Institute,M4,Trauma-Informed Care & Communication,Digital Workbook,46.4,41.5,Completed,10,3.6,1,4.0,2025-01-15,2025-01-25
60383,Community Health Institute,M4,De-escalation Micro-Skills for Acute Distress,Gamified Microlearning,51.5,59.6,Completed,2,4.6,1,0.9,2025-08-21,2025-08-23
60383,Community Health Institute,M4,Empathic Communication Quick Course,Gamified Microlearning,46.8,60.9,Completed,4,5.0,2,1.3,2025-11-16,2025-11-20
60383,Community Health Institute,M4,Motivational Interviewing Workshop,Blended,65.9,,Not Started,,,0,0.0,2025-09-09,
60384,University Health Partners,M2,Psychiatric Interviewing & Mental Status Examination,Digital Workbook,56.0,54.6,Completed,25,2.7,1,5.3,2025-10-17,2025-11-11
60384,University Health Partners,M2,"Recognizing Depression, Anxiety & Suicide Risk",Digital Workbook,56.4,66.1,Completed,10,3.6,1,5.7,2025-03-11,2025-03-21
60384,University Health Partners,M2,Trauma-Informed Care & Communication,Digital Workbook,72.8,80.3,Completed,13,3.0,2,5.4,2025-02-15,2025-02-28
60384,University Health Partners,M2,De-escalation Micro-Skills for Acute Distress,Gamified Microlearning,64.1,,Not Started,,,0,0.0,2025-10-21,
60384,University Health Partners,M2,Empathic Communication Quick Course,Gamified Microlearning,38.3,55.9,Completed,3,4.1,2,1.3,2025-05-14,2025-05-17
60384,University Health Partners,M2,Intro to Cognitive Behavioral Therapy for Primary Care,Teacher-Led Virtual,37.4,52.6,Completed,10,4.1,1,3.2,2025-05-08,2025-05-18
60384,University Health Partners,M2,Peer Mentorship & Clinical Team Communication,Blended,49.5,,Not Started,,,0,0.0,2025-03-28,
60384,University Health Partners,M2,Understanding Implicit Bias in Clinical Decision-Making,Digital Workbook,32.7,48.3,Completed,12,3.9,2,3.4,2025-02-08,2025-02-20
60385,Community Health Institute,M1,Psychiatric Interviewing & Mental Status Examination,Digital Workbook,72.2,74.1,Completed,22,2.8,2,5.1,2025-01-15,2025-02-06
60385,Community Health Institute,M1,"Recognizing Depression, Anxiety & Suicide Risk",Digital Workbook,57.3,58.9,Completed,18,3.1,3,6.0,2025-08-13,2025-08-31
60385,Community Health Institute,M1,Trauma-Informed Care & Communication,Digital Workbook,65.2,85.1,Completed,11,3.5,1,4.7,2025-03-01,2025-03-12
60385,Community Health Institute,M1,De-escalation Micro-Skills for Acute Distress,Gamified Microlearning,67.5,76.1,Completed,2,4.4,1,0.9,2025-02-08,2025-02-10
60385,Community Health Institute,M1,Empathic Communication Quick Course,Gamified Microlearning,42.2,65.2,Completed,7,4.3,3,1.5,2025-08-21,2025-08-28
60385,Community Health Institute,M1,Peer Mentorship & Clinical Team Communication,Blended,74.9,89.8,Completed,21,4.3,1,5.6,2025-04-18,2025-05-09
60386,Meridian Main Campus,M1,Psychiatric Interviewing & Mental Status Examination,Digital Workbook,56.2,,Dropped,,1.0,1,1.5,2025-03-17,
60386,Meridian Main Campus,M1,"Recognizing Depression, Anxiety & Suicide Risk",Digital Workbook,62.9,68.6,Completed,14,3.0,2,6.0,2025-06-17,2025-07-01
60386,Meridian Main Campus,M1,Trauma-Informed Care & Communication,Digital Workbook,69.7,78.4,Completed,4,2.7,1,5.1,2025-03-29,2025-04-02
60386,Meridian Main Campus,M1,De-escalation Micro-Skills for Acute Distress,Gamified Microlearning,66.2,90.3,Completed,3,4.6,1,1.0,2025-05-19,2025-05-22
60386,Meridian Main Campus,M1,Empathic Communication Quick Course,Gamified Microlearning,71.0,84.6,Completed,4,4.1,2,1.4,2025-08-13,2025-08-17
60386,Meridian Main Campus,M1,Motivational Interviewing Workshop,Blended,58.4,81.6,Completed,8,4.9,1,3.0,2025-10-03,2025-10-11
60386,Meridian Main Campus,M1,Understanding Implicit Bias in Clinical Decision-Making,Digital Workbook,75.8,100.0,Completed,9,3.7,1,3.5,2025-04-10,2025-04-19
60387,Lakeside Medical Center,M3,Psychiatric Interviewing & Mental Status Examination,Digital Workbook,69.3,66.7,Completed,11,3.0,1,7.2,2025-05-21,2025-06-01
60387,Lakeside Medical Center,M3,"Recognizing Depression, Anxiety & Suicide Risk",Digital Workbook,38.9,,In Progress,,2.4,2,3.5,2025-09-01,
60387,Lakeside Medical Center,M3,Trauma-Informed Care & Communication,Digital Workbook,56.1,59.3,Completed,20,2.9,2,5.4,2025-03-30,2025-04-19
60387,Lakeside Medical Center,M3,De-escalation Micro-Skills for Acute Distress,Gamified Microlearning,55.3,77.1,Completed,2,4.1,1,0.9,2025-05-22,2025-05-24
60387,Lakeside Medical Center,M3,Empathic Communication Quick Course,Gamified Microlearning,60.3,78.6,Completed,5,4.5,2,1.4,2025-03-27,2025-04-01
60387,Lakeside Medical Center,M3,Peer Mentorship & Clinical Team Communication,Blended,51.9,60.7,Completed,22,4.5,1,7.7,2025-06-12,2025-07-04
60388,Community Health Institute,M2,Psychiatric Interviewing & Mental Status Examination,Digital Workbook,61.1,62.2,Completed,19,3.8,2,5.2,2025-03-23,2025-04-11
60388,Community Health Institute,M2,"Recognizing Depression, Anxiety & Suicide Risk",Digital Workbook,55.2,65.0,Completed,16,3.3,2,6.1,2025-02-04,2025-02-20
60388,Community Health Institute,M2,Trauma-Informed Care & Communication,Digital Workbook,55.6,60.0,Completed,16,3.7,2,5.7,2025-01-18,2025-02-03
60388,Community Health Institute,M2,De-escalation Micro-Skills for Acute Distress,Gamified Microlearning,37.4,48.8,Completed,2,5.0,1,1.3,2025-10-12,2025-10-14
60388,Community Health Institute,M2,Empathic Communication Quick Course,Gamified Microlearning,50.1,58.1,Completed,4,4.7,1,1.7,2025-01-15,2025-01-19
60388,Community Health Institute,M2,Physician Wellness & Burnout Prevention,Teacher-Led Virtual,41.5,50.3,Completed,12,3.5,1,4.0,2025-01-23,2025-02-04
60388,Community Health Institute,M2,Motivational Interviewing Workshop,Blended,41.2,58.5,Completed,1,4.2,2,3.2,2025-10-04,2025-10-05
60389,Riverside Teaching Hospital,M2,Psychiatric Interviewing & Mental Status Examination,Digital Workbook,64.9,84.1,Completed,22,2.7,2,6.4,2025-08-27,2025-09-18
60389,Riverside Teaching Hospital,M2,"Recognizing Depression, Anxiety & Suicide Risk",Digital Workbook,66.2,75.3,Completed,22,3.1,2,5.4,2025-06-07,2025-06-29
60389,Riverside Teaching Hospital,M2,Trauma-Informed Care & Communication,Digital Workbook,71.3,75.1,Completed,7,3.1,1,5.5,2025-08-02,2025-08-09
60389,Riverside Teaching Hospital,M2,De-escalation Micro-Skills for Acute Distress,Gamified Microlearning,90.3,100.0,Completed,2,4.3,1,0.9,2025-04-18,2025-04-20
60389,Riverside Teaching Hospital,M2,Empathic Communication Quick Course,Gamified Microlearning,83.4,100.0,Completed,5,4.1,2,1.8,2025-03-09,2025-03-14
60389,Riverside Teaching Hospital,M2,Intro to Cognitive Behavioral Therapy for Primary Care,Teacher-Led Virtual,51.1,68.2,Completed,9,3.4,1,2.8,2025-05-02,2025-05-11
60389,Riverside Teaching Hospital,M2,Physician Wellness & Burnout Prevention,Teacher-Led Virtual,80.0,98.7,Completed,14,3.8,1,3.7,2025-06-09,2025-06-23
60390,University Health Partners,M1,Psychiatric Interviewing & Mental Status Examination,Digital Workbook,52.5,59.0,Completed,10,3.4,2,7.2,2025-05-26,2025-06-05
60390,University Health Partners,M1,"Recognizing Depression, Anxiety & Suicide Risk",Digital Workbook,50.7,58.2,Completed,19,3.0,2,4.9,2025-05-12,2025-05-31
60390,University Health Partners,M1,Trauma-Informed Care & Communication,Digital Workbook,53.5,56.4,Completed,13,3.1,2,5.5,2025-02-12,2025-02-25
60390,University Health Partners,M1,De-escalation Micro-Skills for Acute Distress,Gamified Microlearning,57.2,68.9,Completed,4,4.5,2,1.2,2025-04-29,2025-05-03
60390,University Health Partners,M1,Empathic Communication Quick Course,Gamified Microlearning,59.0,74.2,Completed,5,3.7,1,1.3,2025-07-12,2025-07-17
60390,University Health Partners,M1,Understanding Implicit Bias in Clinical Decision-Making,Digital Workbook,48.2,57.8,Completed,16,2.9,1,3.6,2025-02-05,2025-02-21
60391,Lakeside Medical Center,M2,Psychiatric Interviewing & Mental Status Examination,Digital Workbook,58.2,64.6,Completed,19,3.5,1,5.9,2025-01-24,2025-02-12
60391,Lakeside Medical Center,M2,"Recognizing Depression, Anxiety & Suicide Risk",Digital Workbook,54.6,65.4,Completed,22,2.8,1,5.2,2025-04-03,2025-04-25
60391,Lakeside Medical Center,M2,Trauma-Informed Care & Communication,Digital Workbook,66.6,,Not Started,,,0,0.0,2025-07-09,
60391,Lakeside Medical Center,M2,De-escalation Micro-Skills for Acute Distress,Gamified Microlearning,53.5,65.3,Completed,1,4.3,2,1.1,2025-07-17,2025-07-18
60391,Lakeside Medical Center,M2,Empathic Communication Quick Course,Gamified Microlearning,47.0,67.0,Completed,3,4.4,2,1.3,2025-08-23,2025-08-26
60391,Lakeside Medical Center,M2,Motivational Interviewing Workshop,Blended,47.0,59.9,Completed,2,4.4,1,2.9,2025-04-21,2025-04-23
60391,Lakeside Medical Center,M2,Peer Mentorship & Clinical Team Communication,Blended,58.3,74.1,Completed,22,4.4,2,6.1,2025-06-22,2025-07-14
60392,Riverside Teaching Hospital,M3,Psychiatric Interviewing & Mental Status Examination,Digital Workbook,65.9,76.8,Completed,21,3.0,2,5.4,2025-03-21,2025-04-11
60392,Riverside Teaching Hospital,M3,"Recognizing Depression, Anxiety & Suicide Risk",Digital Workbook,64.5,80.3,Completed,17,3.4,3,5.3,2025-01-11,2025-01-28
60392,Riverside Teaching Hospital,M3,Trauma-Informed Care & Communication,Digital Workbook,62.5,72.3,Completed,14,3.7,2,4.8,2025-11-05,2025-11-19
60392,Riverside Teaching Hospital,M3,De-escalation Micro-Skills for Acute Distress,Gamified Microlearning,60.3,71.5,Completed,3,3.8,1,1.1,2025-10-23,2025-10-26
60392,Riverside Teaching Hospital,M3,Empathic Communication Quick Course,Gamified Microlearning,71.7,,In Progress,,4.4,2,0.6,2025-06-27,
60392,Riverside Teaching Hospital,M3,Understanding Implicit Bias in Clinical Decision-Making,Digital Workbook,61.1,74.9,Completed,7,3.8,3,2.7,2025-07-10,2025-07-17
60392,Riverside Teaching Hospital,M3,Physician Wellness & Burnout Prevention,Teacher-Led Virtual,55.6,73.2,Completed,19,4.5,1,4.9,2025-01-13,2025-02-01
60393,Riverside Teaching Hospital,M3,Psychiatric Interviewing & Mental Status Examination,Digital Workbook,39.9,44.8,Completed,27,3.6,3,6.3,2025-08-30,2025-09-26
60393,Riverside Teaching Hospital,M3,"Recognizing Depression, Anxiety & Suicide Risk",Digital Workbook,52.5,,In Progress,,3.4,2,1.8,2025-09-16,
60393,Riverside Teaching Hospital,M3,Trauma-Informed Care & Communication,Digital Workbook,47.9,58.0,Completed,15,3.4,2,5.5,2025-09-24,2025-10-09
60393,Riverside Teaching Hospital,M3,De-escalation Micro-Skills for Acute Distress,Gamified Microlearning,65.9,85.8,Completed,4,4.6,2,1.3,2025-02-06,2025-02-10
60393,Riverside Teaching Hospital,M3,Empathic Communication Quick Course,Gamified Microlearning,68.3,89.0,Completed,5,4.3,1,1.7,2025-01-14,2025-01-19
60393,Riverside Teaching Hospital,M3,Peer Mentorship & Clinical Team Communication,Blended,60.5,73.2,Completed,17,5.0,2,6.4,2025-03-13,2025-03-30
60393,Riverside Teaching Hospital,M3,Intro to Cognitive Behavioral Therapy for Primary Care,Teacher-Led Virtual,70.6,89.5,Completed,10,3.6,1,3.1,2025-06-28,2025-07-08
60394,Community Health Institute,M2,Psychiatric Interviewing & Mental Status Examination,Digital Workbook,50.0,59.9,Completed,31,2.9,2,7.5,2025-03-31,2025-05-01
60394,Community Health Institute,M2,"Recognizing Depression, Anxiety & Suicide Risk",Digital Workbook,48.4,43.9,Completed,3,3.1,2,7.0,2025-11-02,2025-11-05
60394,Community Health Institute,M2,Trauma-Informed Care & Communication,Digital Workbook,46.6,,Not Started,,,0,0.0,2025-01-21,
60394,Community Health Institute,M2,De-escalation Micro-Skills for Acute Distress,Gamified Microlearning,50.8,60.2,Completed,4,5.0,1,1.2,2025-07-10,2025-07-14
60394,Community Health Institute,M2,Empathic Communication Quick Course,Gamified Microlearning,59.5,73.1,Completed,8,4.6,1,1.9,2025-06-08,2025-06-16
60394,Community Health Institute,M2,Understanding Implicit Bias in Clinical Decision-Making,Digital Workbook,44.7,60.5,Completed,10,3.8,1,2.6,2025-02-02,2025-02-12
60394,Community Health Institute,M2,Peer Mentorship & Clinical Team Communication,Blended,62.0,70.9,Completed,21,3.7,2,6.7,2025-01-08,2025-01-29
60395,Community Health Institute,M3,Psychiatric Interviewing & Mental Status Examination,Digital Workbook,54.9,,Not Started,,,0,0.0,2025-07-20,
60395,Community Health Institute,M3,"Recognizing Depression, Anxiety & Suicide Risk",Digital Workbook,47.1,41.6,Completed,27,3.8,2,4.8,2025-08-06,2025-09-02
60395,Community Health Institute,M3,Trauma-Informed Care & Communication,Digital Workbook,57.1,71.0,Completed,14,3.4,2,3.9,2025-06-19,2025-07-03
60395,Community Health Institute,M3,De-escalation Micro-Skills for Acute Distress,Gamified Microlearning,55.1,69.5,Completed,1,4.1,3,0.9,2025-03-31,2025-04-01
60395,Community Health Institute,M3,Empathic Communication Quick Course,Gamified Microlearning,52.6,65.0,Completed,4,4.8,1,1.6,2025-02-17,2025-02-21
60395,Community Health Institute,M3,Physician Wellness & Burnout Prevention,Teacher-Led Virtual,47.5,56.4,Completed,18,3.8,2,4.8,2025-08-14,2025-09-01
60395,Community Health Institute,M3,Motivational Interviewing Workshop,Blended,58.5,71.7,Completed,5,4.0,1,2.4,2025-02-01,2025-02-06
60395,Community Health Institute,M3,Intro to Cognitive Behavioral Therapy for Primary Care,Teacher-Led Virtual,41.5,,Dropped,,3.1,2,0.8,2025-10-12,
60396,Meridian Main Campus,M1,Psychiatric Interviewing & Mental Status Examination,Digital Workbook,45.9,,In Progress,,2.8,1,3.8,2025-05-15,
60396,Meridian Main Campus,M1,"Recognizing Depression, Anxiety & Suicide Risk",Digital Workbook,59.4,,In Progress,,2.8,2,2.6,2025-01-30,
60396,Meridian Main Campus,M1,Trauma-Informed Care & Communication,Digital Workbook,75.4,,Dropped,,1.5,3,1.4,2025-02-19,
60396,Meridian Main Campus,M1,De-escalation Micro-Skills for Acute Distress,Gamified Microlearning,59.4,87.2,Completed,1,4.2,2,1.1,2025-04-15,2025-04-16
60396,Meridian Main Campus,M1,Empathic Communication Quick Course,Gamified Microlearning,56.0,70.5,Completed,2,5.0,1,1.6,2025-01-24,2025-01-26
60396,Meridian Main Campus,M1,Physician Wellness & Burnout Prevention,Teacher-Led Virtual,47.6,69.5,Completed,15,3.8,2,5.0,2025-04-29,2025-05-14
60396,Meridian Main Campus,M1,Understanding Implicit Bias in Clinical Decision-Making,Digital Workbook,66.7,79.9,Completed,8,3.8,2,3.2,2025-06-09,2025-06-17
60397,University Health Partners,M3,Psychiatric Interviewing & Mental Status Examination,Digital Workbook,42.5,50.0,Completed,14,3.8,1,7.6,2025-09-24,2025-10-08
60397,University Health Partners,M3,"Recognizing Depression, Anxiety & Suicide Risk",Digital Workbook,58.6,69.3,Completed,20,3.6,1,6.9,2025-01-30,2025-02-19
60397,University Health Partners,M3,Trauma-Informed Care & Communication,Digital Workbook,76.0,77.4,Completed,15,3.5,1,4.4,2025-02-17,2025-03-04
60397,University Health Partners,M3,De-escalation Micro-Skills for Acute Distress,Gamified Microlearning,62.9,85.0,Completed,2,3.9,2,1.3,2025-02-23,2025-02-25
60397,University Health Partners,M3,Empathic Communication Quick Course,Gamified Microlearning,67.9,91.0,Completed,6,4.4,2,1.7,2025-03-31,2025-04-06
60397,University Health Partners,M3,Understanding Implicit Bias in Clinical Decision-Making,Digital Workbook,59.3,75.9,Completed,9,3.6,1,3.0,2025-01-18,2025-01-27
60397,University Health Partners,M3,Physician Wellness & Burnout Prevention,Teacher-Led Virtual,52.4,,Not Started,,,0,0.0,2025-07-18,
60398,Community Health Institute,M4,Psychiatric Interviewing & Mental Status Examination,Digital Workbook,37.7,,In Progress,,4.0,2,3.9,2025-03-04,
60398,Community Health Institute,M4,"Recognizing Depression, Anxiety & Suicide Risk",Digital Workbook,36.8,32.9,Completed,20,3.1,2,4.7,2025-11-01,2025-11-21
60398,Community Health Institute,M4,Trauma-Informed Care & Communication,Digital Workbook,53.0,42.4,Completed,9,2.6,2,5.3,2025-10-01,2025-10-10
60398,Community Health Institute,M4,De-escalation Micro-Skills for Acute Distress,Gamified Microlearning,23.5,,In Progress,,4.2,2,0.5,2025-09-14,
60398,Community Health Institute,M4,Empathic Communication Quick Course,Gamified Microlearning,25.0,27.7,Completed,7,4.5,1,1.9,2025-04-04,2025-04-11
60398,Community Health Institute,M4,Peer Mentorship & Clinical Team Communication,Blended,39.4,50.1,Completed,10,3.9,4,7.2,2025-10-23,2025-11-02
60398,Community Health Institute,M4,Physician Wellness & Burnout Prevention,Teacher-Led Virtual,22.2,17.9,Completed,9,3.9,3,5.0,2025-10-17,2025-10-26
60399,University Health Partners,M3,Psychiatric Interviewing & Mental Status Examination,Digital Workbook,56.2,65.0,Completed,26,3.6,1,7.2,2025-05-02,2025-05-28
60399,University Health Partners,M3,"Recognizing Depression, Anxiety & Suicide Risk",Digital Workbook,59.7,65.6,Completed,16,3.0,2,6.4,2025-02-08,2025-02-24
60399,University Health Partners,M3,Trauma-Informed Care & Communication,Digital Workbook,54.4,53.3,Completed,20,3.5,2,4.3,2025-10-21,2025-11-10
60399,University Health Partners,M3,De-escalation Micro-Skills for Acute Distress,Gamified Microlearning,52.8,66.2,Completed,1,4.3,2,1.0,2025-03-26,2025-03-27
60399,University Health Partners,M3,Empathic Communication Quick Course,Gamified Microlearning,64.4,81.9,Completed,2,4.3,2,1.5,2025-03-05,2025-03-07
60399,University Health Partners,M3,Understanding Implicit Bias in Clinical Decision-Making,Digital Workbook,63.4,,Dropped,,2.4,1,0.6,2025-08-26,
60399,University Health Partners,M3,Intro to Cognitive Behavioral Therapy for Primary Care,Teacher-Led Virtual,53.1,,In Progress,,3.6,1,1.5,2025-03-02,
60400,Community Health Institute,M2,Psychiatric Interviewing & Mental Status Examination,Digital Workbook,74.8,,In Progress,,2.6,4,4.1,2025-06-20,
60400,Community Health Institute,M2,"Recognizing Depression, Anxiety & Suicide Risk",Digital Workbook,61.8,69.8,Completed,16,3.3,2,6.5,2025-05-14,2025-05-30
60400,Community Health Institute,M2,Trauma-Informed Care & Communication,Digital Workbook,44.2,49.8,Completed,17,3.1,1,4.2,2025-03-17,2025-04-03
60400,Community Health Institute,M2,De-escalation Micro-Skills for Acute Distress,Gamified Microlearning,45.8,53.6,Completed,3,4.4,3,1.1,2025-10-13,2025-10-16
60400,Community Health Institute,M2,Empathic Communication Quick Course,Gamified Microlearning,47.8,69.6,Completed,3,4.6,2,1.4,2025-03-10,2025-03-13
60400,Community Health Institute,M2,Understanding Implicit Bias in Clinical Decision-Making,Digital Workbook,57.0,69.1,Completed,9,3.3,2,3.3,2025-07-22,2025-07-31
60400,Community Health Institute,M2,Motivational Interviewing Workshop,Blended,47.8,63.0,Completed,7,4.6,2,3.2,2025-06-22,2025-06-29
60401,Community Health Institute,M2,Psychiatric Interviewing & Mental Status Examination,Digital Workbook,64.9,69.3,Completed,16,2.9,1,7.7,2025-01-12,2025-01-28
60401,Community Health Institute,M2,"Recognizing Depression, Anxiety & Suicide Risk",Digital Workbook,68.2,,In Progress,,2.7,2,3.1,2025-10-11,
60401,Community Health Institute,M2,Trauma-Informed Care & Communication,Digital Workbook,63.5,70.4,Completed,16,3.8,2,5.1,2025-03-21,2025-04-06
60401,Community Health Institute,M2,De-escalation Micro-Skills for Acute Distress,Gamified Microlearning,64.7,83.2,Completed,3,5.0,2,1.0,2025-05-20,2025-05-23
60401,Community Health Institute,M2,Empathic Communication Quick Course,Gamified Microlearning,57.2,82.9,Completed,4,4.4,1,1.8,2025-08-04,2025-08-08
60401,Community Health Institute,M2,Peer Mentorship & Clinical Team Communication,Blended,53.7,67.4,Completed,23,4.5,2,5.3,2025-03-29,2025-04-21
60402,Riverside Teaching Hospital,M3,Psychiatric Interviewing & Mental Status Examination,Digital Workbook,55.3,65.2,Completed,13,3.3,2,6.2,2025-05-27,2025-06-09
60402,Riverside Teaching Hospital,M3,"Recognizing Depression, Anxiety & Suicide Risk",Digital Workbook,63.3,74.2,Completed,23,2.8,2,6.5,2025-07-30,2025-08-22
60402,Riverside Teaching Hospital,M3,Trauma-Informed Care & Communication,Digital Workbook,51.1,62.4,Completed,8,3.2,1,5.3,2025-09-11,2025-09-19
60402,Riverside Teaching Hospital,M3,De-escalation Micro-Skills for Acute Distress,Gamified Microlearning,60.3,80.2,Completed,3,4.1,1,1.0,2025-07-02,2025-07-05
60402,Riverside Teaching Hospital,M3,Empathic Communication Quick Course,Gamified Microlearning,74.1,87.5,Completed,8,4.6,2,1.6,2025-07-03,2025-07-11
60402,Riverside Teaching Hospital,M3,Physician Wellness & Burnout Prevention,Teacher-Led Virtual,77.0,90.1,Completed,14,3.9,1,4.6,2025-05-08,2025-05-22
60402,Riverside Teaching Hospital,M3,Intro to Cognitive Behavioral Therapy for Primary Care,Teacher-Led Virtual,67.5,82.1,Completed,10,4.1,2,2.9,2025-04-14,2025-04-24
60403,Lakeside Medical Center,M4,Psychiatric Interviewing & Mental Status Examination,Digital Workbook,62.2,,In Progress,,2.9,3,2.9,2025-07-28,
60403,Lakeside Medical Center,M4,"Recognizing Depression, Anxiety & Suicide Risk",Digital Workbook,68.5,75.0,Completed,12,3.4,2,6.7,2025-07-30,2025-08-11
60403,Lakeside Medical Center,M4,Trauma-Informed Care & Communication,Digital Workbook,40.7,46.7,Completed,17,3.8,2,5.6,2025-05-08,2025-05-25
60403,Lakeside Medical Center,M4,De-escalation Micro-Skills for Acute Distress,Gamified Microlearning,60.8,72.3,Completed,1,4.2,1,1.0,2025-02-18,2025-02-19
60403,Lakeside Medical Center,M4,Empathic Communication Quick Course,Gamified Microlearning,55.3,77.2,Completed,2,4.0,2,1.4,2025-01-12,2025-01-14
60403,Lakeside Medical Center,M4,Intro to Cognitive Behavioral Therapy for Primary Care,Teacher-Led Virtual,59.2,74.1,Completed,12,4.0,1,3.6,2025-03-28,2025-04-09
60403,Lakeside Medical Center,M4,Motivational Interviewing Workshop,Blended,52.6,71.5,Completed,5,4.1,1,2.7,2025-07-03,2025-07-08
60403,Lakeside Medical Center,M4,Peer Mentorship & Clinical Team Communication,Blended,53.8,69.3,Completed,16,4.5,2,5.9,2025-02-22,2025-03-10
60404,Lakeside Medical Center,M2,Psychiatric Interviewing & Mental Status Examination,Digital Workbook,53.5,53.2,Completed,24,3.1,2,5.2,2025-02-19,2025-03-15
60404,Lakeside Medical Center,M2,"Recognizing Depression, Anxiety & Suicide Risk",Digital Workbook,47.4,54.3,Completed,17,2.5,2,6.9,2025-10-07,2025-10-24
60404,Lakeside Medical Center,M2,Trauma-Informed Care & Communication,Digital Workbook,45.6,44.0,Completed,9,3.0,3,4.3,2025-05-19,2025-05-28
60404,Lakeside Medical Center,M2,De-escalation Micro-Skills for Acute Distress,Gamified Microlearning,45.0,62.5,Completed,2,4.5,1,1.2,2025-08-03,2025-08-05
60404,Lakeside Medical Center,M2,Empathic Communication Quick Course,Gamified Microlearning,52.3,72.9,Completed,3,4.4,1,1.4,2025-04-07,2025-04-10
60404,Lakeside Medical Center,M2,Peer Mentorship & Clinical Team Communication,Blended,56.0,67.7,Completed,28,4.2,2,5.5,2025-06-20,2025-07-18
60405,Riverside Teaching Hospital,M4,Psychiatric Interviewing & Mental Status Examination,Digital Workbook,66.0,74.4,Completed,14,3.1,2,5.9,2025-05-20,2025-06-03
60405,Riverside Teaching Hospital,M4,"Recognizing Depression, Anxiety & Suicide Risk",Digital Workbook,60.0,75.6,Completed,16,3.6,1,5.1,2025-08-03,2025-08-19
60405,Riverside Teaching Hospital,M4,Trauma-Informed Care & Communication,Digital Workbook,73.8,81.5,Completed,15,3.6,1,5.4,2025-08-17,2025-09-01
60405,Riverside Teaching Hospital,M4,De-escalation Micro-Skills for Acute Distress,Gamified Microlearning,69.0,89.6,Completed,3,3.6,1,0.9,2025-01-20,2025-01-23
60405,Riverside Teaching Hospital,M4,Empathic Communication Quick Course,Gamified Microlearning,59.0,75.6,Completed,3,4.1,1,1.7,2025-05-18,2025-05-21
60405,Riverside Teaching Hospital,M4,Peer Mentorship & Clinical Team Communication,Blended,69.0,93.0,Completed,13,4.7,3,7.6,2025-03-03,2025-03-16
60405,Riverside Teaching Hospital,M4,Motivational Interviewing Workshop,Blended,81.4,,Dropped,,2.1,1,0.6,2025-10-18,
60406,Community Health Institute,M3,Psychiatric Interviewing & Mental Status Examination,Digital Workbook,74.8,92.2,Completed,24,3.5,2,7.1,2025-03-07,2025-03-31
60406,Community Health Institute,M3,"Recognizing Depression, Anxiety & Suicide Risk",Digital Workbook,62.6,,Dropped,,2.1,1,1.7,2025-11-19,
60406,Community Health Institute,M3,Trauma-Informed Care & Communication,Digital Workbook,74.1,92.8,Completed,12,3.5,1,4.3,2025-10-19,2025-10-31
60406,Community Health Institute,M3,De-escalation Micro-Skills for Acute Distress,Gamified Microlearning,55.6,77.2,Completed,3,4.5,2,0.9,2025-07-08,2025-07-11
60406,Community Health Institute,M3,Empathic Communication Quick Course,Gamified Microlearning,54.8,78.9,Completed,3,4.6,2,1.4,2025-05-12,2025-05-15
60406,Community Health Institute,M3,Motivational Interviewing Workshop,Blended,74.8,94.1,Completed,4,4.1,1,3.2,2025-11-13,2025-11-17
60406,Community Health Institute,M3,Peer Mentorship & Clinical Team Communication,Blended,64.3,,Dropped,,2.5,3,1.4,2025-03-09,
60406,Community Health Institute,M3,Understanding Implicit Bias in Clinical Decision-Making,Digital Workbook,78.8,98.5,Completed,9,3.3,3,2.9,2025-07-19,2025-07-28
60407,Riverside Teaching Hospital,M3,Psychiatric Interviewing & Mental Status Examination,Digital Workbook,51.8,56.7,Completed,32,3.6,3,6.9,2025-05-20,2025-06-21
60407,Riverside Teaching Hospital,M3,"Recognizing Depression, Anxiety & Suicide Risk",Digital Workbook,57.7,,Not Started,,,0,0.0,2025-05-03,
60407,Riverside Teaching Hospital,M3,Trauma-Informed Care & Communication,Digital Workbook,58.7,62.1,Completed,8,3.1,1,4.7,2025-03-10,2025-03-18
60407,Riverside Teaching Hospital,M3,De-escalation Micro-Skills for Acute Distress,Gamified Microlearning,77.4,100.0,Completed,1,5.0,1,1.3,2025-02-27,2025-02-28
60407,Riverside Teaching Hospital,M3,Empathic Communication Quick Course,Gamified Microlearning,64.2,81.0,Completed,3,3.9,2,1.9,2025-03-16,2025-03-19
60407,Riverside Teaching Hospital,M3,Understanding Implicit Bias in Clinical Decision-Making,Digital Workbook,53.8,67.7,Completed,7,4.4,2,3.6,2025-05-17,2025-05-24
60408,Meridian Main Campus,M2,Psychiatric Interviewing & Mental Status Examination,Digital Workbook,36.3,39.8,Completed,23,3.4,2,7.6,2025-08-04,2025-08-27
60408,Meridian Main Campus,M2,"Recognizing Depression, Anxiety & Suicide Risk",Digital Workbook,65.9,65.3,Completed,18,2.7,2,6.3,2025-08-14,2025-09-01
60408,Meridian Main Campus,M2,Trauma-Informed Care & Communication,Digital Workbook,68.0,70.8,Completed,22,2.8,2,5.5,2025-07-29,2025-08-20
60408,Meridian Main Campus,M2,De-escalation Micro-Skills for Acute Distress,Gamified Microlearning,63.3,69.6,Completed,3,4.1,2,1.1,2025-04-24,2025-04-27
60408,Meridian Main Campus,M2,Empathic Communication Quick Course,Gamified Microlearning,45.0,59.6,Completed,4,4.8,1,1.7,2025-04-07,2025-04-11
60408,Meridian Main Campus,M2,Understanding Implicit Bias in Clinical Decision-Making,Digital Workbook,53.8,60.3,Completed,7,3.9,2,3.7,2025-07-07,2025-07-14
60408,Meridian Main Campus,M2,Physician Wellness & Burnout Prevention,Teacher-Led Virtual,44.6,,In Progress,,3.8,3,2.4,2025-06-13,
60408,Meridian Main Campus,M2,Motivational Interviewing Workshop,Blended,31.4,43.5,Completed,5,4.9,2,2.9,2025-03-20,2025-03-25
60409,Lakeside Medical Center,M3,Psychiatric Interviewing & Mental Status Examination,Digital Workbook,75.8,,In Progress,,2.5,1,3.1,2025-08-06,
60409,Lakeside Medical Center,M3,"Recognizing Depression, Anxiety & Suicide Risk",Digital Workbook,60.7,,Not Started,,,0,0.0,2025-11-08,
60409,Lakeside Medical Center,M3,Trauma-Informed Care & Communication,Digital Workbook,72.6,78.4,Completed,23,3.3,3,5.1,2025-08-22,2025-09-14
60409,Lakeside Medical Center,M3,De-escalation Micro-Skills for Acute Distress,Gamified Microlearning,70.6,82.7,Completed,4,4.7,2,1.3,2025-03-02,2025-03-06
60409,Lakeside Medical Center,M3,Empathic Communication Quick Course,Gamified Microlearning,55.8,86.7,Completed,5,4.6,1,1.8,2025-04-16,2025-04-21
60409,Lakeside Medical Center,M3,Peer Mentorship & Clinical Team Communication,Blended,52.2,76.9,Completed,22,4.1,1,6.0,2025-05-12,2025-06-03
60409,Lakeside Medical Center,M3,Physician Wellness & Burnout Prevention,Teacher-Led Virtual,77.0,91.5,Completed,16,4.0,1,3.8,2025-07-25,2025-08-10
60410,Lakeside Medical Center,M4,Psychiatric Interviewing & Mental Status Examination,Digital Workbook,82.8,97.1,Completed,14,3.4,1,6.1,2025-01-25,2025-02-08
60410,Lakeside Medical Center,M4,"Recognizing Depression, Anxiety & Suicide Risk",Digital Workbook,72.9,,In Progress,,2.4,1,2.0,2025-02-19,
60410,Lakeside Medical Center,M4,Trauma-Informed Care & Communication,Digital Workbook,73.4,,In Progress,,3.3,1,2.1,2025-02-27,
60410,Lakeside Medical Center,M4,De-escalation Micro-Skills for Acute Distress,Gamified Microlearning,74.7,100.0,Completed,3,4.5,1,1.1,2025-08-10,2025-08-13
60410,Lakeside Medical Center,M4,Empathic Communication Quick Course,Gamified Microlearning,77.7,100.0,Completed,5,5.0,1,1.4,2025-05-04,2025-05-09
60410,Lakeside Medical Center,M4,Motivational Interviewing Workshop,Blended,83.5,100.0,Completed,6,3.8,1,3.2,2025-03-31,2025-04-06
60410,Lakeside Medical Center,M4,Peer Mentorship & Clinical Team Communication,Blended,80.1,100.0,Completed,12,4.7,1,6.4,2025-09-13,2025-09-25
60411,Lakeside Medical Center,M4,Psychiatric Interviewing & Mental Status Examination,Digital Workbook,55.5,66.3,Completed,16,2.8,2,6.2,2025-10-12,2025-10-28
60411,Lakeside Medical Center,M4,"Recognizing Depression, Anxiety & Suicide Risk",Digital Workbook,65.2,78.4,Completed,19,2.7,1,6.5,2025-11-01,2025-11-20
60411,Lakeside Medical Center,M4,Trauma-Informed Care & Communication,Digital Workbook,83.7,,Dropped,,1.5,1,1.1,2025-10-07,
60411,Lakeside Medical Center,M4,De-escalation Micro-Skills for Acute Distress,Gamified Microlearning,75.5,95.9,Completed,4,4.6,1,1.1,2025-02-09,2025-02-13
60411,Lakeside Medical Center,M4,Empathic Communication Quick Course,Gamified Microlearning,76.3,95.7,Completed,4,4.9,3,1.5,2025-01-19,2025-01-23
60411,Lakeside Medical Center,M4,Peer Mentorship & Clinical Team Communication,Blended,67.7,88.4,Completed,9,5.0,2,7.1,2025-03-14,2025-03-23
60411,Lakeside Medical Center,M4,Motivational Interviewing Workshop,Blended,49.2,61.8,Completed,6,4.3,1,2.5,2025-10-05,2025-10-11
60412,Community Health Institute,M4,Psychiatric Interviewing & Mental Status Examination,Digital Workbook,42.1,,In Progress,,2.7,2,3.3,2025-10-16,
60412,Community Health Institute,M4,"Recognizing Depression, Anxiety & Suicide Risk",Digital Workbook,65.6,,In Progress,,2.8,3,2.2,2025-07-21,
60412,Community Health Institute,M4,Trauma-Informed Care & Communication,Digital Workbook,76.6,87.2,Completed,11,2.8,1,4.3,2025-06-28,2025-07-09
60412,Community Health Institute,M4,De-escalation Micro-Skills for Acute Distress,Gamified Microlearning,70.1,81.9,Completed,3,3.8,2,0.9,2025-02-17,2025-02-20
60412,Community Health Institute,M4,Empathic Communication Quick Course,Gamified Microlearning,71.4,91.0,Completed,7,4.5,2,1.3,2025-10-15,2025-10-22
60412,Community Health Institute,M4,Physician Wellness & Burnout Prevention,Teacher-Led Virtual,62.8,78.8,Completed,7,4.3,1,3.7,2025-06-12,2025-06-19
60412,Community Health Institute,M4,Peer Mentorship & Clinical Team Communication,Blended,71.1,73.1,Completed,18,4.0,1,5.9,2025-01-16,2025-02-03
60413,Lakeside Medical Center,M2,Psychiatric Interviewing & Mental Status Examination,Digital Workbook,46.3,,In Progress,,2.7,2,3.8,2025-03-02,
60413,Lakeside Medical Center,M2,"Recognizing Depression, Anxiety & Suicide Risk",Digital Workbook,48.5,50.3,Completed,17,3.0,3,5.3,2025-07-16,2025-08-02
60413,Lakeside Medical Center,M2,Trauma-Informed Care & Communication,Digital Workbook,52.8,55.5,Completed,18,2.9,2,3.9,2025-01-12,2025-01-30
60413,Lakeside Medical Center,M2,De-escalation Micro-Skills for Acute Distress,Gamified Microlearning,45.9,55.6,Completed,1,4.7,1,1.3,2025-07-10,2025-07-11
60413,Lakeside Medical Center,M2,Empathic Communication Quick Course,Gamified Microlearning,46.2,51.9,Completed,1,4.2,2,1.8,2025-07-16,2025-07-17
60413,Lakeside Medical Center,M2,Intro to Cognitive Behavioral Therapy for Primary Care,Teacher-Led Virtual,61.6,71.5,Completed,9,3.7,1,2.8,2025-10-14,2025-10-23
60414,Riverside Teaching Hospital,M1,Psychiatric Interviewing & Mental Status Examination,Digital Workbook,51.7,,Not Started,,,0,0.0,2025-08-21,
60414,Riverside Teaching Hospital,M1,"Recognizing Depression, Anxiety & Suicide Risk",Digital Workbook,67.7,74.6,Completed,19,3.5,1,5.9,2025-03-15,2025-04-03
60414,Riverside Teaching Hospital,M1,Trauma-Informed Care & Communication,Digital Workbook,56.4,,Dropped,,2.8,1,1.3,2025-04-25,
60414,Riverside Teaching Hospital,M1,De-escalation Micro-Skills for Acute Distress,Gamified Microlearning,70.5,90.8,Completed,4,4.2,2,1.0,2025-06-05,2025-06-09
60414,Riverside Teaching Hospital,M1,Empathic Communication Quick Course,Gamified Microlearning,53.5,78.6,Completed,5,5.0,1,1.8,2025-03-26,2025-03-31
60414,Riverside Teaching Hospital,M1,Motivational Interviewing Workshop,Blended,70.0,86.7,Completed,6,4.6,1,2.9,2025-09-30,2025-10-06
60414,Riverside Teaching Hospital,M1,Physician Wellness & Burnout Prevention,Teacher-Led Virtual,58.8,81.2,Completed,13,4.4,2,3.8,2025-03-08,2025-03-21
60415,Community Health Institute,M3,Psychiatric Interviewing & Mental Status Examination,Digital Workbook,73.2,,In Progress,,3.1,2,2.3,2025-05-14,
60415,Community Health Institute,M3,"Recognizing Depression, Anxiety & Suicide Risk",Digital Workbook,61.7,,Not Started,,,0,0.0,2025-04-22,
60415,Community Health Institute,M3,Trauma-Informed Care & Communication,Digital Workbook,61.5,,In Progress,,2.7,3,2.7,2025-04-15,
60415,Community Health Institute,M3,De-escalation Micro-Skills for Acute Distress,Gamified Microlearning,60.8,87.6,Completed,3,4.2,1,1.0,2025-09-20,2025-09-23
60415,Community Health Institute,M3,Empathic Communication Quick Course,Gamified Microlearning,59.2,73.3,Completed,4,4.4,1,1.9,2025-02-24,2025-02-28
60415,Community Health Institute,M3,Peer Mentorship & Clinical Team Communication,Blended,42.4,61.9,Completed,22,4.0,1,6.0,2025-11-06,2025-11-28
60415,Community Health Institute,M3,Understanding Implicit Bias in Clinical Decision-Making,Digital Workbook,55.5,,Dropped,,2.4,1,1.1,2025-06-17,
60416,Community Health Institute,M4,Psychiatric Interviewing & Mental Status Examination,Digital Workbook,52.5,,Dropped,,2.6,1,0.9,2025-08-27,
60416,Community Health Institute,M4,"Recognizing Depression, Anxiety & Suicide Risk",Digital Workbook,54.4,60.5,Completed,34,3.9,1,4.9,2025-05-16,2025-06-19
60416,Community Health Institute,M4,Trauma-Informed Care & Communication,Digital Workbook,77.3,,In Progress,,2.6,2,1.9,2025-07-31,
60416,Community Health Institute,M4,De-escalation Micro-Skills for Acute Distress,Gamified Microlearning,55.2,81.6,Completed,2,4.1,1,1.0,2025-05-21,2025-05-23
60416,Community Health Institute,M4,Empathic Communication Quick Course,Gamified Microlearning,75.9,92.7,Completed,4,5.0,1,1.9,2025-04-28,2025-05-02
60416,Community Health Institute,M4,Physician Wellness & Burnout Prevention,Teacher-Led Virtual,64.4,88.7,Completed,15,3.9,2,4.6,2025-05-02,2025-05-17
60416,Community Health Institute,M4,Intro to Cognitive Behavioral Therapy for Primary Care,Teacher-Led Virtual,68.6,89.8,Completed,8,4.7,2,2.8,2025-08-27,2025-09-04
60417,Lakeside Medical Center,M2,Psychiatric Interviewing & Mental Status Examination,Digital Workbook,67.9,82.9,Completed,20,2.7,1,5.5,2025-02-20,2025-03-12
60417,Lakeside Medical Center,M2,"Recognizing Depression, Anxiety & Suicide Risk",Digital Workbook,81.9,92.7,Completed,18,2.4,2,4.9,2025-07-05,2025-07-23
60417,Lakeside Medical Center,M2,Trauma-Informed Care & Communication,Digital Workbook,77.4,88.9,Completed,10,3.4,2,5.1,2025-07-20,2025-07-30
60417,Lakeside Medical Center,M2,De-escalation Micro-Skills for Acute Distress,Gamified Microlearning,59.0,86.9,Completed,1,4.0,1,1.1,2025-01-17,2025-01-18
60417,Lakeside Medical Center,M2,Empathic Communication Quick Course,Gamified Microlearning,78.3,100.0,Completed,2,4.7,1,1.8,2025-04-06,2025-04-08
60417,Lakeside Medical Center,M2,Understanding Implicit Bias in Clinical Decision-Making,Digital Workbook,88.3,,Not Started,,,0,0.0,2025-02-26,
60417,Lakeside Medical Center,M2,Peer Mentorship & Clinical Team Communication,Blended,88.1,100.0,Completed,21,3.8,3,6.2,2025-03-01,2025-03-22
60418,Riverside Teaching Hospital,M3,Psychiatric Interviewing & Mental Status Examination,Digital Workbook,48.9,49.7,Completed,30,2.5,3,6.7,2025-07-15,2025-08-14
60418,Riverside Teaching Hospital,M3,"Recognizing Depression, Anxiety & Suicide Risk",Digital Workbook,29.2,,Dropped,,2.3,2,0.9,2025-01-28,
60418,Riverside Teaching Hospital,M3,Trauma-Informed Care & Communication,Digital Workbook,30.6,35.3,Completed,17,3.3,2,3.9,2025-01-22,2025-02-08
60418,Riverside Teaching Hospital,M3,De-escalation Micro-Skills for Acute Distress,Gamified Microlearning,43.1,39.6,Completed,4,4.3,1,1.1,2025-08-27,2025-08-31
60418,Riverside Teaching Hospital,M3,Empathic Communication Quick Course,Gamified Microlearning,48.1,54.3,Completed,4,4.1,4,1.4,2025-04-28,2025-05-02
60418,Riverside Teaching Hospital,M3,Motivational Interviewing Workshop,Blended,32.7,40.5,Completed,11,3.6,2,2.4,2025-04-03,2025-04-14
60419,Community Health Institute,M4,Psychiatric Interviewing & Mental Status Examination,Digital Workbook,40.8,,In Progress,,2.6,1,2.7,2025-08-28,
60419,Community Health Institute,M4,"Recognizing Depression, Anxiety & Suicide Risk",Digital Workbook,59.2,,Dropped,,1.7,2,0.5,2025-08-27,
60419,Community Health Institute,M4,Trauma-Informed Care & Communication,Digital Workbook,45.5,,In Progress,,2.7,2,2.2,2025-03-25,
60419,Community Health Institute,M4,De-escalation Micro-Skills for Acute Distress,Gamified Microlearning,57.1,82.3,Completed,3,4.2,2,0.9,2025-05-21,2025-05-24
60419,Community Health Institute,M4,Empathic Communication Quick Course,Gamified Microlearning,73.4,83.9,Completed,6,4.3,2,1.4,2025-03-13,2025-03-19
60419,Community Health Institute,M4,Motivational Interviewing Workshop,Blended,51.2,68.9,Completed,8,4.0,1,2.8,2025-11-17,2025-11-25
60419,Community Health Institute,M4,Peer Mentorship & Clinical Team Communication,Blended,46.9,63.1,Completed,20,3.8,2,7.0,2025-10-25,2025-11-14
60419,Community Health Institute,M4,Intro to Cognitive Behavioral Therapy for Primary Care,Teacher-Led Virtual,46.9,58.7,Completed,9,4.6,3,3.4,2025-09-27,2025-10-06
60420,Meridian Main Campus,M2,Psychiatric Interviewing & Mental Status Examination,Digital Workbook,56.9,,In Progress,,2.3,2,3.0,2025-09-09,
60420,Meridian Main Campus,M2,"Recognizing Depression, Anxiety & Suicide Risk",Digital Workbook,56.3,,Not Started,,,0,0.0,2025-06-02,
60420,Meridian Main Campus,M2,Trauma-Informed Care & Communication,Digital Workbook,64.2,71.3,Completed,7,3.0,1,4.9,2025-05-25,2025-06-01
60420,Meridian Main Campus,M2,De-escalation Micro-Skills for Acute Distress,Gamified Microlearning,53.3,78.9,Completed,2,5.0,2,1.3,2025-03-12,2025-03-14
60420,Meridian Main Campus,M2,Empathic Communication Quick Course,Gamified Microlearning,52.9,72.4,Completed,3,5.0,2,1.5,2025-02-27,2025-03-02
60420,Meridian Main Campus,M2,Physician Wellness & Burnout Prevention,Teacher-Led Virtual,45.5,62.4,Completed,12,4.1,3,4.9,2025-09-12,2025-09-24
60421,Riverside Teaching Hospital,M2,Psychiatric Interviewing & Mental Status Examination,Digital Workbook,62.2,,Not Started,,,0,0.0,2025-06-26,
60421,Riverside Teaching Hospital,M2,"Recognizing Depression, Anxiety & Suicide Risk",Digital Workbook,69.4,,Not Started,,,0,0.0,2025-05-30,
60421,Riverside Teaching Hospital,M2,Trauma-Informed Care & Communication,Digital Workbook,76.8,89.0,Completed,20,2.5,2,4.7,2025-08-12,2025-09-01
60421,Riverside Teaching Hospital,M2,De-escalation Micro-Skills for Acute Distress,Gamified Microlearning,55.6,71.4,Completed,4,4.3,2,1.2,2025-02-28,2025-03-04
60421,Riverside Teaching Hospital,M2,Empathic Communication Quick Course,Gamified Microlearning,66.5,87.7,Completed,3,4.1,1,1.9,2025-04-15,2025-04-18
60421,Riverside Teaching Hospital,M2,Understanding Implicit Bias in Clinical Decision-Making,Digital Workbook,76.4,94.2,Completed,6,3.5,2,3.6,2025-03-29,2025-04-04
60421,Riverside Teaching Hospital,M2,Physician Wellness & Burnout Prevention,Teacher-Led Virtual,60.0,80.4,Completed,9,4.5,2,4.4,2025-07-25,2025-08-03
60422,Riverside Teaching Hospital,M1,Psychiatric Interviewing & Mental Status Examination,Digital Workbook,64.6,69.1,Completed,28,2.7,2,6.6,2025-07-26,2025-08-23
60422,Riverside Teaching Hospital,M1,"Recognizing Depression, Anxiety & Suicide Risk",Digital Workbook,44.1,,Not Started,,,0,0.0,2025-07-29,
60422,Riverside Teaching Hospital,M1,Trauma-Informed Care & Communication,Digital Workbook,61.9,70.5,Completed,11,3.0,2,4.6,2025-03-14,2025-03-25
60422,Riverside Teaching Hospital,M1,De-escalation Micro-Skills for Acute Distress,Gamified Microlearning,50.9,67.8,Completed,1,4.2,1,1.0,2025-04-06,2025-04-07
60422,Riverside Teaching Hospital,M1,Empathic Communication Quick Course,Gamified Microlearning,46.9,67.8,Completed,3,4.1,1,1.7,2025-09-23,2025-09-26
60422,Riverside Teaching Hospital,M1,Physician Wellness & Burnout Prevention,Teacher-Led Virtual,41.9,58.3,Completed,3,4.1,2,3.4,2025-07-11,2025-07-14
60422,Riverside Teaching Hospital,M1,Motivational Interviewing Workshop,Blended,56.2,65.5,Completed,7,4.4,1,2.3,2025-05-09,2025-05-16
60423,Meridian Main Campus,M4,Psychiatric Interviewing & Mental Status Examination,Digital Workbook,60.2,,In Progress,,3.0,3,2.3,2025-05-29,
60423,Meridian Main Campus,M4,"Recognizing Depression, Anxiety & Suicide Risk",Digital Workbook,67.6,66.2,Completed,18,3.9,2,6.5,2025-05-07,2025-05-25
60423,Meridian Main Campus,M4,Trauma-Informed Care & Communication,Digital Workbook,54.9,,In Progress,,2.4,2,3.1,2025-03-26,
60423,Meridian Main Campus,M4,De-escalation Micro-Skills for Acute Distress,Gamified Microlearning,68.7,84.0,Completed,3,5.0,2,1.0,2025-10-18,2025-10-21
60423,Meridian Main Campus,M4,Empathic Communication Quick Course,Gamified Microlearning,71.4,84.2,Completed,7,4.9,1,1.9,2025-01-06,2025-01-13
60423,Meridian Main Campus,M4,Peer Mentorship & Clinical Team Communication,Blended,65.9,83.1,Completed,23,4.0,3,7.7,2025-09-04,2025-09-27
60423,Meridian Main Campus,M4,Understanding Implicit Bias in Clinical Decision-Making,Digital Workbook,48.3,64.2,Completed,7,4.0,1,3.6,2025-11-06,2025-11-13
60423,Meridian Main Campus,M4,Motivational Interviewing Workshop,Blended,53.2,63.8,Completed,5,4.8,2,3.1,2025-02-10,2025-02-15
60424,Lakeside Medical Center,M1,Psychiatric Interviewing & Mental Status Examination,Digital Workbook,42.8,47.4,Completed,12,3.2,2,7.1,2025-07-23,2025-08-04
60424,Lakeside Medical Center,M1,"Recognizing Depression, Anxiety & Suicide Risk",Digital Workbook,39.4,38.6,Completed,27,3.5,1,5.6,2025-07-16,2025-08-12
60424,Lakeside Medical Center,M1,Trauma-Informed Care & Communication,Digital Workbook,51.4,61.6,Completed,14,3.0,2,4.8,2025-09-12,2025-09-26
60424,Lakeside Medical Center,M1,De-escalation Micro-Skills for Acute Distress,Gamified Microlearning,42.2,51.0,Completed,3,3.8,2,0.9,2025-09-13,2025-09-16
60424,Lakeside Medical Center,M1,Empathic Communication Quick Course,Gamified Microlearning,42.8,57.2,Completed,2,4.2,1,1.3,2025-09-28,2025-09-30
60424,Lakeside Medical Center,M1,Physician Wellness & Burnout Prevention,Teacher-Led Virtual,52.0,58.4,Completed,16,4.3,2,4.8,2025-09-11,2025-09-27
60424,Lakeside Medical Center,M1,Peer Mentorship & Clinical Team Communication,Blended,51.4,67.5,Completed,21,4.0,3,5.6,2025-04-23,2025-05-14
60425,Riverside Teaching Hospital,M2,Psychiatric Interviewing & Mental Status Examination,Digital Workbook,55.4,55.8,Completed,17,3.1,3,5.2,2025-06-26,2025-07-13
60425,Riverside Teaching Hospital,M2,"Recognizing Depression, Anxiety & Suicide Risk",Digital Workbook,41.0,47.7,Completed,18,3.5,2,4.8,2025-11-09,2025-11-27
60425,Riverside Teaching Hospital,M2,Trauma-Informed Care & Communication,Digital Workbook,56.2,54.1,Completed,13,3.3,3,4.7,2025-06-23,2025-07-06
60425,Riverside Teaching Hospital,M2,De-escalation Micro-Skills for Acute Distress,Gamified Microlearning,35.6,54.5,Completed,3,4.6,2,1.1,2025-02-16,2025-02-19
60425,Riverside Teaching Hospital,M2,Empathic Communication Quick Course,Gamified Microlearning,56.8,64.6,Completed,7,4.3,1,1.6,2025-02-03,2025-02-10
60425,Riverside Teaching Hospital,M2,Intro to Cognitive Behavioral Therapy for Primary Care,Teacher-Led Virtual,55.1,,In Progress,,3.7,1,1.2,2025-05-03,
60425,Riverside Teaching Hospital,M2,Motivational Interviewing Workshop,Blended,59.9,78.9,Completed,5,4.6,1,3.2,2025-09-03,2025-09-08
60425,Riverside Teaching Hospital,M2,Physician Wellness & Burnout Prevention,Teacher-Led Virtual,40.1,64.7,Completed,23,4.5,3,4.2,2025-04-03,2025-04-26
60426,Community Health Institute,M2,Psychiatric Interviewing & Mental Status Examination,Digital Workbook,55.8,,In Progress,,1.8,2,3.0,2025-07-06,
60426,Community Health Institute,M2,"Recognizing Depression, Anxiety & Suicide Risk",Digital Workbook,82.7,94.8,Completed,18,3.8,2,6.1,2025-09-24,2025-10-12
60426,Community Health Institute,M2,Trauma-Informed Care & Communication,Digital Workbook,61.8,74.5,Completed,4,3.9,2,3.9,2025-11-05,2025-11-09
60426,Community Health Institute,M2,De-escalation Micro-Skills for Acute Distress,Gamified Microlearning,67.9,89.8,Completed,2,4.1,1,1.0,2025-07-27,2025-07-29
60426,Community Health Institute,M2,Empathic Communication Quick Course,Gamified Microlearning,88.6,100.0,Completed,3,3.8,1,1.7,2025-02-27,2025-03-02
60426,Community Health Institute,M2,Motivational Interviewing Workshop,Blended,83.8,100.0,Completed,12,4.9,1,2.7,2025-11-16,2025-11-28
60427,Lakeside Medical Center,M3,Psychiatric Interviewing & Mental Status Examination,Digital Workbook,46.8,45.8,Completed,15,3.0,4,7.4,2025-03-30,2025-04-14
60427,Lakeside Medical Center,M3,"Recognizing Depression, Anxiety & Suicide Risk",Digital Workbook,51.4,57.0,Completed,21,3.5,1,6.6,2025-01-13,2025-02-03
60427,Lakeside Medical Center,M3,Trauma-Informed Care & Communication,Digital Workbook,68.7,78.3,Completed,15,4.0,1,5.4,2025-10-28,2025-11-12
60427,Lakeside Medical Center,M3,De-escalation Micro-Skills for Acute Distress,Gamified Microlearning,44.3,69.3,Completed,3,4.9,2,1.2,2025-11-10,2025-11-13
60427,Lakeside Medical Center,M3,Empathic Communication Quick Course,Gamified Microlearning,57.8,80.0,Completed,4,4.6,2,1.9,2025-05-14,2025-05-18
60427,Lakeside Medical Center,M3,Physician Wellness & Burnout Prevention,Teacher-Led Virtual,52.9,68.0,Completed,11,3.9,2,3.7,2025-06-11,2025-06-22
60427,Lakeside Medical Center,M3,Peer Mentorship & Clinical Team Communication,Blended,35.3,41.5,Completed,23,3.8,2,6.5,2025-11-10,2025-12-03
60428,Meridian Main Campus,M2,Psychiatric Interviewing & Mental Status Examination,Digital Workbook,72.6,,In Progress,,2.2,3,3.3,2025-07-24,
60428,Meridian Main Campus,M2,"Recognizing Depression, Anxiety & Suicide Risk",Digital Workbook,64.4,73.1,Completed,9,2.3,2,4.9,2025-10-22,2025-10-31
60428,Meridian Main Campus,M2,Trauma-Informed Care & Communication,Digital Workbook,47.6,,Dropped,,2.3,1,1.5,2025-02-03,
60428,Meridian Main Campus,M2,De-escalation Micro-Skills for Acute Distress,Gamified Microlearning,81.0,100.0,Completed,4,4.6,1,1.3,2025-08-14,2025-08-18
60428,Meridian Main Campus,M2,Empathic Communication Quick Course,Gamified Microlearning,64.5,82.7,Completed,5,4.9,1,1.8,2025-08-23,2025-08-28
60428,Meridian Main Campus,M2,Peer Mentorship & Clinical Team Communication,Blended,57.0,,In Progress,,3.8,1,3.0,2025-03-22,
60428,Meridian Main Campus,M2,Understanding Implicit Bias in Clinical Decision-Making,Digital Workbook,66.1,96.2,Completed,4,3.2,1,2.9,2025-07-20,2025-07-24
60429,Lakeside Medical Center,M4,Psychiatric Interviewing & Mental Status Examination,Digital Workbook,77.4,91.4,Completed,20,2.9,1,5.6,2025-10-31,2025-11-20
60429,Lakeside Medical Center,M4,"Recognizing Depression, Anxiety & Suicide Risk",Digital Workbook,80.8,92.9,Completed,13,3.0,1,7.0,2025-04-27,2025-05-10
60429,Lakeside Medical Center,M4,Trauma-Informed Care & Communication,Digital Workbook,59.5,,Dropped,,1.5,2,0.3,2025-06-24,
60429,Lakeside Medical Center,M4,De-escalation Micro-Skills for Acute Distress,Gamified Microlearning,67.0,81.2,Completed,3,4.8,1,0.9,2025-02-05,2025-02-08
60429,Lakeside Medical Center,M4,Empathic Communication Quick Course,Gamified Microlearning,65.6,70.1,Completed,4,3.8,1,1.6,2025-04-20,2025-04-24
60429,Lakeside Medical Center,M4,Physician Wellness & Burnout Prevention,Teacher-Led Virtual,66.8,72.4,Completed,15,3.8,2,3.5,2025-04-07,2025-04-22
60429,Lakeside Medical Center,M4,Intro to Cognitive Behavioral Therapy for Primary Care,Teacher-Led Virtual,60.4,76.1,Completed,10,4.8,1,3.3,2025-10-18,2025-10-28
60430,Community Health Institute,M1,Psychiatric Interviewing & Mental Status Examination,Digital Workbook,61.7,64.8,Completed,27,2.8,2,6.6,2025-11-18,2025-12-15
60430,Community Health Institute,M1,"Recognizing Depression, Anxiety & Suicide Risk",Digital Workbook,57.4,71.3,Completed,13,3.1,2,4.8,2025-05-07,2025-05-20
60430,Community Health Institute,M1,Trauma-Informed Care & Communication,Digital Workbook,49.2,,Not Started,,,0,0.0,2025-05-30,
60430,Community Health Institute,M1,De-escalation Micro-Skills for Acute Distress,Gamified Microlearning,49.5,62.6,Completed,4,4.1,1,1.0,2025-02-02,2025-02-06
60430,Community Health Institute,M1,Empathic Communication Quick Course,Gamified Microlearning,53.5,77.4,Completed,3,4.5,2,1.7,2025-07-29,2025-08-01
60430,Community Health Institute,M1,Motivational Interviewing Workshop,Blended,40.5,55.9,Completed,6,4.2,1,2.2,2025-09-12,2025-09-18
60430,Community Health Institute,M1,Intro to Cognitive Behavioral Therapy for Primary Care,Teacher-Led Virtual,39.9,,In Progress,,3.6,2,1.0,2025-10-13,
60431,Lakeside Medical Center,M3,Psychiatric Interviewing & Mental Status Examination,Digital Workbook,56.9,51.7,Completed,20,3.8,3,5.2,2025-05-17,2025-06-06
60431,Lakeside Medical Center,M3,"Recognizing Depression, Anxiety & Suicide Risk",Digital Workbook,59.1,64.7,Completed,19,2.8,2,6.1,2025-09-03,2025-09-22
60431,Lakeside Medical Center,M3,Trauma-Informed Care & Communication,Digital Workbook,44.1,,In Progress,,2.5,3,2.3,2025-01-22,
60431,Lakeside Medical Center,M3,De-escalation Micro-Skills for Acute Distress,Gamified Microlearning,35.2,46.6,Completed,1,4.7,2,1.2,2025-09-24,2025-09-25
60431,Lakeside Medical Center,M3,Empathic Communication Quick Course,Gamified Microlearning,44.4,58.4,Completed,6,5.0,3,1.7,2025-05-01,2025-05-07
60431,Lakeside Medical Center,M3,Intro to Cognitive Behavioral Therapy for Primary Care,Teacher-Led Virtual,48.5,55.2,Completed,6,4.0,1,3.6,2025-08-16,2025-08-22
60431,Lakeside Medical Center,M3,Peer Mentorship & Clinical Team Communication,Blended,51.5,59.1,Completed,35,3.9,2,7.6,2025-06-28,2025-08-02
60432,Meridian Main Campus,M4,Psychiatric Interviewing & Mental Status Examination,Digital Workbook,48.7,,Dropped,,1.9,3,1.0,2025-10-02,
60432,Meridian Main Campus,M4,"Recognizing Depression, Anxiety & Suicide Risk",Digital Workbook,41.5,47.9,Completed,23,3.0,2,6.1,2025-10-01,2025-10-24
60432,Meridian Main Campus,M4,Trauma-Informed Care & Communication,Digital Workbook,61.4,,Dropped,,2.0,2,0.3,2025-07-21,
60432,Meridian Main Campus,M4,De-escalation Micro-Skills for Acute Distress,Gamified Microlearning,62.0,81.9,Completed,4,4.4,2,0.9,2025-02-28,2025-03-04
60432,Meridian Main Campus,M4,Empathic Communication Quick Course,Gamified Microlearning,29.6,50.0,Completed,7,4.3,1,1.5,2025-02-05,2025-02-12
60432,Meridian Main Campus,M4,Peer Mentorship & Clinical Team Communication,Blended,48.6,63.8,Completed,9,4.0,3,7.3,2025-09-29,2025-10-08
60433,Lakeside Medical Center,M3,Psychiatric Interviewing & Mental Status Examination,Digital Workbook,37.7,,In Progress,,2.6,2,2.8,2025-01-27,
60433,Lakeside Medical Center,M3,"Recognizing Depression, Anxiety & Suicide Risk",Digital Workbook,73.6,76.5,Completed,15,3.1,1,5.8,2025-10-31,2025-11-15
60433,Lakeside Medical Center,M3,Trauma-Informed Care & Communication,Digital Workbook,45.9,,Dropped,,2.1,1,1.6,2025-09-09,
60433,Lakeside Medical Center,M3,De-escalation Micro-Skills for Acute Distress,Gamified Microlearning,68.7,83.2,Completed,2,4.7,1,0.9,2025-01-27,2025-01-29
60433,Lakeside Medical Center,M3,Empathic Communication Quick Course,Gamified Microlearning,52.2,72.3,Completed,9,4.5,1,1.7,2025-04-01,2025-04-10
60433,Lakeside Medical Center,M3,Motivational Interviewing Workshop,Blended,46.6,70.6,Completed,4,4.9,2,3.2,2025-11-07,2025-11-11
60433,Lakeside Medical Center,M3,Intro to Cognitive Behavioral Therapy for Primary Care,Teacher-Led Virtual,67.4,83.0,Completed,9,3.4,2,3.4,2025-02-23,2025-03-04
60434,Riverside Teaching Hospital,M2,Psychiatric Interviewing & Mental Status Examination,Digital Workbook,79.6,,Dropped,,1.4,2,0.4,2025-04-06,
60434,Riverside Teaching Hospital,M2,"Recognizing Depression, Anxiety & Suicide Risk",Digital Workbook,48.2,59.5,Completed,10,2.9,2,5.6,2025-07-02,2025-07-12
60434,Riverside Teaching Hospital,M2,Trauma-Informed Care & Communication,Digital Workbook,62.5,,Dropped,,2.2,2,0.8,2025-06-09,
60434,Riverside Teaching Hospital,M2,De-escalation Micro-Skills for Acute Distress,Gamified Microlearning,42.5,58.8,Completed,2,4.7,2,1.0,2025-03-16,2025-03-18
60434,Riverside Teaching Hospital,M2,Empathic Communication Quick Course,Gamified Microlearning,61.7,80.6,Completed,2,4.2,1,1.4,2025-04-26,2025-04-28
60434,Riverside Teaching Hospital,M2,Physician Wellness & Burnout Prevention,Teacher-Led Virtual,44.4,49.1,Completed,22,3.9,2,4.2,2025-06-14,2025-07-06
60434,Riverside Teaching Hospital,M2,Peer Mentorship & Clinical Team Communication,Blended,61.2,80.0,Completed,14,4.1,1,7.5,2025-06-26,2025-07-10
60435,Lakeside Medical Center,M2,Psychiatric Interviewing & Mental Status Examination,Digital Workbook,57.0,62.7,Completed,16,3.1,2,5.1,2025-09-03,2025-09-19
60435,Lakeside Medical Center,M2,"Recognizing Depression, Anxiety & Suicide Risk",Digital Workbook,73.6,72.2,Completed,25,3.2,3,6.6,2025-02-23,2025-03-20
60435,Lakeside Medical Center,M2,Trauma-Informed Care & Communication,Digital Workbook,60.2,69.0,Completed,20,3.1,3,4.4,2025-01-13,2025-02-02
60435,Lakeside Medical Center,M2,De-escalation Micro-Skills for Acute Distress,Gamified Microlearning,57.7,74.8,Completed,3,4.6,2,0.9,2025-06-27,2025-06-30
60435,Lakeside Medical Center,M2,Empathic Communication Quick Course,Gamified Microlearning,54.0,68.6,Completed,4,4.2,1,1.9,2025-11-01,2025-11-05
60435,Lakeside Medical Center,M2,Understanding Implicit Bias in Clinical Decision-Making,Digital Workbook,72.2,88.7,Completed,9,3.9,1,2.8,2025-02-01,2025-02-10
60435,Lakeside Medical Center,M2,Intro to Cognitive Behavioral Therapy for Primary Care,Teacher-Led Virtual,56.2,64.2,Completed,10,3.8,2,3.7,2025-03-02,2025-03-12
60436,University Health Partners,M4,Psychiatric Interviewing & Mental Status Examination,Digital Workbook,63.5,72.3,Completed,21,3.7,1,7.0,2025-05-01,2025-05-22
60436,University Health Partners,M4,"Recognizing Depression, Anxiety & Suicide Risk",Digital Workbook,60.8,,Not Started,,,0,0.0,2025-07-04,
60436,University Health Partners,M4,Trauma-Informed Care & Communication,Digital Workbook,56.7,,In Progress,,2.7,2,2.2,2025-04-29,
60436,University Health Partners,M4,De-escalation Micro-Skills for Acute Distress,Gamified Microlearning,71.8,92.7,Completed,1,4.5,1,1.2,2025-01-18,2025-01-19
60436,University Health Partners,M4,Empathic Communication Quick Course,Gamified Microlearning,56.9,70.0,Completed,4,4.9,1,1.8,2025-05-15,2025-05-19
60436,University Health Partners,M4,Physician Wellness & Burnout Prevention,Teacher-Led Virtual,61.5,71.6,Completed,4,4.1,2,3.7,2025-06-08,2025-06-12
60436,University Health Partners,M4,Motivational Interviewing Workshop,Blended,64.1,77.7,Completed,7,4.9,2,2.4,2025-09-12,2025-09-19
60437,Meridian Main Campus,M1,Psychiatric Interviewing & Mental Status Examination,Digital Workbook,35.8,39.5,Completed,22,2.7,3,7.5,2025-11-15,2025-12-07
60437,Meridian Main Campus,M1,"Recognizing Depression, Anxiety & Suicide Risk",Digital Workbook,48.8,49.8,Completed,18,3.3,2,5.1,2025-05-01,2025-05-19
60437,Meridian Main Campus,M1,Trauma-Informed Care & Communication,Digital Workbook,54.2,,In Progress,,2.9,2,1.5,2025-06-15,
60437,Meridian Main Campus,M1,De-escalation Micro-Skills for Acute Distress,Gamified Microlearning,63.0,78.9,Completed,2,4.6,3,0.9,2025-07-28,2025-07-30
60437,Meridian Main Campus,M1,Empathic Communication Quick Course,Gamified Microlearning,43.0,55.9,Completed,2,4.9,2,1.9,2025-09-19,2025-09-21
60437,Meridian Main Campus,M1,Physician Wellness & Burnout Prevention,Teacher-Led Virtual,64.8,80.6,Completed,9,4.6,2,4.4,2025-06-19,2025-06-28
60437,Meridian Main Campus,M1,Motivational Interviewing Workshop,Blended,44.1,56.1,Completed,8,4.0,1,3.1,2025-02-01,2025-02-09
60438,Riverside Teaching Hospital,M4,Psychiatric Interviewing & Mental Status Examination,Digital Workbook,55.8,,Not Started,,,0,0.0,2025-09-15,
60438,Riverside Teaching Hospital,M4,"Recognizing Depression, Anxiety & Suicide Risk",Digital Workbook,55.3,,Dropped,,1.2,1,1.5,2025-09-28,
60438,Riverside Teaching Hospital,M4,Trauma-Informed Care & Communication,Digital Workbook,59.4,,Dropped,,2.3,1,0.4,2025-10-09,
60438,Riverside Teaching Hospital,M4,De-escalation Micro-Skills for Acute Distress,Gamified Microlearning,60.2,88.6,Completed,1,4.0,2,1.2,2025-04-26,2025-04-27
60438,Riverside Teaching Hospital,M4,Empathic Communication Quick Course,Gamified Microlearning,70.3,94.3,Completed,5,4.8,1,1.7,2025-03-31,2025-04-05
60438,Riverside Teaching Hospital,M4,Motivational Interviewing Workshop,Blended,68.9,86.9,Completed,14,3.6,1,3.0,2025-03-09,2025-03-23
60438,Riverside Teaching Hospital,M4,Intro to Cognitive Behavioral Therapy for Primary Care,Teacher-Led Virtual,55.7,76.3,Completed,5,4.0,1,3.1,2025-04-08,2025-04-13
60439,Meridian Main Campus,M1,Psychiatric Interviewing & Mental Status Examination,Digital Workbook,62.5,69.6,Completed,23,2.3,2,5.2,2025-08-14,2025-09-06
60439,Meridian Main Campus,M1,"Recognizing Depression, Anxiety & Suicide Risk",Digital Workbook,49.9,,Not Started,,,0,0.0,2025-08-18,
60439,Meridian Main Campus,M1,Trauma-Informed Care & Communication,Digital Workbook,64.4,65.7,Completed,18,3.5,1,4.5,2025-09-29,2025-10-17
60439,Meridian Main Campus,M1,De-escalation Micro-Skills for Acute Distress,Gamified Microlearning,75.1,88.6,Completed,4,3.9,2,1.2,2025-05-18,2025-05-22
60439,Meridian Main Campus,M1,Empathic Communication Quick Course,Gamified Microlearning,48.7,66.3,Completed,4,4.5,2,1.7,2025-06-12,2025-06-16
60439,Meridian Main Campus,M1,Understanding Implicit Bias in Clinical Decision-Making,Digital Workbook,58.0,71.2,Completed,12,4.0,2,2.6,2025-09-24,2025-10-06
60439,Meridian Main Campus,M1,Peer Mentorship & Clinical Team Communication,Blended,58.4,74.1,Completed,10,4.0,3,7.5,2025-09-21,2025-10-01
60439,Meridian Main Campus,M1,Physician Wellness & Burnout Prevention,Teacher-Led Virtual,64.3,82.2,Completed,16,3.7,1,3.6,2025-11-18,2025-12-04
60440,Community Health Institute,M1,Psychiatric Interviewing & Mental Status Examination,Digital Workbook,81.8,88.4,Completed,21,3.0,1,6.1,2025-08-07,2025-08-28
60440,Community Health Institute,M1,"Recognizing Depression, Anxiety & Suicide Risk",Digital Workbook,80.9,,In Progress,,2.8,1,2.4,2025-10-31,
60440,Community Health Institute,M1,Trauma-Informed Care & Communication,Digital Workbook,72.5,,In Progress,,2.1,3,2.3,2025-01-22,
60440,Community Health Institute,M1,De-escalation Micro-Skills for Acute Distress,Gamified Microlearning,72.2,100.0,Completed,4,4.0,1,0.9,2025-04-06,2025-04-10
60440,Community Health Institute,M1,Empathic Communication Quick Course,Gamified Microlearning,87.4,100.0,Completed,4,4.6,1,1.7,2025-09-25,2025-09-29
60440,Community Health Institute,M1,Understanding Implicit Bias in Clinical Decision-Making,Digital Workbook,73.6,100.0,Completed,10,3.7,1,3.1,2025-07-01,2025-07-11
60440,Community Health Institute,M1,Physician Wellness & Burnout Prevention,Teacher-Led Virtual,60.5,83.9,Completed,11,4.0,1,3.6,2025-01-06,2025-01-17
60440,Community Health Institute,M1,Intro to Cognitive Behavioral Therapy for Primary Care,Teacher-Led Virtual,74.7,100.0,Completed,12,3.2,2,3.8,2025-05-18,2025-05-30
60441,Lakeside Medical Center,M4,Psychiatric Interviewing & Mental Status Examination,Digital Workbook,46.5,,In Progress,,2.3,2,2.7,2025-10-19,
60441,Lakeside Medical Center,M4,"Recognizing Depression, Anxiety & Suicide Risk",Digital Workbook,52.1,55.8,Completed,12,3.2,1,7.0,2025-02-05,2025-02-17
60441,Lakeside Medical Center,M4,Trauma-Informed Care & Communication,Digital Workbook,37.5,42.7,Completed,15,3.7,4,4.6,2025-01-26,2025-02-10
60441,Lakeside Medical Center,M4,De-escalation Micro-Skills for Acute Distress,Gamified Microlearning,60.4,79.7,Completed,3,4.7,1,1.2,2025-02-01,2025-02-04
60441,Lakeside Medical Center,M4,Empathic Communication Quick Course,Gamified Microlearning,42.8,51.7,Completed,8,4.3,2,1.6,2025-05-30,2025-06-07
60441,Lakeside Medical Center,M4,Peer Mentorship & Clinical Team Communication,Blended,41.2,47.4,Completed,11,4.3,1,7.0,2025-11-10,2025-11-21
60441,Lakeside Medical Center,M4,Motivational Interviewing Workshop,Blended,36.5,48.2,Completed,9,4.3,3,2.6,2025-07-18,2025-07-27
60441,Lakeside Medical Center,M4,Physician Wellness & Burnout Prevention,Teacher-Led Virtual,32.6,47.0,Completed,10,4.6,2,4.8,2025-06-17,2025-06-27
60442,Riverside Teaching Hospital,M3,Psychiatric Interviewing & Mental Status Examination,Digital Workbook,33.7,46.7,Completed,10,4.0,3,6.3,2025-07-12,2025-07-22
60442,Riverside Teaching Hospital,M3,"Recognizing Depression, Anxiety & Suicide Risk",Digital Workbook,59.5,66.0,Completed,25,3.9,1,6.6,2025-08-31,2025-09-25
60442,Riverside Teaching Hospital,M3,Trauma-Informed Care & Communication,Digital Workbook,59.0,69.5,Completed,5,3.5,2,4.5,2025-02-20,2025-02-25
60442,Riverside Teaching Hospital,M3,De-escalation Micro-Skills for Acute Distress,Gamified Microlearning,54.4,73.5,Completed,3,4.3,1,0.9,2025-07-30,2025-08-02
60442,Riverside Teaching Hospital,M3,Empathic Communication Quick Course,Gamified Microlearning,53.9,68.3,Completed,5,4.8,1,1.7,2025-07-22,2025-07-27
60442,Riverside Teaching Hospital,M3,Peer Mentorship & Clinical Team Communication,Blended,57.0,66.7,Completed,10,5.0,3,6.9,2025-08-04,2025-08-14
60442,Riverside Teaching Hospital,M3,Understanding Implicit Bias in Clinical Decision-Making,Digital Workbook,59.2,67.3,Completed,6,4.2,1,3.8,2025-01-21,2025-01-27
60443,Lakeside Medical Center,M3,Psychiatric Interviewing & Mental Status Examination,Digital Workbook,63.7,,Not Started,,,0,0.0,2025-01-15,
60443,Lakeside Medical Center,M3,"Recognizing Depression, Anxiety & Suicide Risk",Digital Workbook,73.3,,Not Started,,,0,0.0,2025-07-09,
60443,Lakeside Medical Center,M3,Trauma-Informed Care & Communication,Digital Workbook,57.1,,Not Started,,,0,0.0,2025-07-08,
60443,Lakeside Medical Center,M3,De-escalation Micro-Skills for Acute Distress,Gamified Microlearning,65.0,84.6,Completed,2,4.3,3,0.9,2025-11-07,2025-11-09
60443,Lakeside Medical Center,M3,Empathic Communication Quick Course,Gamified Microlearning,44.9,62.7,Completed,3,4.0,2,1.4,2025-10-03,2025-10-06
60443,Lakeside Medical Center,M3,Motivational Interviewing Workshop,Blended,57.9,86.0,Completed,9,4.2,1,2.4,2025-03-04,2025-03-13
60443,Lakeside Medical Center,M3,Physician Wellness & Burnout Prevention,Teacher-Led Virtual,53.8,66.4,Completed,10,4.0,2,5.0,2025-02-06,2025-02-16
60443,Lakeside Medical Center,M3,Intro to Cognitive Behavioral Therapy for Primary Care,Teacher-Led Virtual,49.7,56.9,Completed,1,4.1,2,3.3,2025-03-29,2025-03-30
60444,Meridian Main Campus,M1,Psychiatric Interviewing & Mental Status Examination,Digital Workbook,65.6,74.2,Completed,25,3.1,2,6.5,2025-06-24,2025-07-19
60444,Meridian Main Campus,M1,"Recognizing Depression, Anxiety & Suicide Risk",Digital Workbook,60.8,,In Progress,,3.5,2,3.2,2025-02-28,
60444,Meridian Main Campus,M1,Trauma-Informed Care & Communication,Digital Workbook,43.7,,In Progress,,2.1,1,2.4,2025-08-20,
60444,Meridian Main Campus,M1,De-escalation Micro-Skills for Acute Distress,Gamified Microlearning,65.9,92.9,Completed,1,4.2,1,0.9,2025-04-09,2025-04-10
60444,Meridian Main Campus,M1,Empathic Communication Quick Course,Gamified Microlearning,81.9,95.9,Completed,4,4.5,1,1.7,2025-05-17,2025-05-21
60444,Meridian Main Campus,M1,Intro to Cognitive Behavioral Therapy for Primary Care,Teacher-Led Virtual,59.9,80.7,Completed,10,3.7,1,3.5,2025-09-18,2025-09-28
60444,Meridian Main Campus,M1,Peer Mentorship & Clinical Team Communication,Blended,59.1,77.7,Completed,20,4.1,2,6.7,2025-02-02,2025-02-22
60444,Meridian Main Campus,M1,Understanding Implicit Bias in Clinical Decision-Making,Digital Workbook,67.9,85.1,Completed,3,4.2,1,3.1,2025-10-06,2025-10-09
60445,University Health Partners,M4,Psychiatric Interviewing & Mental Status Examination,Digital Workbook,44.8,45.8,Completed,25,3.6,2,6.5,2025-08-02,2025-08-27
60445,University Health Partners,M4,"Recognizing Depression, Anxiety & Suicide Risk",Digital Workbook,45.6,,In Progress,,3.3,1,1.9,2025-08-31,
60445,University Health Partners,M4,Trauma-Informed Care & Communication,Digital Workbook,42.2,38.9,Completed,17,3.1,3,5.7,2025-10-24,2025-11-10
60445,University Health Partners,M4,De-escalation Micro-Skills for Acute Distress,Gamified Microlearning,55.8,75.4,Completed,3,4.6,1,1.3,2025-01-07,2025-01-10
60445,University Health Partners,M4,Empathic Communication Quick Course,Gamified Microlearning,52.9,60.8,Completed,3,4.3,1,1.8,2025-03-15,2025-03-18
60445,University Health Partners,M4,Intro to Cognitive Behavioral Therapy for Primary Care,Teacher-Led Virtual,41.0,50.4,Completed,5,3.9,2,2.6,2025-06-27,2025-07-02
60445,University Health Partners,M4,Motivational Interviewing Workshop,Blended,57.2,67.1,Completed,5,4.4,2,2.2,2025-09-12,2025-09-17
60445,University Health Partners,M4,Understanding Implicit Bias in Clinical Decision-Making,Digital Workbook,56.7,72.4,Completed,8,3.5,1,3.8,2025-06-15,2025-06-23
60446,Community Health Institute,M2,Psychiatric Interviewing & Mental Status Examination,Digital Workbook,74.8,,In Progress,,2.6,2,4.1,2025-06-10,
60446,Community Health Institute,M2,"Recognizing Depression, Anxiety & Suicide Risk",Digital Workbook,46.8,51.3,Completed,15,2.5,1,5.9,2025-09-03,2025-09-18
60446,Community Health Institute,M2,Trauma-Informed Care & Communication,Digital Workbook,72.7,79.8,Completed,13,2.9,1,5.4,2025-01-19,2025-02-01
60446,Community Health Institute,M2,De-escalation Micro-Skills for Acute Distress,Gamified Microlearning,62.4,81.2,Completed,2,4.4,2,1.1,2025-08-17,2025-08-19
60446,Community Health Institute,M2,Empathic Communication Quick Course,Gamified Microlearning,43.7,64.8,Completed,5,4.5,1,1.7,2025-06-04,2025-06-09
60446,Community Health Institute,M2,Physician Wellness & Burnout Prevention,Teacher-Led Virtual,51.7,,In Progress,,3.0,2,2.6,2025-10-18,
60446,Community Health Institute,M2,Understanding Implicit Bias in Clinical Decision-Making,Digital Workbook,60.5,,In Progress,,2.7,2,1.9,2025-10-06,
60446,Community Health Institute,M2,Peer Mentorship & Clinical Team Communication,Blended,67.2,92.3,Completed,12,4.1,2,6.6,2025-06-06,2025-06-18
60447,Meridian Main Campus,M3,Psychiatric Interviewing & Mental Status Examination,Digital Workbook,60.2,,In Progress,,3.1,2,3.9,2025-03-07,
60447,Meridian Main Campus,M3,"Recognizing Depression, Anxiety & Suicide Risk",Digital Workbook,52.8,60.0,Completed,18,2.6,2,4.8,2025-01-28,2025-02-15
60447,Meridian Main Campus,M3,Trauma-Informed Care & Communication,Digital Workbook,44.6,50.2,Completed,14,3.7,2,4.8,2025-10-10,2025-10-24
60447,Meridian Main Campus,M3,De-escalation Micro-Skills for Acute Distress,Gamified Microlearning,54.9,69.4,Completed,3,4.7,1,1.2,2025-06-28,2025-07-01
60447,Meridian Main Campus,M3,Empathic Communication Quick Course,Gamified Microlearning,50.0,68.5,Completed,7,4.9,2,1.5,2025-06-16,2025-06-23
60447,Meridian Main Campus,M3,Understanding Implicit Bias in Clinical Decision-Making,Digital Workbook,70.1,77.9,Completed,11,4.5,2,3.4,2025-07-05,2025-07-16
60447,Meridian Main Campus,M3,Physician Wellness & Burnout Prevention,Teacher-Led Virtual,65.3,80.8,Completed,11,4.1,1,3.7,2025-09-20,2025-10-01
60448,Riverside Teaching Hospital,M2,Psychiatric Interviewing & Mental Status Examination,Digital Workbook,45.9,54.0,Completed,14,3.4,1,5.6,2025-04-02,2025-04-16
60448,Riverside Teaching Hospital,M2,"Recognizing Depression, Anxiety & Suicide Risk",Digital Workbook,56.4,65.7,Completed,17,2.8,2,5.8,2025-09-27,2025-10-14
60448,Riverside Teaching Hospital,M2,Trauma-Informed Care & Communication,Digital Workbook,43.6,,Dropped,,2.3,2,1.0,2025-01-14,
60448,Riverside Teaching Hospital,M2,De-escalation Micro-Skills for Acute Distress,Gamified Microlearning,67.3,78.2,Completed,1,4.5,1,1.2,2025-04-24,2025-04-25
60448,Riverside Teaching Hospital,M2,Empathic Communication Quick Course,Gamified Microlearning,60.4,82.3,Completed,4,4.4,1,1.4,2025-05-07,2025-05-11
60448,Riverside Teaching Hospital,M2,Peer Mentorship & Clinical Team Communication,Blended,75.2,98.5,Completed,25,3.9,1,5.5,2025-07-22,2025-08-16
60448,Riverside Teaching Hospital,M2,Physician Wellness & Burnout Prevention,Teacher-Led Virtual,41.1,63.5,Completed,17,4.3,1,4.8,2025-08-17,2025-09-03
60449,Community Health Institute,M1,Psychiatric Interviewing & Mental Status Examination,Digital Workbook,64.9,68.5,Completed,10,3.1,3,7.5,2025-08-02,2025-08-12
60449,Community Health Institute,M1,"Recognizing Depression, Anxiety & Suicide Risk",Digital Workbook,20.0,,Dropped,,1.7,2,1.6,2025-03-14,
60449,Community Health Institute,M1,Trauma-Informed Care & Communication,Digital Workbook,43.4,43.5,Completed,16,3.1,2,4.1,2025-03-06,2025-03-22
60449,Community Health Institute,M1,De-escalation Micro-Skills for Acute Distress,Gamified Microlearning,50.5,66.4,Completed,2,5.0,3,1.1,2025-01-11,2025-01-13
60449,Community Health Institute,M1,Empathic Communication Quick Course,Gamified Microlearning,48.6,64.6,Completed,3,4.5,2,1.7,2025-05-08,2025-05-11
60449,Community Health Institute,M1,Understanding Implicit Bias in Clinical Decision-Making,Digital Workbook,47.8,58.3,Completed,11,3.4,2,2.9,2025-10-01,2025-10-12
60449,Community Health Institute,M1,Motivational Interviewing Workshop,Blended,52.0,57.1,Completed,8,3.7,1,2.1,2025-07-31,2025-08-08
60450,Riverside Teaching Hospital,M1,Psychiatric Interviewing & Mental Status Examination,Digital Workbook,41.5,,In Progress,,1.9,2,3.0,2025-01-29,
60450,Riverside Teaching Hospital,M1,"Recognizing Depression, Anxiety & Suicide Risk",Digital Workbook,55.8,66.0,Completed,20,3.3,1,6.1,2025-05-12,2025-06-01
60450,Riverside Teaching Hospital,M1,Trauma-Informed Care & Communication,Digital Workbook,58.6,,In Progress,,1.9,1,3.1,2025-03-28,
60450,Riverside Teaching Hospital,M1,De-escalation Micro-Skills for Acute Distress,Gamified Microlearning,44.4,61.7,Completed,2,4.2,1,1.0,2025-07-14,2025-07-16
60450,Riverside Teaching Hospital,M1,Empathic Communication Quick Course,Gamified Microlearning,70.3,,Dropped,,2.7,1,0.5,2025-02-20,
60450,Riverside Teaching Hospital,M1,Understanding Implicit Bias in Clinical Decision-Making,Digital Workbook,67.5,,In Progress,,3.0,1,1.5,2025-02-13,
60450,Riverside Teaching Hospital,M1,Motivational Interviewing Workshop,Blended,64.9,78.7,Completed,10,4.4,2,2.2,2025-07-23,2025-08-02
60451,University Health Partners,M4,Psychiatric Interviewing & Mental Status Examination,Digital Workbook,80.0,91.8,Completed,4,3.9,2,6.7,2025-10-06,2025-10-10
60451,University Health Partners,M4,"Recognizing Depression, Anxiety & Suicide Risk",Digital Workbook,77.0,,Not Started,,,0,0.0,2025-08-28,
60451,University Health Partners,M4,Trauma-Informed Care & Communication,Digital Workbook,68.5,84.2,Completed,22,2.8,1,5.5,2025-04-20,2025-05-12
60451,University Health Partners,M4,De-escalation Micro-Skills for Acute Distress,Gamified Microlearning,69.3,88.1,Completed,3,3.6,1,1.0,2025-10-21,2025-10-24
60451,University Health Partners,M4,Empathic Communication Quick Course,Gamified Microlearning,61.0,74.7,Completed,5,4.2,1,1.4,2025-07-04,2025-07-09
60451,University Health Partners,M4,Motivational Interviewing Workshop,Blended,56.1,76.7,Completed,9,3.8,2,2.3,2025-07-30,2025-08-08
60451,University Health Partners,M4,Peer Mentorship & Clinical Team Communication,Blended,75.3,96.4,Completed,21,4.2,2,6.6,2025-07-03,2025-07-24
60452,Community Health Institute,M2,Psychiatric Interviewing & Mental Status Examination,Digital Workbook,60.8,,In Progress,,3.3,2,3.3,2025-02-09,
60452,Community Health Institute,M2,"Recognizing Depression, Anxiety & Suicide Risk",Digital Workbook,46.7,,Not Started,,,0,0.0,2025-09-03,
60452,Community Health Institute,M2,Trauma-Informed Care & Communication,Digital Workbook,51.5,58.1,Completed,1,3.5,1,3.9,2025-11-04,2025-11-05
60452,Community Health Institute,M2,De-escalation Micro-Skills for Acute Distress,Gamified Microlearning,41.9,56.7,Completed,3,3.9,1,0.9,2025-07-12,2025-07-15
60452,Community Health Institute,M2,Empathic Communication Quick Course,Gamified Microlearning,36.3,53.9,Completed,4,4.4,2,1.9,2025-09-29,2025-10-03
60452,Community Health Institute,M2,Physician Wellness & Burnout Prevention,Teacher-Led Virtual,43.2,43.4,Completed,13,4.4,2,4.9,2025-02-21,2025-03-06
60452,Community Health Institute,M2,Peer Mentorship & Clinical Team Communication,Blended,54.1,71.7,Completed,7,4.7,3,7.7,2025-07-11,2025-07-18
60453,Meridian Main Campus,M3,Psychiatric Interviewing & Mental Status Examination,Digital Workbook,54.1,59.6,Completed,21,3.1,1,5.2,2025-05-20,2025-06-10
60453,Meridian Main Campus,M3,"Recognizing Depression, Anxiety & Suicide Risk",Digital Workbook,68.5,70.8,Completed,15,3.4,1,4.9,2025-02-04,2025-02-19
60453,Meridian Main Campus,M3,Trauma-Informed Care & Communication,Digital Workbook,50.6,56.2,Completed,16,3.0,1,4.3,2025-04-24,2025-05-10
60453,Meridian Main Campus,M3,De-escalation Micro-Skills for Acute Distress,Gamified Microlearning,63.0,80.6,Completed,3,4.3,1,1.0,2025-08-23,2025-08-26
60453,Meridian Main Campus,M3,Empathic Communication Quick Course,Gamified Microlearning,55.1,72.8,Completed,1,4.4,2,1.3,2025-04-07,2025-04-08
60453,Meridian Main Campus,M3,Motivational Interviewing Workshop,Blended,57.5,79.5,Completed,3,4.3,2,2.8,2025-06-21,2025-06-24
60454,Meridian Main Campus,M2,Psychiatric Interviewing & Mental Status Examination,Digital Workbook,59.8,69.5,Completed,10,3.4,1,7.4,2025-10-05,2025-10-15
60454,Meridian Main Campus,M2,"Recognizing Depression, Anxiety & Suicide Risk",Digital Workbook,35.0,,Dropped,,2.1,1,1.8,2025-01-16,
60454,Meridian Main Campus,M2,Trauma-Informed Care & Communication,Digital Workbook,75.3,81.3,Completed,15,3.5,1,4.8,2025-11-12,2025-11-27
60454,Meridian Main Campus,M2,De-escalation Micro-Skills for Acute Distress,Gamified Microlearning,74.1,91.7,Completed,4,4.5,2,1.2,2025-01-26,2025-01-30
60454,Meridian Main Campus,M2,Empathic Communication Quick Course,Gamified Microlearning,52.2,67.8,Completed,5,4.9,1,1.4,2025-05-23,2025-05-28
60454,Meridian Main Campus,M2,Motivational Interviewing Workshop,Blended,55.7,69.8,Completed,11,4.1,1,3.1,2025-02-15,2025-02-26
60454,Meridian Main Campus,M2,Physician Wellness & Burnout Prevention,Teacher-Led Virtual,58.2,66.6,Completed,16,3.7,2,4.5,2025-03-07,2025-03-23
60454,Meridian Main Campus,M2,Understanding Implicit Bias in Clinical Decision-Making,Digital Workbook,53.5,,Not Started,,,0,0.0,2025-05-06,
60455,Meridian Main Campus,M1,Psychiatric Interviewing & Mental Status Examination,Digital Workbook,64.1,,Not Started,,,0,0.0,2025-09-06,
60455,Meridian Main Campus,M1,"Recognizing Depression, Anxiety & Suicide Risk",Digital Workbook,76.5,84.3,Completed,21,3.2,3,5.6,2025-08-07,2025-08-28
60455,Meridian Main Campus,M1,Trauma-Informed Care & Communication,Digital Workbook,82.5,85.8,Completed,20,3.4,3,5.8,2025-07-28,2025-08-17
60455,Meridian Main Campus,M1,De-escalation Micro-Skills for Acute Distress,Gamified Microlearning,75.2,93.4,Completed,3,4.7,1,1.1,2025-09-20,2025-09-23
60455,Meridian Main Campus,M1,Empathic Communication Quick Course,Gamified Microlearning,63.6,84.8,Completed,2,4.9,1,1.6,2025-08-14,2025-08-16
60455,Meridian Main Campus,M1,Intro to Cognitive Behavioral Therapy for Primary Care,Teacher-Led Virtual,45.2,56.8,Completed,11,3.7,1,3.5,2025-01-25,2025-02-05
60455,Meridian Main Campus,M1,Understanding Implicit Bias in Clinical Decision-Making,Digital Workbook,56.6,64.9,Completed,9,3.8,1,3.6,2025-01-10,2025-01-19
60456,Meridian Main Campus,M2,Psychiatric Interviewing & Mental Status Examination,Digital Workbook,54.6,,Dropped,,1.4,1,1.1,2025-09-05,
60456,Meridian Main Campus,M2,"Recognizing Depression, Anxiety & Suicide Risk",Digital Workbook,56.1,,In Progress,,2.4,1,2.7,2025-10-02,
60456,Meridian Main Campus,M2,Trauma-Informed Care & Communication,Digital Workbook,61.7,65.6,Completed,20,3.3,1,4.7,2025-07-14,2025-08-03
60456,Meridian Main Campus,M2,De-escalation Micro-Skills for Acute Distress,Gamified Microlearning,76.4,96.7,Completed,2,4.1,2,1.3,2025-01-12,2025-01-14
60456,Meridian Main Campus,M2,Empathic Communication Quick Course,Gamified Microlearning,76.8,97.5,Completed,4,5.0,1,1.4,2025-07-04,2025-07-08
60456,Meridian Main Campus,M2,Physician Wellness & Burnout Prevention,Teacher-Led Virtual,47.8,,In Progress,,3.9,1,1.2,2025-03-11,
60456,Meridian Main Campus,M2,Peer Mentorship & Clinical Team Communication,Blended,55.2,76.8,Completed,16,3.9,1,6.9,2025-02-13,2025-03-01
60457,Community Health Institute,M1,Psychiatric Interviewing & Mental Status Examination,Digital Workbook,76.5,81.0,Completed,22,2.9,2,5.1,2025-03-22,2025-04-13
60457,Community Health Institute,M1,"Recognizing Depression, Anxiety & Suicide Risk",Digital Workbook,62.7,63.9,Completed,17,2.5,2,6.6,2025-04-04,2025-04-21
60457,Community Health Institute,M1,Trauma-Informed Care & Communication,Digital Workbook,63.1,77.4,Completed,11,3.8,2,5.2,2025-02-06,2025-02-17
60457,Community Health Institute,M1,De-escalation Micro-Skills for Acute Distress,Gamified Microlearning,73.5,94.3,Completed,3,4.2,1,1.0,2025-05-15,2025-05-18
60457,Community Health Institute,M1,Empathic Communication Quick Course,Gamified Microlearning,71.1,93.8,Completed,6,3.7,1,1.3,2025-11-14,2025-11-20
60457,Community Health Institute,M1,Intro to Cognitive Behavioral Therapy for Primary Care,Teacher-Led Virtual,71.5,94.0,Completed,4,3.9,2,2.7,2025-06-04,2025-06-08
60457,Community Health Institute,M1,Peer Mentorship & Clinical Team Communication,Blended,75.1,,Not Started,,,0,0.0,2025-10-25,
60458,Lakeside Medical Center,M2,Psychiatric Interviewing & Mental Status Examination,Digital Workbook,44.8,49.2,Completed,21,3.4,2,6.5,2025-08-04,2025-08-25
60458,Lakeside Medical Center,M2,"Recognizing Depression, Anxiety & Suicide Risk",Digital Workbook,55.1,,In Progress,,2.0,3,3.0,2025-02-19,
60458,Lakeside Medical Center,M2,Trauma-Informed Care & Communication,Digital Workbook,68.2,68.5,Completed,19,3.5,2,5.8,2025-01-29,2025-02-17
60458,Lakeside Medical Center,M2,De-escalation Micro-Skills for Acute Distress,Gamified Microlearning,51.0,63.4,Completed,2,4.4,2,0.9,2025-11-06,2025-11-08
60458,Lakeside Medical Center,M2,Empathic Communication Quick Course,Gamified Microlearning,60.5,79.4,Completed,5,4.7,3,1.5,2025-11-14,2025-11-19
60458,Lakeside Medical Center,M2,Understanding Implicit Bias in Clinical Decision-Making,Digital Workbook,42.2,53.0,Completed,15,3.7,2,3.9,2025-10-07,2025-10-22
60458,Lakeside Medical Center,M2,Intro to Cognitive Behavioral Therapy for Primary Care,Teacher-Led Virtual,56.0,74.8,Completed,8,4.4,1,3.8,2025-02-09,2025-02-17
60458,Lakeside Medical Center,M2,Physician Wellness & Burnout Prevention,Teacher-Led Virtual,57.3,73.5,Completed,19,4.2,2,4.1,2025-08-16,2025-09-04
60459,Lakeside Medical Center,M1,Psychiatric Interviewing & Mental Status Examination,Digital Workbook,71.5,,In Progress,,2.2,3,3.1,2025-07-07,
60459,Lakeside Medical Center,M1,"Recognizing Depression, Anxiety & Suicide Risk",Digital Workbook,67.9,81.0,Completed,29,2.7,2,5.8,2025-01-18,2025-02-16
60459,Lakeside Medical Center,M1,Trauma-Informed Care & Communication,Digital Workbook,32.4,,In Progress,,2.9,1,3.0,2025-11-12,
60459,Lakeside Medical Center,M1,De-escalation Micro-Skills for Acute Distress,Gamified Microlearning,81.8,93.8,Completed,1,4.8,2,1.1,2025-05-26,2025-05-27
60459,Lakeside Medical Center,M1,Empathic Communication Quick Course,Gamified Microlearning,76.1,97.6,Completed,3,4.2,2,1.4,2025-06-24,2025-06-27
60459,Lakeside Medical Center,M1,Understanding Implicit Bias in Clinical Decision-Making,Digital Workbook,54.3,71.4,Completed,18,4.5,1,3.7,2025-08-13,2025-08-31
60459,Lakeside Medical Center,M1,Motivational Interviewing Workshop,Blended,68.5,91.3,Completed,10,4.2,2,2.4,2025-09-03,2025-09-13
60459,Lakeside Medical Center,M1,Peer Mentorship & Clinical Team Communication,Blended,59.5,87.6,Completed,20,4.2,1,7.2,2025-05-18,2025-06-07
60460,Meridian Main Campus,M4,Psychiatric Interviewing & Mental Status Examination,Digital Workbook,64.2,67.2,Completed,17,3.1,2,6.6,2025-02-27,2025-03-16
60460,Meridian Main Campus,M4,"Recognizing Depression, Anxiety & Suicide Risk",Digital Workbook,41.2,,Not Started,,,0,0.0,2025-01-12,
60460,Meridian Main Campus,M4,Trauma-Informed Care & Communication,Digital Workbook,50.8,53.0,Completed,14,2.8,3,4.0,2025-08-31,2025-09-14
60460,Meridian Main Campus,M4,De-escalation Micro-Skills for Acute Distress,Gamified Microlearning,62.5,76.2,Completed,1,4.8,1,1.2,2025-01-14,2025-01-15
60460,Meridian Main Campus,M4,Empathic Communication Quick Course,Gamified Microlearning,57.1,71.8,Completed,5,4.3,1,1.5,2025-04-04,2025-04-09
60460,Meridian Main Campus,M4,Peer Mentorship & Clinical Team Communication,Blended,36.2,47.2,Completed,5,4.4,2,7.0,2025-05-21,2025-05-26
60460,Meridian Main Campus,M4,Physician Wellness & Burnout Prevention,Teacher-Led Virtual,59.4,64.6,Completed,10,4.5,1,4.4,2025-10-30,2025-11-09
60461,Community Health Institute,M2,Psychiatric Interviewing & Mental Status Examination,Digital Workbook,50.7,51.3,Completed,11,3.1,2,5.2,2025-08-16,2025-08-27
60461,Community Health Institute,M2,"Recognizing Depression, Anxiety & Suicide Risk",Digital Workbook,50.2,,Dropped,,1.0,4,1.0,2025-03-16,
60461,Community Health Institute,M2,Trauma-Informed Care & Communication,Digital Workbook,53.4,57.0,Completed,16,3.1,2,5.7,2025-03-12,2025-03-28
60461,Community Health Institute,M2,De-escalation Micro-Skills for Acute Distress,Gamified Microlearning,53.3,68.9,Completed,3,4.3,3,1.2,2025-03-19,2025-03-22
60461,Community Health Institute,M2,Empathic Communication Quick Course,Gamified Microlearning,42.0,60.4,Completed,5,4.8,2,1.5,2025-05-27,2025-06-01
60461,Community Health Institute,M2,Peer Mentorship & Clinical Team Communication,Blended,50.6,62.7,Completed,17,4.5,3,5.3,2025-03-22,2025-04-08
60461,Community Health Institute,M2,Physician Wellness & Burnout Prevention,Teacher-Led Virtual,49.5,59.3,Completed,9,3.5,2,3.9,2025-06-02,2025-06-11
60461,Community Health Institute,M2,Understanding Implicit Bias in Clinical Decision-Making,Digital Workbook,43.9,56.7,Completed,11,3.2,2,3.3,2025-10-01,2025-10-12
60462,Riverside Teaching Hospital,M2,Psychiatric Interviewing & Mental Status Examination,Digital Workbook,85.5,,Not Started,,,0,0.0,2025-07-07,
60462,Riverside Teaching Hospital,M2,"Recognizing Depression, Anxiety & Suicide Risk",Digital Workbook,57.5,65.7,Completed,11,3.2,2,5.1,2025-10-05,2025-10-16
60462,Riverside Teaching Hospital,M2,Trauma-Informed Care & Communication,Digital Workbook,53.9,,Not Started,,,0,0.0,2025-08-09,
60462,Riverside Teaching Hospital,M2,De-escalation Micro-Skills for Acute Distress,Gamified Microlearning,52.7,66.1,Completed,3,4.4,1,1.3,2025-11-14,2025-11-17
60462,Riverside Teaching Hospital,M2,Empathic Communication Quick Course,Gamified Microlearning,66.9,85.9,Completed,5,4.4,1,1.9,2025-03-17,2025-03-22
60462,Riverside Teaching Hospital,M2,Intro to Cognitive Behavioral Therapy for Primary Care,Teacher-Led Virtual,64.1,82.5,Completed,16,4.5,2,3.8,2025-03-03,2025-03-19
60462,Riverside Teaching Hospital,M2,Peer Mentorship & Clinical Team Communication,Blended,60.0,,Not Started,,,0,0.0,2025-08-18,
60463,University Health Partners,M1,Psychiatric Interviewing & Mental Status Examination,Digital Workbook,62.7,76.6,Completed,28,3.0,2,6.2,2025-05-16,2025-06-13
60463,University Health Partners,M1,"Recognizing Depression, Anxiety & Suicide Risk",Digital Workbook,54.3,58.8,Completed,17,3.8,2,6.3,2025-03-05,2025-03-22
60463,University Health Partners,M1,Trauma-Informed Care & Communication,Digital Workbook,71.1,71.7,Completed,13,3.0,1,4.5,2025-02-16,2025-03-01
60463,University Health Partners,M1,De-escalation Micro-Skills for Acute Distress,Gamified Microlearning,47.4,68.5,Completed,1,4.7,1,1.1,2025-07-24,2025-07-25
60463,University Health Partners,M1,Empathic Communication Quick Course,Gamified Microlearning,78.6,100.0,Completed,6,4.4,2,1.4,2025-01-25,2025-01-31
60463,University Health Partners,M1,Motivational Interviewing Workshop,Blended,51.1,70.0,Completed,13,4.7,2,3.1,2025-01-06,2025-01-19
60464,Community Health Institute,M1,Psychiatric Interviewing & Mental Status Examination,Digital Workbook,73.0,86.6,Completed,15,3.4,2,5.4,2025-02-07,2025-02-22
60464,Community Health Institute,M1,"Recognizing Depression, Anxiety & Suicide Risk",Digital Workbook,70.2,,Not Started,,,0,0.0,2025-01-11,
60464,Community Health Institute,M1,Trauma-Informed Care & Communication,Digital Workbook,64.5,70.7,Completed,14,2.8,2,4.3,2025-09-23,2025-10-07
60464,Community Health Institute,M1,De-escalation Micro-Skills for Acute Distress,Gamified Microlearning,56.7,73.7,Completed,2,4.3,2,0.9,2025-01-20,2025-01-22
60464,Community Health Institute,M1,Empathic Communication Quick Course,Gamified Microlearning,66.5,85.9,Completed,3,4.4,1,1.8,2025-11-07,2025-11-10
60464,Community Health Institute,M1,Physician Wellness & Burnout Prevention,Teacher-Led Virtual,63.6,76.6,Completed,24,3.9,1,3.8,2025-02-13,2025-03-09
60464,Community Health Institute,M1,Peer Mentorship & Clinical Team Communication,Blended,44.8,62.0,Completed,23,4.4,2,7.1,2025-04-04,2025-04-27
60464,Community Health Institute,M1,Understanding Implicit Bias in Clinical Decision-Making,Digital Workbook,57.2,68.5,Completed,9,3.9,1,3.8,2025-08-09,2025-08-18
60465,Lakeside Medical Center,M2,Psychiatric Interviewing & Mental Status Examination,Digital Workbook,56.7,,In Progress,,1.9,3,1.5,2025-09-27,
60465,Lakeside Medical Center,M2,"Recognizing Depression, Anxiety & Suicide Risk",Digital Workbook,82.4,89.9,Completed,13,4.0,1,5.5,2025-07-16,2025-07-29
60465,Lakeside Medical Center,M2,Trauma-Informed Care & Communication,Digital Workbook,50.3,51.4,Completed,12,3.1,3,5.1,2025-01-25,2025-02-06
60465,Lakeside Medical Center,M2,De-escalation Micro-Skills for Acute Distress,Gamified Microlearning,58.8,80.3,Completed,1,4.2,1,1.2,2025-01-06,2025-01-07
60465,Lakeside Medical Center,M2,Empathic Communication Quick Course,Gamified Microlearning,59.3,84.1,Completed,1,4.6,1,1.5,2025-02-18,2025-02-19
60465,Lakeside Medical Center,M2,Understanding Implicit Bias in Clinical Decision-Making,Digital Workbook,54.8,81.6,Completed,7,4.1,1,3.0,2025-07-17,2025-07-24
60465,Lakeside Medical Center,M2,Intro to Cognitive Behavioral Therapy for Primary Care,Teacher-Led Virtual,72.3,90.0,Completed,11,3.9,1,3.2,2025-01-08,2025-01-19
60465,Lakeside Medical Center,M2,Motivational Interviewing Workshop,Blended,62.6,80.0,Completed,7,4.1,1,2.5,2025-02-04,2025-02-11
60466,Lakeside Medical Center,M2,Psychiatric Interviewing & Mental Status Examination,Digital Workbook,63.3,79.3,Completed,27,3.4,1,5.8,2025-08-30,2025-09-26
60466,Lakeside Medical Center,M2,"Recognizing Depression, Anxiety & Suicide Risk",Digital Workbook,69.0,83.3,Completed,22,2.9,1,6.2,2025-04-23,2025-05-15
60466,Lakeside Medical Center,M2,Trauma-Informed Care & Communication,Digital Workbook,65.3,76.9,Completed,23,3.7,1,4.9,2025-08-18,2025-09-10
60466,Lakeside Medical Center,M2,De-escalation Micro-Skills for Acute Distress,Gamified Microlearning,65.2,86.5,Completed,3,5.0,2,1.1,2025-06-30,2025-07-03
60466,Lakeside Medical Center,M2,Empathic Communication Quick Course,Gamified Microlearning,51.8,63.3,Completed,3,5.0,1,1.8,2025-04-01,2025-04-04
60466,Lakeside Medical Center,M2,Motivational Interviewing Workshop,Blended,60.5,78.3,Completed,4,4.2,1,2.6,2025-08-13,2025-08-17
60466,Lakeside Medical Center,M2,Understanding Implicit Bias in Clinical Decision-Making,Digital Workbook,59.8,77.7,Completed,13,4.1,2,2.6,2025-10-25,2025-11-07
60467,Lakeside Medical Center,M4,Psychiatric Interviewing & Mental Status Examination,Digital Workbook,73.2,86.2,Completed,26,3.6,3,6.0,2025-08-24,2025-09-19
60467,Lakeside Medical Center,M4,"Recognizing Depression, Anxiety & Suicide Risk",Digital Workbook,84.5,,In Progress,,2.8,1,3.5,2025-04-11,
60467,Lakeside Medical Center,M4,Trauma-Informed Care & Communication,Digital Workbook,86.3,97.1,Completed,1,2.3,1,3.9,2025-05-28,2025-05-29
60467,Lakeside Medical Center,M4,De-escalation Micro-Skills for Acute Distress,Gamified Microlearning,55.1,79.7,Completed,3,4.0,1,1.0,2025-06-02,2025-06-05
60467,Lakeside Medical Center,M4,Empathic Communication Quick Course,Gamified Microlearning,72.3,89.8,Completed,4,4.5,1,1.7,2025-09-09,2025-09-13
60467,Lakeside Medical Center,M4,Understanding Implicit Bias in Clinical Decision-Making,Digital Workbook,89.0,100.0,Completed,6,4.4,2,3.2,2025-04-08,2025-04-14
60468,Community Health Institute,M2,Psychiatric Interviewing & Mental Status Examination,Digital Workbook,57.3,64.8,Completed,17,2.5,2,6.3,2025-02-06,2025-02-23
60468,Community Health Institute,M2,"Recognizing Depression, Anxiety & Suicide Risk",Digital Workbook,59.1,60.7,Completed,25,3.4,2,6.2,2025-05-30,2025-06-24
60468,Community Health Institute,M2,Trauma-Informed Care & Communication,Digital Workbook,52.5,60.5,Completed,22,3.3,2,4.1,2025-01-25,2025-02-16
60468,Community Health Institute,M2,De-escalation Micro-Skills for Acute Distress,Gamified Microlearning,70.7,93.2,Completed,1,4.4,2,1.1,2025-06-14,2025-06-15
60468,Community Health Institute,M2,Empathic Communication Quick Course,Gamified Microlearning,69.8,90.6,Completed,8,4.3,1,1.4,2025-04-19,2025-04-27
60468,Community Health Institute,M2,Peer Mentorship & Clinical Team Communication,Blended,88.8,,In Progress,,3.2,2,2.4,2025-04-09,
60468,Community Health Institute,M2,Physician Wellness & Burnout Prevention,Teacher-Led Virtual,75.1,97.7,Completed,16,4.1,1,4.8,2025-10-18,2025-11-03
60469,Community Health Institute,M2,Psychiatric Interviewing & Mental Status Examination,Digital Workbook,73.9,,In Progress,,2.7,2,2.3,2025-04-12,
60469,Community Health Institute,M2,"Recognizing Depression, Anxiety & Suicide Risk",Digital Workbook,52.8,,In Progress,,2.7,2,3.1,2025-03-26,
60469,Community Health Institute,M2,Trauma-Informed Care & Communication,Digital Workbook,78.9,82.2,Completed,12,3.6,2,3.9,2025-05-11,2025-05-23
60469,Community Health Institute,M2,De-escalation Micro-Skills for Acute Distress,Gamified Microlearning,68.6,95.9,Completed,3,4.6,1,1.0,2025-05-22,2025-05-25
60469,Community Health Institute,M2,Empathic Communication Quick Course,Gamified Microlearning,52.6,78.4,Completed,6,5.0,2,1.7,2025-05-15,2025-05-21
60469,Community Health Institute,M2,Understanding Implicit Bias in Clinical Decision-Making,Digital Workbook,58.3,72.5,Completed,2,4.0,1,3.6,2025-03-19,2025-03-21
60469,Community Health Institute,M2,Peer Mentorship & Clinical Team Communication,Blended,52.8,71.1,Completed,21,4.7,2,6.8,2025-08-28,2025-09-18
60469,Community Health Institute,M2,Motivational Interviewing Workshop,Blended,58.7,73.3,Completed,10,4.6,2,3.1,2025-03-26,2025-04-05
60470,Riverside Teaching Hospital,M4,Psychiatric Interviewing & Mental Status Examination,Digital Workbook,57.2,68.2,Completed,6,3.0,2,5.9,2025-07-27,2025-08-02
60470,Riverside Teaching Hospital,M4,"Recognizing Depression, Anxiety & Suicide Risk",Digital Workbook,52.4,65.3,Completed,6,3.5,1,6.9,2025-02-11,2025-02-17
60470,Riverside Teaching Hospital,M4,Trauma-Informed Care & Communication,Digital Workbook,57.6,,In Progress,,2.7,2,1.3,2025-03-29,
60470,Riverside Teaching Hospital,M4,De-escalation Micro-Skills for Acute Distress,Gamified Microlearning,63.4,83.8,Completed,2,4.9,1,1.3,2025-04-04,2025-04-06
60470,Riverside Teaching Hospital,M4,Empathic Communication Quick Course,Gamified Microlearning,63.0,84.8,Completed,4,5.0,1,1.6,2025-10-13,2025-10-17
60470,Riverside Teaching Hospital,M4,Peer Mentorship & Clinical Team Communication,Blended,56.7,,Dropped,,3.3,2,1.5,2025-09-27,
60470,Riverside Teaching Hospital,M4,Understanding Implicit Bias in Clinical Decision-Making,Digital Workbook,49.5,57.7,Completed,9,3.4,1,2.8,2025-01-07,2025-01-16
60471,Riverside Teaching Hospital,M2,Psychiatric Interviewing & Mental Status Examination,Digital Workbook,59.0,63.4,Completed,17,3.6,3,6.0,2025-03-11,2025-03-28
60471,Riverside Teaching Hospital,M2,"Recognizing Depression, Anxiety & Suicide Risk",Digital Workbook,58.6,72.7,Completed,17,3.3,2,5.5,2025-02-24,2025-03-13
60471,Riverside Teaching Hospital,M2,Trauma-Informed Care & Communication,Digital Workbook,74.1,83.7,Completed,12,3.2,2,5.1,2025-10-31,2025-11-12
60471,Riverside Teaching Hospital,M2,De-escalation Micro-Skills for Acute Distress,Gamified Microlearning,57.0,80.8,Completed,4,4.4,2,1.1,2025-09-28,2025-10-02
60471,Riverside Teaching Hospital,M2,Empathic Communication Quick Course,Gamified Microlearning,63.8,77.1,Completed,2,4.7,2,1.9,2025-01-11,2025-01-13
60471,Riverside Teaching Hospital,M2,Intro to Cognitive Behavioral Therapy for Primary Care,Teacher-Led Virtual,57.3,62.2,Completed,5,3.7,1,3.8,2025-10-08,2025-10-13
60471,Riverside Teaching Hospital,M2,Motivational Interviewing Workshop,Blended,49.9,67.8,Completed,8,4.6,2,2.4,2025-02-13,2025-02-21
60472,University Health Partners,M4,Psychiatric Interviewing & Mental Status Examination,Digital Workbook,30.7,,In Progress,,2.4,3,1.8,2025-09-22,
60472,University Health Partners,M4,"Recognizing Depression, Anxiety & Suicide Risk",Digital Workbook,61.5,,Not Started,,,0,0.0,2025-06-02,
60472,University Health Partners,M4,Trauma-Informed Care & Communication,Digital Workbook,44.5,,In Progress,,3.0,3,2.4,2025-05-26,
60472,University Health Partners,M4,De-escalation Micro-Skills for Acute Distress,Gamified Microlearning,37.3,47.9,Completed,2,4.6,1,1.2,2025-10-15,2025-10-17
60472,University Health Partners,M4,Empathic Communication Quick Course,Gamified Microlearning,20.0,34.5,Completed,3,4.9,1,1.7,2025-07-26,2025-07-29
60472,University Health Partners,M4,Motivational Interviewing Workshop,Blended,30.3,40.4,Completed,16,4.2,2,2.9,2025-10-24,2025-11-09
60472,University Health Partners,M4,Peer Mentorship & Clinical Team Communication,Blended,44.0,49.1,Completed,39,4.1,2,6.7,2025-04-25,2025-06-03
60473,University Health Partners,M4,Psychiatric Interviewing & Mental Status Examination,Digital Workbook,49.7,,Not Started,,,0,0.0,2025-05-27,
60473,University Health Partners,M4,"Recognizing Depression, Anxiety & Suicide Risk",Digital Workbook,62.8,65.0,Completed,30,3.4,1,6.1,2025-05-03,2025-06-02
60473,University Health Partners,M4,Trauma-Informed Care & Communication,Digital Workbook,58.6,70.6,Completed,11,2.9,2,5.2,2025-02-11,2025-02-22
60473,University Health Partners,M4,De-escalation Micro-Skills for Acute Distress,Gamified Microlearning,56.7,71.6,Completed,3,3.9,1,0.9,2025-05-18,2025-05-21
60473,University Health Partners,M4,Empathic Communication Quick Course,Gamified Microlearning,55.8,70.5,Completed,3,4.8,1,1.4,2025-04-19,2025-04-22
60473,University Health Partners,M4,Motivational Interviewing Workshop,Blended,49.1,63.7,Completed,7,3.9,2,2.3,2025-05-10,2025-05-17
60474,Meridian Main Campus,M1,Psychiatric Interviewing & Mental Status Examination,Digital Workbook,40.6,46.3,Completed,18,3.8,2,5.5,2025-04-10,2025-04-28
60474,Meridian Main Campus,M1,"Recognizing Depression, Anxiety & Suicide Risk",Digital Workbook,52.5,50.5,Completed,28,3.1,1,7.0,2025-05-07,2025-06-04
60474,Meridian Main Campus,M1,Trauma-Informed Care & Communication,Digital Workbook,41.5,,Not Started,,,0,0.0,2025-09-23,
60474,Meridian Main Campus,M1,De-escalation Micro-Skills for Acute Distress,Gamified Microlearning,62.5,81.1,Completed,1,4.1,1,1.1,2025-05-23,2025-05-24
60474,Meridian Main Campus,M1,Empathic Communication Quick Course,Gamified Microlearning,61.8,82.8,Completed,5,4.6,2,1.9,2025-07-03,2025-07-08
60474,Meridian Main Campus,M1,Physician Wellness & Burnout Prevention,Teacher-Led Virtual,68.8,,Dropped,,2.6,2,0.9,2025-05-13,
60475,University Health Partners,M2,Psychiatric Interviewing & Mental Status Examination,Digital Workbook,61.6,70.9,Completed,20,3.4,3,5.4,2025-04-12,2025-05-02
60475,University Health Partners,M2,"Recognizing Depression, Anxiety & Suicide Risk",Digital Workbook,53.3,60.9,Completed,22,2.9,2,6.3,2025-01-13,2025-02-04
60475,University Health Partners,M2,Trauma-Informed Care & Communication,Digital Workbook,63.8,71.7,Completed,7,3.3,1,4.1,2025-06-27,2025-07-04
60475,University Health Partners,M2,De-escalation Micro-Skills for Acute Distress,Gamified Microlearning,42.2,55.1,Completed,2,5.0,2,1.0,2025-11-16,2025-11-18
60475,University Health Partners,M2,Empathic Communication Quick Course,Gamified Microlearning,46.0,64.8,Completed,6,4.5,2,1.7,2025-09-21,2025-09-27
60475,University Health Partners,M2,Physician Wellness & Burnout Prevention,Teacher-Led Virtual,55.4,67.6,Completed,8,4.4,1,4.5,2025-04-30,2025-05-08
60475,University Health Partners,M2,Peer Mentorship & Clinical Team Communication,Blended,59.2,85.5,Completed,19,4.0,3,6.7,2025-02-06,2025-02-25
60476,Community Health Institute,M3,Psychiatric Interviewing & Mental Status Examination,Digital Workbook,47.3,45.7,Completed,15,3.0,1,5.6,2025-10-10,2025-10-25
60476,Community Health Institute,M3,"Recognizing Depression, Anxiety & Suicide Risk",Digital Workbook,45.4,50.8,Completed,20,3.0,2,6.4,2025-02-28,2025-03-20
60476,Community Health Institute,M3,Trauma-Informed Care & Communication,Digital Workbook,58.0,66.0,Completed,17,2.8,3,4.9,2025-11-09,2025-11-26
60476,Community Health Institute,M3,De-escalation Micro-Skills for Acute Distress,Gamified Microlearning,63.7,83.0,Completed,4,4.2,1,0.9,2025-01-14,2025-01-18
60476,Community Health Institute,M3,Empathic Communication Quick Course,Gamified Microlearning,39.8,53.2,Completed,2,3.7,2,1.6,2025-11-04,2025-11-06
60476,Community Health Institute,M3,Understanding Implicit Bias in Clinical Decision-Making,Digital Workbook,47.7,59.3,Completed,10,3.9,1,2.9,2025-02-26,2025-03-08
60476,Community Health Institute,M3,Intro to Cognitive Behavioral Therapy for Primary Care,Teacher-Led Virtual,37.6,48.0,Completed,7,3.9,2,3.9,2025-09-30,2025-10-07
60477,Lakeside Medical Center,M1,Psychiatric Interviewing & Mental Status Examination,Digital Workbook,42.2,,In Progress,,2.6,2,3.8,2025-06-12,
60477,Lakeside Medical Center,M1,"Recognizing Depression, Anxiety & Suicide Risk",Digital Workbook,55.7,,Not Started,,,0,0.0,2025-01-13,
60477,Lakeside Medical Center,M1,Trauma-Informed Care & Communication,Digital Workbook,57.8,66.8,Completed,16,3.4,2,5.1,2025-11-17,2025-12-03
60477,Lakeside Medical Center,M1,De-escalation Micro-Skills for Acute Distress,Gamified Microlearning,50.9,64.7,Completed,1,4.6,1,1.2,2025-03-03,2025-03-04
60477,Lakeside Medical Center,M1,Empathic Communication Quick Course,Gamified Microlearning,53.2,75.9,Completed,5,4.0,1,1.8,2025-08-17,2025-08-22
60477,Lakeside Medical Center,M1,Intro to Cognitive Behavioral Therapy for Primary Care,Teacher-Led Virtual,39.0,50.2,Completed,6,3.9,1,3.6,2025-11-10,2025-11-16
60478,Meridian Main Campus,M2,Psychiatric Interviewing & Mental Status Examination,Digital Workbook,73.9,,Dropped,,2.0,3,0.4,2025-01-30,
60478,Meridian Main Campus,M2,"Recognizing Depression, Anxiety & Suicide Risk",Digital Workbook,54.6,,In Progress,,3.0,1,3.5,2025-07-08,
60478,Meridian Main Campus,M2,Trauma-Informed Care & Communication,Digital Workbook,58.8,,Dropped,,1.8,2,1.3,2025-11-13,
60478,Meridian Main Campus,M2,De-escalation Micro-Skills for Acute Distress,Gamified Microlearning,57.3,83.4,Completed,2,4.3,1,1.3,2025-06-21,2025-06-23
60478,Meridian Main Campus,M2,Empathic Communication Quick Course,Gamified Microlearning,81.0,94.0,Completed,3,4.4,1,1.8,2025-06-09,2025-06-12
60478,Meridian Main Campus,M2,Understanding Implicit Bias in Clinical Decision-Making,Digital Workbook,64.7,75.8,Completed,9,4.0,1,3.5,2025-08-15,2025-08-24
60478,Meridian Main Campus,M2,Intro to Cognitive Behavioral Therapy for Primary Care,Teacher-Led Virtual,46.7,62.0,Completed,7,4.2,2,2.8,2025-09-08,2025-09-15
60479,Riverside Teaching Hospital,M1,Psychiatric Interviewing & Mental Status Examination,Digital Workbook,53.0,64.0,Completed,27,3.0,2,6.6,2025-03-13,2025-04-09
60479,Riverside Teaching Hospital,M1,"Recognizing Depression, Anxiety & Suicide Risk",Digital Workbook,50.4,58.1,Completed,22,3.4,1,6.8,2025-10-20,2025-11-11
60479,Riverside Teaching Hospital,M1,Trauma-Informed Care & Communication,Digital Workbook,54.0,64.6,Completed,16,3.4,2,5.6,2025-08-03,2025-08-19
60479,Riverside Teaching Hospital,M1,De-escalation Micro-Skills for Acute Distress,Gamified Microlearning,63.1,80.2,Completed,2,4.2,3,1.0,2025-01-16,2025-01-18
60479,Riverside Teaching Hospital,M1,Empathic Communication Quick Course,Gamified Microlearning,65.9,,Not Started,,,0,0.0,2025-05-21,
60479,Riverside Teaching Hospital,M1,Intro to Cognitive Behavioral Therapy for Primary Care,Teacher-Led Virtual,49.1,74.9,Completed,9,3.8,1,3.4,2025-07-13,2025-07-22
60479,Riverside Teaching Hospital,M1,Understanding Implicit Bias in Clinical Decision-Making,Digital Workbook,53.1,63.1,Completed,10,4.1,1,3.7,2025-06-22,2025-07-02
60479,Riverside Teaching Hospital,M1,Peer Mentorship & Clinical Team Communication,Blended,70.0,89.9,Completed,8,4.0,2,6.1,2025-06-26,2025-07-04
60480,University Health Partners,M2,Psychiatric Interviewing & Mental Status Examination,Digital Workbook,88.1,,In Progress,,2.2,2,1.7,2025-08-10,
60480,University Health Partners,M2,"Recognizing Depression, Anxiety & Suicide Risk",Digital Workbook,70.7,79.4,Completed,23,3.3,3,6.8,2025-03-01,2025-03-24
60480,University Health Partners,M2,Trauma-Informed Care & Communication,Digital Workbook,62.2,,Not Started,,,0,0.0,2025-05-16,
60480,University Health Partners,M2,De-escalation Micro-Skills for Acute Distress,Gamified Microlearning,42.9,63.9,Completed,3,4.2,1,1.0,2025-09-10,2025-09-13
60480,University Health Partners,M2,Empathic Communication Quick Course,Gamified Microlearning,68.4,94.1,Completed,6,4.4,1,1.8,2025-08-29,2025-09-04
60480,University Health Partners,M2,Peer Mentorship & Clinical Team Communication,Blended,54.9,70.8,Completed,14,4.1,2,7.3,2025-05-18,2025-06-01
60480,University Health Partners,M2,Physician Wellness & Burnout Prevention,Teacher-Led Virtual,57.4,79.7,Completed,11,4.2,1,4.5,2025-11-12,2025-11-23
60480,University Health Partners,M2,Understanding Implicit Bias in Clinical Decision-Making,Digital Workbook,59.5,69.5,Completed,7,3.8,1,3.1,2025-08-17,2025-08-24
60481,Riverside Teaching Hospital,M2,Psychiatric Interviewing & Mental Status Examination,Digital Workbook,35.7,33.7,Completed,23,3.3,2,6.4,2025-10-27,2025-11-19
60481,Riverside Teaching Hospital,M2,"Recognizing Depression, Anxiety & Suicide Risk",Digital Workbook,65.7,,In Progress,,2.8,2,3.7,2025-02-06,
60481,Riverside Teaching Hospital,M2,Trauma-Informed Care & Communication,Digital Workbook,41.8,37.2,Completed,21,2.7,1,5.3,2025-08-03,2025-08-24
60481,Riverside Teaching Hospital,M2,De-escalation Micro-Skills for Acute Distress,Gamified Microlearning,47.1,58.6,Completed,5,5.0,2,0.9,2025-08-23,2025-08-28
60481,Riverside Teaching Hospital,M2,Empathic Communication Quick Course,Gamified Microlearning,50.9,69.5,Completed,1,4.4,3,1.5,2025-08-19,2025-08-20
60481,Riverside Teaching Hospital,M2,Peer Mentorship & Clinical Team Communication,Blended,74.7,,Not Started,,,0,0.0,2025-06-07,
60482,Riverside Teaching Hospital,M3,Psychiatric Interviewing & Mental Status Examination,Digital Workbook,61.7,74.9,Completed,26,4.0,2,7.4,2025-08-02,2025-08-28
60482,Riverside Teaching Hospital,M3,"Recognizing Depression, Anxiety & Suicide Risk",Digital Workbook,65.7,73.5,Completed,17,3.0,2,5.7,2025-10-25,2025-11-11
60482,Riverside Teaching Hospital,M3,Trauma-Informed Care & Communication,Digital Workbook,70.6,81.0,Completed,18,2.9,1,5.4,2025-11-19,2025-12-07
60482,Riverside Teaching Hospital,M3,De-escalation Micro-Skills for Acute Distress,Gamified Microlearning,67.7,83.4,Completed,4,4.5,1,1.1,2025-07-02,2025-07-06
60482,Riverside Teaching Hospital,M3,Empathic Communication Quick Course,Gamified Microlearning,56.1,81.9,Completed,4,4.5,1,1.3,2025-03-02,2025-03-06
60482,Riverside Teaching Hospital,M3,Physician Wellness & Burnout Prevention,Teacher-Led Virtual,68.5,85.5,Completed,10,4.0,2,4.5,2025-11-08,2025-11-18
60483,Lakeside Medical Center,M1,Psychiatric Interviewing & Mental Status Examination,Digital Workbook,49.8,,Not Started,,,0,0.0,2025-10-28,
60483,Lakeside Medical Center,M1,"Recognizing Depression, Anxiety & Suicide Risk",Digital Workbook,47.1,43.3,Completed,20,3.4,2,5.7,2025-11-18,2025-12-08
60483,Lakeside Medical Center,M1,Trauma-Informed Care & Communication,Digital Workbook,42.3,44.0,Completed,9,3.3,3,4.8,2025-07-10,2025-07-19
60483,Lakeside Medical Center,M1,De-escalation Micro-Skills for Acute Distress,Gamified Microlearning,75.9,91.2,Completed,3,4.0,2,1.3,2025-04-30,2025-05-03
60483,Lakeside Medical Center,M1,Empathic Communication Quick Course,Gamified Microlearning,36.2,44.9,Completed,5,4.4,1,1.4,2025-03-03,2025-03-08
60483,Lakeside Medical Center,M1,Intro to Cognitive Behavioral Therapy for Primary Care,Teacher-Led Virtual,59.9,67.1,Completed,8,4.4,1,3.5,2025-10-06,2025-10-14
60483,Lakeside Medical Center,M1,Physician Wellness & Burnout Prevention,Teacher-Led Virtual,33.7,39.4,Completed,14,4.4,2,4.3,2025-04-25,2025-05-09
60484,Lakeside Medical Center,M4,Psychiatric Interviewing & Mental Status Examination,Digital Workbook,54.3,53.6,Completed,23,2.6,2,7.7,2025-05-10,2025-06-02
60484,Lakeside Medical Center,M4,"Recognizing Depression, Anxiety & Suicide Risk",Digital Workbook,53.6,53.9,Completed,14,3.1,1,5.0,2025-10-07,2025-10-21
60484,Lakeside Medical Center,M4,Trauma-Informed Care & Communication,Digital Workbook,42.2,50.2,Completed,7,3.4,1,4.4,2025-09-04,2025-09-11
60484,Lakeside Medical Center,M4,De-escalation Micro-Skills for Acute Distress,Gamified Microlearning,54.6,71.0,Completed,2,3.9,3,0.9,2025-08-21,2025-08-23
60484,Lakeside Medical Center,M4,Empathic Communication Quick Course,Gamified Microlearning,41.8,52.3,Completed,4,5.0,1,1.8,2025-02-01,2025-02-05
60484,Lakeside Medical Center,M4,Intro to Cognitive Behavioral Therapy for Primary Care,Teacher-Led Virtual,58.5,65.8,Completed,8,3.9,3,3.0,2025-07-21,2025-07-29
60484,Lakeside Medical Center,M4,Peer Mentorship & Clinical Team Communication,Blended,51.9,65.3,Completed,23,4.7,1,6.6,2025-07-04,2025-07-27
60485,Lakeside Medical Center,M1,Psychiatric Interviewing & Mental Status Examination,Digital Workbook,79.0,86.6,Completed,20,3.2,2,6.4,2025-11-19,2025-12-09
60485,Lakeside Medical Center,M1,"Recognizing Depression, Anxiety & Suicide Risk",Digital Workbook,75.3,,Not Started,,,0,0.0,2025-04-08,
60485,Lakeside Medical Center,M1,Trauma-Informed Care & Communication,Digital Workbook,65.4,,Dropped,,2.1,2,1.4,2025-01-18,
60485,Lakeside Medical Center,M1,De-escalation Micro-Skills for Acute Distress,Gamified Microlearning,57.7,76.5,Completed,4,3.6,1,1.2,2025-06-08,2025-06-12
60485,Lakeside Medical Center,M1,Empathic Communication Quick Course,Gamified Microlearning,71.6,89.5,Completed,7,4.6,2,1.4,2025-04-27,2025-05-04
60485,Lakeside Medical Center,M1,Intro to Cognitive Behavioral Therapy for Primary Care,Teacher-Led Virtual,78.8,95.6,Completed,4,3.8,1,3.9,2025-01-31,2025-02-04
60485,Lakeside Medical Center,M1,Motivational Interviewing Workshop,Blended,63.2,83.7,Completed,13,4.0,1,3.0,2025-06-17,2025-06-30
60486,Lakeside Medical Center,M4,Psychiatric Interviewing & Mental Status Examination,Digital Workbook,65.9,,Not Started,,,0,0.0,2025-06-27,
60486,Lakeside Medical Center,M4,"Recognizing Depression, Anxiety & Suicide Risk",Digital Workbook,66.5,,In Progress,,2.5,1,2.7,2025-01-13,
60486,Lakeside Medical Center,M4,Trauma-Informed Care & Communication,Digital Workbook,63.3,74.2,Completed,14,2.9,1,4.3,2025-10-08,2025-10-22
60486,Lakeside Medical Center,M4,De-escalation Micro-Skills for Acute Distress,Gamified Microlearning,71.9,80.0,Completed,3,4.2,1,1.1,2025-11-11,2025-11-14
60486,Lakeside Medical Center,M4,Empathic Communication Quick Course,Gamified Microlearning,74.2,92.1,Completed,6,4.3,1,1.3,2025-09-07,2025-09-13
60486,Lakeside Medical Center,M4,Physician Wellness & Burnout Prevention,Teacher-Led Virtual,54.5,64.2,Completed,10,3.5,2,5.1,2025-08-23,2025-09-02
60487,Lakeside Medical Center,M2,Psychiatric Interviewing & Mental Status Examination,Digital Workbook,64.8,,In Progress,,2.4,1,2.0,2025-04-28,
60487,Lakeside Medical Center,M2,"Recognizing Depression, Anxiety & Suicide Risk",Digital Workbook,61.9,63.4,Completed,22,3.6,3,5.4,2025-02-21,2025-03-15
60487,Lakeside Medical Center,M2,Trauma-Informed Care & Communication,Digital Workbook,69.0,77.0,Completed,9,2.9,1,5.0,2025-10-24,2025-11-02
60487,Lakeside Medical Center,M2,De-escalation Micro-Skills for Acute Distress,Gamified Microlearning,70.4,90.0,Completed,4,4.2,2,1.0,2025-09-14,2025-09-18
60487,Lakeside Medical Center,M2,Empathic Communication Quick Course,Gamified Microlearning,61.8,79.4,Completed,2,4.3,1,1.3,2025-08-02,2025-08-04
60487,Lakeside Medical Center,M2,Motivational Interviewing Workshop,Blended,79.6,100.0,Completed,8,4.3,1,3.2,2025-01-22,2025-01-30
60487,Lakeside Medical Center,M2,Intro to Cognitive Behavioral Therapy for Primary Care,Teacher-Led Virtual,64.7,88.3,Completed,13,4.2,1,3.4,2025-07-31,2025-08-13
60488,Community Health Institute,M2,Psychiatric Interviewing & Mental Status Examination,Digital Workbook,64.1,,Dropped,,2.1,2,1.2,2025-11-05,
60488,Community Health Institute,M2,"Recognizing Depression, Anxiety & Suicide Risk",Digital Workbook,65.3,74.5,Completed,22,2.9,2,4.7,2025-08-06,2025-08-28
60488,Community Health Institute,M2,Trauma-Informed Care & Communication,Digital Workbook,58.4,64.5,Completed,10,2.9,1,5.8,2025-03-09,2025-03-19
60488,Community Health Institute,M2,De-escalation Micro-Skills for Acute Distress,Gamified Microlearning,64.3,89.6,Completed,2,4.6,1,1.2,2025-05-14,2025-05-16
60488,Community Health Institute,M2,Empathic Communication Quick Course,Gamified Microlearning,60.5,79.1,Completed,4,4.8,1,1.5,2025-10-15,2025-10-19
60488,Community Health Institute,M2,Intro to Cognitive Behavioral Therapy for Primary Care,Teacher-Led Virtual,47.9,59.0,Completed,13,4.2,1,2.9,2025-01-22,2025-02-04
60488,Community Health Institute,M2,Motivational Interviewing Workshop,Blended,59.6,73.9,Completed,11,4.3,1,2.9,2025-11-08,2025-11-19
60489,Community Health Institute,M1,Psychiatric Interviewing & Mental Status Examination,Digital Workbook,45.0,,Dropped,,1.6,4,1.6,2025-01-27,
60489,Community Health Institute,M1,"Recognizing Depression, Anxiety & Suicide Risk",Digital Workbook,62.5,,In Progress,,3.3,2,1.9,2025-09-27,
60489,Community Health Institute,M1,Trauma-Informed Care & Communication,Digital Workbook,53.4,50.2,Completed,17,3.1,1,4.3,2025-01-17,2025-02-03
60489,Community Health Institute,M1,De-escalation Micro-Skills for Acute Distress,Gamified Microlearning,67.3,80.3,Completed,5,5.0,1,1.1,2025-02-03,2025-02-08
60489,Community Health Institute,M1,Empathic Communication Quick Course,Gamified Microlearning,53.9,80.6,Completed,4,4.7,1,1.7,2025-07-26,2025-07-30
60489,Community Health Institute,M1,Motivational Interviewing Workshop,Blended,42.9,65.0,Completed,13,4.4,2,2.7,2025-06-19,2025-07-02
60490,Meridian Main Campus,M3,Psychiatric Interviewing & Mental Status Examination,Digital Workbook,52.0,58.9,Completed,24,4.1,4,7.8,2025-04-17,2025-05-11
60490,Meridian Main Campus,M3,"Recognizing Depression, Anxiety & Suicide Risk",Digital Workbook,77.0,,Dropped,,1.9,1,1.6,2025-06-25,
60490,Meridian Main Campus,M3,Trauma-Informed Care & Communication,Digital Workbook,49.3,,In Progress,,3.1,2,2.4,2025-10-21,
60490,Meridian Main Campus,M3,De-escalation Micro-Skills for Acute Distress,Gamified Microlearning,49.8,65.6,Completed,2,4.4,1,1.0,2025-03-19,2025-03-21
60490,Meridian Main Campus,M3,Empathic Communication Quick Course,Gamified Microlearning,58.0,71.1,Completed,5,5.0,2,1.7,2025-03-02,2025-03-07
60490,Meridian Main Campus,M3,Peer Mentorship & Clinical Team Communication,Blended,65.7,77.0,Completed,19,3.8,2,7.7,2025-10-05,2025-10-24
60491,Lakeside Medical Center,M4,Psychiatric Interviewing & Mental Status Examination,Digital Workbook,57.1,,In Progress,,2.9,2,2.5,2025-07-07,
60491,Lakeside Medical Center,M4,"Recognizing Depression, Anxiety & Suicide Risk",Digital Workbook,60.4,,In Progress,,2.5,1,1.4,2025-06-25,
60491,Lakeside Medical Center,M4,Trauma-Informed Care & Communication,Digital Workbook,61.1,60.6,Completed,16,3.2,1,4.1,2025-10-28,2025-11-13
60491,Lakeside Medical Center,M4,De-escalation Micro-Skills for Acute Distress,Gamified Microlearning,61.9,88.7,Completed,3,4.5,1,0.9,2025-05-23,2025-05-26
60491,Lakeside Medical Center,M4,Empathic Communication Quick Course,Gamified Microlearning,51.3,68.3,Completed,7,4.7,1,1.9,2025-11-03,2025-11-10
60491,Lakeside Medical Center,M4,Understanding Implicit Bias in Clinical Decision-Making,Digital Workbook,63.6,86.6,Completed,6,3.9,2,3.7,2025-10-26,2025-11-01
60491,Lakeside Medical Center,M4,Motivational Interviewing Workshop,Blended,90.7,100.0,Completed,9,3.4,1,2.9,2025-10-27,2025-11-05
60491,Lakeside Medical Center,M4,Peer Mentorship & Clinical Team Communication,Blended,67.0,78.6,Completed,18,4.5,1,6.0,2025-09-27,2025-10-15
60492,University Health Partners,M4,Psychiatric Interviewing & Mental Status Examination,Digital Workbook,60.1,67.3,Completed,26,3.4,3,7.4,2025-10-19,2025-11-14
60492,University Health Partners,M4,"Recognizing Depression, Anxiety & Suicide Risk",Digital Workbook,57.6,,In Progress,,3.4,1,2.8,2025-07-09,
60492,University Health Partners,M4,Trauma-Informed Care & Communication,Digital Workbook,48.8,51.0,Completed,11,3.8,1,4.5,2025-09-10,2025-09-21
60492,University Health Partners,M4,De-escalation Micro-Skills for Acute Distress,Gamified Microlearning,60.1,76.8,Completed,3,4.4,2,1.2,2025-10-10,2025-10-13
60492,University Health Partners,M4,Empathic Communication Quick Course,Gamified Microlearning,41.2,64.6,Completed,6,4.3,1,1.7,2025-09-14,2025-09-20
60492,University Health Partners,M4,Motivational Interviewing Workshop,Blended,58.5,79.8,Completed,9,4.3,1,2.6,2025-05-07,2025-05-16
60493,Riverside Teaching Hospital,M1,Psychiatric Interviewing & Mental Status Examination,Digital Workbook,62.6,73.8,Completed,18,3.0,1,7.4,2025-04-21,2025-05-09
60493,Riverside Teaching Hospital,M1,"Recognizing Depression, Anxiety & Suicide Risk",Digital Workbook,72.9,81.0,Completed,13,3.1,2,5.0,2025-04-27,2025-05-10
60493,Riverside Teaching Hospital,M1,Trauma-Informed Care & Communication,Digital Workbook,57.6,66.1,Completed,17,3.1,1,4.2,2025-05-28,2025-06-14
60493,Riverside Teaching Hospital,M1,De-escalation Micro-Skills for Acute Distress,Gamified Microlearning,71.1,89.0,Completed,4,3.8,1,1.1,2025-04-11,2025-04-15
60493,Riverside Teaching Hospital,M1,Empathic Communication Quick Course,Gamified Microlearning,55.3,78.5,Completed,7,4.6,3,1.9,2025-04-29,2025-05-06
60493,Riverside Teaching Hospital,M1,Intro to Cognitive Behavioral Therapy for Primary Care,Teacher-Led Virtual,48.7,72.2,Completed,6,4.1,1,3.5,2025-11-14,2025-11-20
60493,Riverside Teaching Hospital,M1,Understanding Implicit Bias in Clinical Decision-Making,Digital Workbook,55.8,69.6,Completed,10,3.8,1,2.9,2025-02-12,2025-02-22
60494,Riverside Teaching Hospital,M4,Psychiatric Interviewing & Mental Status Examination,Digital Workbook,66.4,,Dropped,,1.4,1,1.8,2025-11-19,
60494,Riverside Teaching Hospital,M4,"Recognizing Depression, Anxiety & Suicide Risk",Digital Workbook,58.5,67.5,Completed,20,4.0,3,6.8,2025-07-24,2025-08-13
60494,Riverside Teaching Hospital,M4,Trauma-Informed Care & Communication,Digital Workbook,59.5,67.2,Completed,11,2.8,2,4.5,2025-09-08,2025-09-19
60494,Riverside Teaching Hospital,M4,De-escalation Micro-Skills for Acute Distress,Gamified Microlearning,67.1,81.7,Completed,1,5.0,1,1.2,2025-11-05,2025-11-06
60494,Riverside Teaching Hospital,M4,Empathic Communication Quick Course,Gamified Microlearning,70.3,83.2,Completed,2,4.9,1,1.9,2025-10-18,2025-10-20
60494,Riverside Teaching Hospital,M4,Peer Mentorship & Clinical Team Communication,Blended,68.5,80.4,Completed,17,4.4,2,6.6,2025-09-05,2025-09-22
60495,Meridian Main Campus,M4,Psychiatric Interviewing & Mental Status Examination,Digital Workbook,82.8,92.8,Completed,8,3.5,2,6.5,2025-08-09,2025-08-17
60495,Meridian Main Campus,M4,"Recognizing Depression, Anxiety & Suicide Risk",Digital Workbook,79.1,88.3,Completed,12,3.4,2,6.2,2025-07-10,2025-07-22
60495,Meridian Main Campus,M4,Trauma-Informed Care & Communication,Digital Workbook,53.0,,Not Started,,,0,0.0,2025-01-31,
60495,Meridian Main Campus,M4,De-escalation Micro-Skills for Acute Distress,Gamified Microlearning,65.5,82.0,Completed,3,5.0,3,1.3,2025-08-31,2025-09-03
60495,Meridian Main Campus,M4,Empathic Communication Quick Course,Gamified Microlearning,71.1,91.0,Completed,4,4.7,2,1.9,2025-11-15,2025-11-19
60495,Meridian Main Campus,M4,Intro to Cognitive Behavioral Therapy for Primary Care,Teacher-Led Virtual,70.3,94.5,Completed,16,2.9,1,2.7,2025-07-07,2025-07-23
60495,Meridian Main Campus,M4,Understanding Implicit Bias in Clinical Decision-Making,Digital Workbook,79.6,99.9,Completed,10,3.5,1,3.7,2025-10-25,2025-11-04
60496,Lakeside Medical Center,M1,Psychiatric Interviewing & Mental Status Examination,Digital Workbook,73.6,,Dropped,,1.6,1,0.3,2025-02-03,
60496,Lakeside Medical Center,M1,"Recognizing Depression, Anxiety & Suicide Risk",Digital Workbook,78.5,97.6,Completed,19,4.0,1,7.1,2025-05-07,2025-05-26
60496,Lakeside Medical Center,M1,Trauma-Informed Care & Communication,Digital Workbook,71.4,,In Progress,,3.1,1,2.1,2025-04-14,
60496,Lakeside Medical Center,M1,De-escalation Micro-Skills for Acute Distress,Gamified Microlearning,75.8,100.0,Completed,3,4.7,2,1.3,2025-04-08,2025-04-11
60496,Lakeside Medical Center,M1,Empathic Communication Quick Course,Gamified Microlearning,58.5,73.1,Completed,6,4.3,1,1.9,2025-06-04,2025-06-10
60496,Lakeside Medical Center,M1,Peer Mentorship & Clinical Team Communication,Blended,95.0,100.0,Completed,17,4.5,1,6.9,2025-01-19,2025-02-05
60496,Lakeside Medical Center,M1,Physician Wellness & Burnout Prevention,Teacher-Led Virtual,84.3,100.0,Completed,17,4.4,2,4.3,2025-04-25,2025-05-12
60497,Meridian Main Campus,M3,Psychiatric Interviewing & Mental Status Examination,Digital Workbook,39.7,,Not Started,,,0,0.0,2025-09-17,
60497,Meridian Main Campus,M3,"Recognizing Depression, Anxiety & Suicide Risk",Digital Workbook,51.2,,Dropped,,1.8,2,0.5,2025-05-09,
60497,Meridian Main Campus,M3,Trauma-Informed Care & Communication,Digital Workbook,54.2,,Dropped,,1.6,2,0.7,2025-03-25,
60497,Meridian Main Campus,M3,De-escalation Micro-Skills for Acute Distress,Gamified Microlearning,40.1,53.7,Completed,2,4.5,2,0.9,2025-03-27,2025-03-29
60497,Meridian Main Campus,M3,Empathic Communication Quick Course,Gamified Microlearning,48.3,54.4,Completed,4,4.7,1,1.5,2025-09-11,2025-09-15
60497,Meridian Main Campus,M3,Physician Wellness & Burnout Prevention,Teacher-Led Virtual,53.9,64.0,Completed,14,4.0,2,4.9,2025-01-10,2025-01-24
60497,Meridian Main Campus,M3,Understanding Implicit Bias in Clinical Decision-Making,Digital Workbook,38.2,48.4,Completed,6,3.6,2,3.1,2025-10-02,2025-10-08
60498,Community Health Institute,M4,Psychiatric Interviewing & Mental Status Examination,Digital Workbook,68.9,,Not Started,,,0,0.0,2025-06-30,
60498,Community Health Institute,M4,"Recognizing Depression, Anxiety & Suicide Risk",Digital Workbook,66.5,72.9,Completed,15,2.6,2,5.8,2025-08-06,2025-08-21
60498,Community Health Institute,M4,Trauma-Informed Care & Communication,Digital Workbook,56.3,54.1,Completed,15,3.6,3,5.8,2025-09-17,2025-10-02
60498,Community Health Institute,M4,De-escalation Micro-Skills for Acute Distress,Gamified Microlearning,56.0,81.5,Completed,5,3.9,2,1.1,2025-04-22,2025-04-27
60498,Community Health Institute,M4,Empathic Communication Quick Course,Gamified Microlearning,78.9,100.0,Completed,5,4.8,1,1.4,2025-09-09,2025-09-14
60498,Community Health Institute,M4,Intro to Cognitive Behavioral Therapy for Primary Care,Teacher-Led Virtual,73.2,91.4,Completed,4,4.2,2,3.5,2025-01-25,2025-01-29
60499,Riverside Teaching Hospital,M3,Psychiatric Interviewing & Mental Status Examination,Digital Workbook,62.2,61.9,Completed,23,2.7,1,6.4,2025-09-14,2025-10-07
60499,Riverside Teaching Hospital,M3,"Recognizing Depression, Anxiety & Suicide Risk",Digital Workbook,48.1,56.5,Completed,14,3.9,1,4.8,2025-01-12,2025-01-26
60499,Riverside Teaching Hospital,M3,Trauma-Informed Care & Communication,Digital Workbook,48.7,52.5,Completed,24,3.1,2,4.4,2025-10-30,2025-11-23
60499,Riverside Teaching Hospital,M3,De-escalation Micro-Skills for Acute Distress,Gamified Microlearning,50.4,68.3,Completed,3,4.2,1,1.0,2025-06-25,2025-06-28
60499,Riverside Teaching Hospital,M3,Empathic Communication Quick Course,Gamified Microlearning,42.6,57.5,Completed,6,5.0,1,1.4,2025-01-12,2025-01-18
60499,Riverside Teaching Hospital,M3,Peer Mentorship & Clinical Team Communication,Blended,46.6,70.0,Completed,25,3.5,2,5.5,2025-02-22,2025-03-19
60500,Meridian Main Campus,M1,Psychiatric Interviewing & Mental Status Examination,Digital Workbook,52.1,,Not Started,,,0,0.0,2025-04-24,
60500,Meridian Main Campus,M1,"Recognizing Depression, Anxiety & Suicide Risk",Digital Workbook,45.1,45.2,Completed,15,4.0,2,5.2,2025-06-15,2025-06-30
60500,Meridian Main Campus,M1,Trauma-Informed Care & Communication,Digital Workbook,63.3,,In Progress,,3.1,1,2.1,2025-09-15,
60500,Meridian Main Campus,M1,De-escalation Micro-Skills for Acute Distress,Gamified Microlearning,55.8,,Not Started,,,0,0.0,2025-04-29,
60500,Meridian Main Campus,M1,Empathic Communication Quick Course,Gamified Microlearning,50.7,63.0,Completed,1,5.0,2,1.6,2025-04-16,2025-04-17
60500,Meridian Main Campus,M1,Understanding Implicit Bias in Clinical Decision-Making,Digital Workbook,57.9,76.6,Completed,13,4.3,2,2.7,2025-02-13,2025-02-26
60500,Meridian Main Campus,M1,Physician Wellness & Burnout Prevention,Teacher-Led Virtual,49.8,61.0,Completed,17,3.9,1,3.8,2025-10-16,2025-11-02
60501,Community Health Institute,M4,Psychiatric Interviewing & Mental Status Examination,Digital Workbook,60.5,,In Progress,,2.9,4,2.4,2025-09-03,
60501,Community Health Institute,M4,"Recognizing Depression, Anxiety & Suicide Risk",Digital Workbook,52.5,52.7,Completed,17,3.1,2,5.6,2025-06-22,2025-07-09
60501,Community Health Institute,M4,Trauma-Informed Care & Communication,Digital Workbook,55.6,65.3,Completed,11,2.6,3,5.1,2025-05-23,2025-06-03
60501,Community Health Institute,M4,De-escalation Micro-Skills for Acute Distress,Gamified Microlearning,44.6,58.2,Completed,4,4.3,1,0.9,2025-02-12,2025-02-16
60501,Community Health Institute,M4,Empathic Communication Quick Course,Gamified Microlearning,52.9,74.4,Completed,4,4.6,2,1.8,2025-05-16,2025-05-20
60501,Community Health Institute,M4,Peer Mentorship & Clinical Team Communication,Blended,46.0,60.0,Completed,33,3.9,2,6.8,2025-11-03,2025-12-06
60501,Community Health Institute,M4,Physician Wellness & Burnout Prevention,Teacher-Led Virtual,49.5,65.4,Completed,10,4.2,2,4.7,2025-03-06,2025-03-16
60501,Community Health Institute,M4,Intro to Cognitive Behavioral Therapy for Primary Care,Teacher-Led Virtual,61.9,73.7,Completed,13,4.7,2,3.5,2025-01-12,2025-01-25
60502,Riverside Teaching Hospital,M1,Psychiatric Interviewing & Mental Status Examination,Digital Workbook,73.4,81.2,Completed,20,3.1,2,7.5,2025-11-13,2025-12-03
60502,Riverside Teaching Hospital,M1,"Recognizing Depression, Anxiety & Suicide Risk",Digital Workbook,64.1,73.3,Completed,13,3.3,3,4.7,2025-11-04,2025-11-17
60502,Riverside Teaching Hospital,M1,Trauma-Informed Care & Communication,Digital Workbook,57.0,,Not Started,,,0,0.0,2025-05-24,
60502,Riverside Teaching Hospital,M1,De-escalation Micro-Skills for Acute Distress,Gamified Microlearning,41.4,60.2,Completed,1,4.4,2,1.0,2025-05-22,2025-05-23
60502,Riverside Teaching Hospital,M1,Empathic Communication Quick Course,Gamified Microlearning,57.2,76.8,Completed,6,3.8,2,1.7,2025-08-27,2025-09-02
60502,Riverside Teaching Hospital,M1,Physician Wellness & Burnout Prevention,Teacher-Led Virtual,55.6,70.2,Completed,7,4.1,1,3.6,2025-06-01,2025-06-08
60502,Riverside Teaching Hospital,M1,Motivational Interviewing Workshop,Blended,49.8,62.7,Completed,7,4.1,2,2.8,2025-06-09,2025-06-16
60503,Community Health Institute,M4,Psychiatric Interviewing & Mental Status Examination,Digital Workbook,52.9,,Not Started,,,0,0.0,2025-03-24,
60503,Community Health Institute,M4,"Recognizing Depression, Anxiety & Suicide Risk",Digital Workbook,44.7,47.7,Completed,7,3.3,2,4.7,2025-02-07,2025-02-14
60503,Community Health Institute,M4,Trauma-Informed Care & Communication,Digital Workbook,50.4,48.2,Completed,8,2.9,2,4.7,2025-06-06,2025-06-14
60503,Community Health Institute,M4,De-escalation Micro-Skills for Acute Distress,Gamified Microlearning,34.3,51.2,Completed,2,4.8,2,1.0,2025-06-19,2025-06-21
60503,Community Health Institute,M4,Empathic Communication Quick Course,Gamified Microlearning,44.5,63.5,Completed,4,4.7,2,1.4,2025-01-24,2025-01-28
60503,Community Health Institute,M4,Motivational Interviewing Workshop,Blended,36.6,49.5,Completed,3,4.5,1,2.7,2025-10-27,2025-10-30
60503,Community Health Institute,M4,Physician Wellness & Burnout Prevention,Teacher-Led Virtual,58.7,73.5,Completed,7,3.7,1,4.9,2025-07-23,2025-07-30
60504,Lakeside Medical Center,M3,Psychiatric Interviewing & Mental Status Examination,Digital Workbook,63.0,59.8,Completed,26,3.4,1,6.4,2025-10-26,2025-11-21
60504,Lakeside Medical Center,M3,"Recognizing Depression, Anxiety & Suicide Risk",Digital Workbook,69.2,,Not Started,,,0,0.0,2025-11-19,
60504,Lakeside Medical Center,M3,Trauma-Informed Care & Communication,Digital Workbook,69.6,81.1,Completed,12,3.0,1,5.5,2025-10-20,2025-11-01
60504,Lakeside Medical Center,M3,De-escalation Micro-Skills for Acute Distress,Gamified Microlearning,57.2,92.9,Completed,2,4.5,1,1.1,2025-03-07,2025-03-09
60504,Lakeside Medical Center,M3,Empathic Communication Quick Course,Gamified Microlearning,65.2,87.6,Completed,7,5.0,1,1.9,2025-01-22,2025-01-29
60504,Lakeside Medical Center,M3,Physician Wellness & Burnout Prevention,Teacher-Led Virtual,73.3,91.2,Completed,16,3.6,1,5.0,2025-10-26,2025-11-11
60504,Lakeside Medical Center,M3,Peer Mentorship & Clinical Team Communication,Blended,69.9,87.9,Completed,12,4.3,2,6.4,2025-08-23,2025-09-04
60505,Meridian Main Campus,M3,Psychiatric Interviewing & Mental Status Examination,Digital Workbook,44.9,,Not Started,,,0,0.0,2025-08-19,
60505,Meridian Main Campus,M3,"Recognizing Depression, Anxiety & Suicide Risk",Digital Workbook,49.1,,Dropped,,1.5,3,1.4,2025-08-18,
60505,Meridian Main Campus,M3,Trauma-Informed Care & Communication,Digital Workbook,37.5,39.9,Completed,11,3.7,3,4.4,2025-09-04,2025-09-15
60505,Meridian Main Campus,M3,De-escalation Micro-Skills for Acute Distress,Gamified Microlearning,53.1,64.7,Completed,2,5.0,2,1.2,2025-01-08,2025-01-10
60505,Meridian Main Campus,M3,Empathic Communication Quick Course,Gamified Microlearning,57.2,70.6,Completed,5,4.8,1,1.5,2025-01-13,2025-01-18
60505,Meridian Main Campus,M3,Physician Wellness & Burnout Prevention,Teacher-Led Virtual,48.5,,Not Started,,,0,0.0,2025-03-26,
60505,Meridian Main Campus,M3,Peer Mentorship & Clinical Team Communication,Blended,44.2,63.8,Completed,20,4.2,2,7.8,2025-01-26,2025-02-15
60505,Meridian Main Campus,M3,Understanding Implicit Bias in Clinical Decision-Making,Digital Workbook,44.6,52.1,Completed,15,4.1,2,3.2,2025-08-20,2025-09-04
60506,Lakeside Medical Center,M4,Psychiatric Interviewing & Mental Status Examination,Digital Workbook,81.0,,Not Started,,,0,0.0,2025-02-08,
60506,Lakeside Medical Center,M4,"Recognizing Depression, Anxiety & Suicide Risk",Digital Workbook,82.7,97.6,Completed,15,2.8,1,6.6,2025-06-21,2025-07-06
60506,Lakeside Medical Center,M4,Trauma-Informed Care & Communication,Digital Workbook,75.3,82.9,Completed,26,3.0,1,5.3,2025-08-11,2025-09-06
60506,Lakeside Medical Center,M4,De-escalation Micro-Skills for Acute Distress,Gamified Microlearning,62.8,80.8,Completed,2,4.7,1,1.0,2025-02-21,2025-02-23
60506,Lakeside Medical Center,M4,Empathic Communication Quick Course,Gamified Microlearning,59.4,83.7,Completed,4,4.8,1,1.6,2025-04-30,2025-05-04
60506,Lakeside Medical Center,M4,Physician Wellness & Burnout Prevention,Teacher-Led Virtual,75.4,,Dropped,,1.9,2,0.8,2025-04-27,
60506,Lakeside Medical Center,M4,Motivational Interviewing Workshop,Blended,61.2,85.3,Completed,8,4.1,1,2.5,2025-09-21,2025-09-29
60506,Lakeside Medical Center,M4,Peer Mentorship & Clinical Team Communication,Blended,74.5,,Dropped,,2.8,1,1.5,2025-07-19,
60507,Community Health Institute,M1,Psychiatric Interviewing & Mental Status Examination,Digital Workbook,56.7,59.0,Completed,8,3.4,2,6.4,2025-06-04,2025-06-12
60507,Community Health Institute,M1,"Recognizing Depression, Anxiety & Suicide Risk",Digital Workbook,59.2,,Not Started,,,0,0.0,2025-10-25,
60507,Community Health Institute,M1,Trauma-Informed Care & Communication,Digital Workbook,62.2,,Dropped,,1.3,2,1.4,2025-08-23,
60507,Community Health Institute,M1,De-escalation Micro-Skills for Acute Distress,Gamified Microlearning,37.8,55.8,Completed,2,4.5,1,1.3,2025-04-13,2025-04-15
60507,Community Health Institute,M1,Empathic Communication Quick Course,Gamified Microlearning,80.2,94.6,Completed,4,4.8,2,1.8,2025-05-25,2025-05-29
60507,Community Health Institute,M1,Understanding Implicit Bias in Clinical Decision-Making,Digital Workbook,70.9,80.0,Completed,9,3.9,1,3.5,2025-01-07,2025-01-16
60508,Lakeside Medical Center,M4,Psychiatric Interviewing & Mental Status Examination,Digital Workbook,77.0,,Not Started,,,0,0.0,2025-08-30,
60508,Lakeside Medical Center,M4,"Recognizing Depression, Anxiety & Suicide Risk",Digital Workbook,61.9,,In Progress,,3.0,1,3.4,2025-10-29,
60508,Lakeside Medical Center,M4,Trauma-Informed Care & Communication,Digital Workbook,66.0,,In Progress,,2.3,2,2.9,2025-01-26,
60508,Lakeside Medical Center,M4,De-escalation Micro-Skills for Acute Distress,Gamified Microlearning,42.9,60.0,Completed,3,4.1,1,0.9,2025-06-06,2025-06-09
60508,Lakeside Medical Center,M4,Empathic Communication Quick Course,Gamified Microlearning,65.0,85.9,Completed,2,4.4,1,1.9,2025-01-23,2025-01-25
60508,Lakeside Medical Center,M4,Intro to Cognitive Behavioral Therapy for Primary Care,Teacher-Led Virtual,72.5,92.0,Completed,7,3.8,1,3.3,2025-03-06,2025-03-13
60508,Lakeside Medical Center,M4,Physician Wellness & Burnout Prevention,Teacher-Led Virtual,53.4,72.8,Completed,8,3.6,2,4.3,2025-06-10,2025-06-18
60509,University Health Partners,M3,Psychiatric Interviewing & Mental Status Examination,Digital Workbook,43.1,38.2,Completed,18,3.5,2,7.3,2025-10-20,2025-11-07
60509,University Health Partners,M3,"Recognizing Depression, Anxiety & Suicide Risk",Digital Workbook,47.7,44.9,Completed,20,3.1,1,6.0,2025-02-10,2025-03-02
60509,University Health Partners,M3,Trauma-Informed Care & Communication,Digital Workbook,48.2,54.8,Completed,23,2.4,1,5.1,2025-08-18,2025-09-10
60509,University Health Partners,M3,De-escalation Micro-Skills for Acute Distress,Gamified Microlearning,34.8,51.6,Completed,2,4.8,1,0.9,2025-07-23,2025-07-25
60509,University Health Partners,M3,Empathic Communication Quick Course,Gamified Microlearning,40.8,60.5,Completed,6,5.0,2,1.6,2025-11-04,2025-11-10
60509,University Health Partners,M3,Motivational Interviewing Workshop,Blended,59.3,72.5,Completed,9,4.3,3,2.7,2025-06-05,2025-06-14
60510,Meridian Main Campus,M2,Psychiatric Interviewing & Mental Status Examination,Digital Workbook,57.9,52.1,Completed,19,2.0,2,7.6,2025-10-02,2025-10-21
60510,Meridian Main Campus,M2,"Recognizing Depression, Anxiety & Suicide Risk",Digital Workbook,57.8,63.6,Completed,19,3.4,2,5.0,2025-10-28,2025-11-16
60510,Meridian Main Campus,M2,Trauma-Informed Care & Communication,Digital Workbook,46.6,,In Progress,,2.6,2,1.4,2025-10-01,
60510,Meridian Main Campus,M2,De-escalation Micro-Skills for Acute Distress,Gamified Microlearning,66.1,85.8,Completed,3,4.5,2,1.1,2025-05-11,2025-05-14
60510,Meridian Main Campus,M2,Empathic Communication Quick Course,Gamified Microlearning,51.4,58.8,Completed,5,4.3,1,1.5,2025-02-22,2025-02-27
60510,Meridian Main Campus,M2,Motivational Interviewing Workshop,Blended,49.0,60.7,Completed,9,4.4,1,2.6,2025-06-17,2025-06-26
60511,Lakeside Medical Center,M2,Psychiatric Interviewing & Mental Status Examination,Digital Workbook,52.0,,Dropped,,1.0,2,1.1,2025-08-08,
60511,Lakeside Medical Center,M2,"Recognizing Depression, Anxiety & Suicide Risk",Digital Workbook,46.8,52.2,Completed,19,3.2,2,5.4,2025-11-18,2025-12-07
60511,Lakeside Medical Center,M2,Trauma-Informed Care & Communication,Digital Workbook,61.6,64.2,Completed,17,3.8,1,4.0,2025-05-10,2025-05-27
60511,Lakeside Medical Center,M2,De-escalation Micro-Skills for Acute Distress,Gamified Microlearning,70.3,89.0,Completed,3,4.4,1,1.3,2025-03-27,2025-03-30
60511,Lakeside Medical Center,M2,Empathic Communication Quick Course,Gamified Microlearning,80.5,99.9,Completed,4,4.1,1,1.9,2025-10-28,2025-11-01
60511,Lakeside Medical Center,M2,Intro to Cognitive Behavioral Therapy for Primary Care,Teacher-Led Virtual,54.1,62.1,Completed,10,4.6,1,3.9,2025-09-21,2025-10-01
60511,Lakeside Medical Center,M2,Peer Mentorship & Clinical Team Communication,Blended,39.9,,Not Started,,,0,0.0,2025-03-04,
60512,Riverside Teaching Hospital,M4,Psychiatric Interviewing & Mental Status Examination,Digital Workbook,56.4,61.2,Completed,19,3.0,3,6.1,2025-10-28,2025-11-16
60512,Riverside Teaching Hospital,M4,"Recognizing Depression, Anxiety & Suicide Risk",Digital Workbook,53.5,62.3,Completed,13,4.1,2,5.2,2025-09-22,2025-10-05
60512,Riverside Teaching Hospital,M4,Trauma-Informed Care & Communication,Digital Workbook,46.0,,In Progress,,2.5,1,2.2,2025-09-21,
60512,Riverside Teaching Hospital,M4,De-escalation Micro-Skills for Acute Distress,Gamified Microlearning,60.9,63.5,Completed,3,4.8,1,0.9,2025-02-11,2025-02-14
60512,Riverside Teaching Hospital,M4,Empathic Communication Quick Course,Gamified Microlearning,63.9,79.5,Completed,5,4.7,1,1.6,2025-06-05,2025-06-10
60512,Riverside Teaching Hospital,M4,Understanding Implicit Bias in Clinical Decision-Making,Digital Workbook,64.2,,In Progress,,3.4,1,1.3,2025-06-10,
60512,Riverside Teaching Hospital,M4,Physician Wellness & Burnout Prevention,Teacher-Led Virtual,60.9,,Dropped,,2.4,1,1.5,2025-01-26,
60513,Community Health Institute,M3,Psychiatric Interviewing & Mental Status Examination,Digital Workbook,58.0,,In Progress,,2.3,2,2.3,2025-07-11,
60513,Community Health Institute,M3,"Recognizing Depression, Anxiety & Suicide Risk",Digital Workbook,60.0,,Dropped,,2.1,3,0.5,2025-07-14,
60513,Community Health Institute,M3,Trauma-Informed Care & Communication,Digital Workbook,73.9,73.7,Completed,14,3.2,2,5.5,2025-04-04,2025-04-18
60513,Community Health Institute,M3,De-escalation Micro-Skills for Acute Distress,Gamified Microlearning,54.7,77.0,Completed,4,4.4,1,0.9,2025-10-15,2025-10-19
60513,Community Health Institute,M3,Empathic Communication Quick Course,Gamified Microlearning,54.8,69.1,Completed,1,5.0,1,1.6,2025-03-06,2025-03-07
60513,Community Health Institute,M3,Motivational Interviewing Workshop,Blended,64.3,83.6,Completed,7,3.8,2,2.9,2025-03-18,2025-03-25
60513,Community Health Institute,M3,Peer Mentorship & Clinical Team Communication,Blended,42.1,,In Progress,,3.4,3,3.2,2025-01-30,
60514,Riverside Teaching Hospital,M2,Psychiatric Interviewing & Mental Status Examination,Digital Workbook,33.7,29.3,Completed,18,3.1,2,7.3,2025-09-19,2025-10-07
60514,Riverside Teaching Hospital,M2,"Recognizing Depression, Anxiety & Suicide Risk",Digital Workbook,37.6,33.3,Completed,10,3.5,1,4.9,2025-11-05,2025-11-15
60514,Riverside Teaching Hospital,M2,Trauma-Informed Care & Communication,Digital Workbook,26.0,,In Progress,,2.0,3,2.4,2025-01-11,
60514,Riverside Teaching Hospital,M2,De-escalation Micro-Skills for Acute Distress,Gamified Microlearning,30.2,43.7,Completed,5,4.8,2,1.3,2025-09-09,2025-09-14
60514,Riverside Teaching Hospital,M2,Empathic Communication Quick Course,Gamified Microlearning,47.2,60.4,Completed,2,4.4,3,1.7,2025-05-31,2025-06-02
60514,Riverside Teaching Hospital,M2,Intro to Cognitive Behavioral Therapy for Primary Care,Teacher-Led Virtual,34.0,,Not Started,,,0,0.0,2025-09-15,
60515,Lakeside Medical Center,M1,Psychiatric Interviewing & Mental Status Examination,Digital Workbook,70.8,,Dropped,,1.4,2,1.3,2025-05-31,
60515,Lakeside Medical Center,M1,"Recognizing Depression, Anxiety & Suicide Risk",Digital Workbook,47.6,63.1,Completed,19,2.7,1,5.0,2025-02-09,2025-02-28
60515,Lakeside Medical Center,M1,Trauma-Informed Care & Communication,Digital Workbook,65.8,84.3,Completed,14,3.5,1,5.8,2025-09-18,2025-10-02
60515,Lakeside Medical Center,M1,De-escalation Micro-Skills for Acute Distress,Gamified Microlearning,45.9,64.5,Completed,3,4.5,1,1.2,2025-06-07,2025-06-10
60515,Lakeside Medical Center,M1,Empathic Communication Quick Course,Gamified Microlearning,59.7,73.8,Completed,1,4.0,2,1.6,2025-04-05,2025-04-06
60515,Lakeside Medical Center,M1,Physician Wellness & Burnout Prevention,Teacher-Led Virtual,44.7,,In Progress,,3.6,3,2.7,2025-01-11,
60515,Lakeside Medical Center,M1,Understanding Implicit Bias in Clinical Decision-Making,Digital Workbook,44.7,56.0,Completed,12,3.7,2,3.6,2025-10-19,2025-10-31
60516,Meridian Main Campus,M3,Psychiatric Interviewing & Mental Status Examination,Digital Workbook,65.2,,Not Started,,,0,0.0,2025-08-20,
60516,Meridian Main Campus,M3,"Recognizing Depression, Anxiety & Suicide Risk",Digital Workbook,72.0,,Not Started,,,0,0.0,2025-04-17,
60516,Meridian Main Campus,M3,Trauma-Informed Care & Communication,Digital Workbook,62.4,68.6,Completed,9,3.0,2,5.3,2025-11-13,2025-11-22
60516,Meridian Main Campus,M3,De-escalation Micro-Skills for Acute Distress,Gamified Microlearning,77.7,100.0,Completed,2,4.5,1,1.1,2025-02-17,2025-02-19
60516,Meridian Main Campus,M3,Empathic Communication Quick Course,Gamified Microlearning,44.0,69.5,Completed,2,5.0,1,1.5,2025-04-19,2025-04-21
60516,Meridian Main Campus,M3,Physician Wellness & Burnout Prevention,Teacher-Led Virtual,40.4,62.9,Completed,7,3.9,1,3.9,2025-06-08,2025-06-15
60516,Meridian Main Campus,M3,Intro to Cognitive Behavioral Therapy for Primary Care,Teacher-Led Virtual,62.6,85.9,Completed,10,4.2,2,3.2,2025-08-02,2025-08-12
60517,Riverside Teaching Hospital,M2,Psychiatric Interviewing & Mental Status Examination,Digital Workbook,74.5,,Not Started,,,0,0.0,2025-04-10,
60517,Riverside Teaching Hospital,M2,"Recognizing Depression, Anxiety & Suicide Risk",Digital Workbook,72.7,80.3,Completed,22,3.3,3,5.9,2025-09-13,2025-10-05
60517,Riverside Teaching Hospital,M2,Trauma-Informed Care & Communication,Digital Workbook,72.3,79.5,Completed,12,3.2,3,4.0,2025-07-02,2025-07-14
60517,Riverside Teaching Hospital,M2,De-escalation Micro-Skills for Acute Distress,Gamified Microlearning,56.9,78.0,Completed,2,3.9,1,1.2,2025-04-07,2025-04-09
60517,Riverside Teaching Hospital,M2,Empathic Communication Quick Course,Gamified Microlearning,60.5,76.5,Completed,1,4.9,2,1.6,2025-04-22,2025-04-23
60517,Riverside Teaching Hospital,M2,Understanding Implicit Bias in Clinical Decision-Making,Digital Workbook,58.8,71.8,Completed,11,3.3,1,2.6,2025-08-21,2025-09-01
60517,Riverside Teaching Hospital,M2,Motivational Interviewing Workshop,Blended,62.0,85.9,Completed,10,4.4,1,2.2,2025-11-19,2025-11-29
60517,Riverside Teaching Hospital,M2,Intro to Cognitive Behavioral Therapy for Primary Care,Teacher-Led Virtual,51.8,66.4,Completed,9,4.3,2,3.4,2025-06-29,2025-07-08
60518,Lakeside Medical Center,M3,Psychiatric Interviewing & Mental Status Examination,Digital Workbook,67.7,75.6,Completed,20,3.5,1,5.8,2025-04-25,2025-05-15
60518,Lakeside Medical Center,M3,"Recognizing Depression, Anxiety & Suicide Risk",Digital Workbook,71.0,,In Progress,,3.2,1,3.7,2025-11-14,
60518,Lakeside Medical Center,M3,Trauma-Informed Care & Communication,Digital Workbook,84.4,,In Progress,,3.0,1,2.1,2025-06-10,
60518,Lakeside Medical Center,M3,De-escalation Micro-Skills for Acute Distress,Gamified Microlearning,63.1,,In Progress,,4.6,1,0.4,2025-07-05,
60518,Lakeside Medical Center,M3,Empathic Communication Quick Course,Gamified Microlearning,77.2,98.2,Completed,4,4.1,1,1.8,2025-01-26,2025-01-30
60518,Lakeside Medical Center,M3,Motivational Interviewing Workshop,Blended,75.6,89.2,Completed,6,4.5,1,2.3,2025-01-29,2025-02-04
60519,University Health Partners,M2,Psychiatric Interviewing & Mental Status Examination,Digital Workbook,64.2,81.0,Completed,29,3.4,1,5.8,2025-03-19,2025-04-17
60519,University Health Partners,M2,"Recognizing Depression, Anxiety & Suicide Risk",Digital Workbook,72.9,,In Progress,,2.7,1,2.4,2025-09-03,
60519,University Health Partners,M2,Trauma-Informed Care & Communication,Digital Workbook,83.8,,Dropped,,1.6,1,1.0,2025-11-07,
60519,University Health Partners,M2,De-escalation Micro-Skills for Acute Distress,Gamified Microlearning,63.4,85.1,Completed,1,3.4,1,1.2,2025-05-01,2025-05-02
60519,University Health Partners,M2,Empathic Communication Quick Course,Gamified Microlearning,60.5,66.4,Completed,3,4.3,1,1.3,2025-04-03,2025-04-06
60519,University Health Partners,M2,Understanding Implicit Bias in Clinical Decision-Making,Digital Workbook,59.5,77.3,Completed,8,4.1,2,3.1,2025-05-13,2025-05-21
60520,Riverside Teaching Hospital,M4,Psychiatric Interviewing & Mental Status Examination,Digital Workbook,63.7,77.8,Completed,21,2.6,1,6.3,2025-04-22,2025-05-13
60520,Riverside Teaching Hospital,M4,"Recognizing Depression, Anxiety & Suicide Risk",Digital Workbook,89.8,94.3,Completed,8,3.1,1,5.3,2025-08-19,2025-08-27
60520,Riverside Teaching Hospital,M4,Trauma-Informed Care & Communication,Digital Workbook,54.6,64.7,Completed,14,3.1,1,5.0,2025-06-21,2025-07-05
60520,Riverside Teaching Hospital,M4,De-escalation Micro-Skills for Acute Distress,Gamified Microlearning,58.1,85.0,Completed,2,4.1,2,1.0,2025-07-06,2025-07-08
60520,Riverside Teaching Hospital,M4,Empathic Communication Quick Course,Gamified Microlearning,75.1,92.9,Completed,5,4.3,1,1.5,2025-09-05,2025-09-10
60520,Riverside Teaching Hospital,M4,Motivational Interviewing Workshop,Blended,72.9,87.6,Completed,10,3.9,1,2.9,2025-03-04,2025-03-14
60520,Riverside Teaching Hospital,M4,Understanding Implicit Bias in Clinical Decision-Making,Digital Workbook,63.9,74.5,Completed,9,3.7,1,2.8,2025-03-09,2025-03-18
60520,Riverside Teaching Hospital,M4,Physician Wellness & Burnout Prevention,Teacher-Led Virtual,78.2,97.6,Completed,10,4.0,1,3.6,2025-03-11,2025-03-21
60521,Community Health Institute,M1,Psychiatric Interviewing & Mental Status Examination,Digital Workbook,64.4,,Not Started,,,0,0.0,2025-11-05,
60521,Community Health Institute,M1,"Recognizing Depression, Anxiety & Suicide Risk",Digital Workbook,66.9,71.2,Completed,24,3.7,2,4.7,2025-09-09,2025-10-03
60521,Community Health Institute,M1,Trauma-Informed Care & Communication,Digital Workbook,51.4,43.5,Completed,14,3.3,1,4.3,2025-03-02,2025-03-16
60521,Community Health Institute,M1,De-escalation Micro-Skills for Acute Distress,Gamified Microlearning,36.5,48.7,Completed,2,4.2,1,1.0,2025-10-06,2025-10-08
60521,Community Health Institute,M1,Empathic Communication Quick Course,Gamified Microlearning,49.3,58.8,Completed,3,4.6,1,1.9,2025-08-25,2025-08-28
60521,Community Health Institute,M1,Peer Mentorship & Clinical Team Communication,Blended,50.4,52.5,Completed,16,4.6,3,6.9,2025-04-21,2025-05-07
60521,Community Health Institute,M1,Intro to Cognitive Behavioral Therapy for Primary Care,Teacher-Led Virtual,54.7,62.1,Completed,11,3.4,3,3.7,2025-04-02,2025-04-13
60522,University Health Partners,M1,Psychiatric Interviewing & Mental Status Examination,Digital Workbook,50.4,,Not Started,,,0,0.0,2025-07-08,
60522,University Health Partners,M1,"Recognizing Depression, Anxiety & Suicide Risk",Digital Workbook,55.8,65.6,Completed,17,4.0,1,6.6,2025-04-02,2025-04-19
60522,University Health Partners,M1,Trauma-Informed Care & Communication,Digital Workbook,55.9,60.1,Completed,20,3.3,1,3.9,2025-09-19,2025-10-09
60522,University Health Partners,M1,De-escalation Micro-Skills for Acute Distress,Gamified Microlearning,60.0,77.8,Completed,3,4.4,1,1.2,2025-09-19,2025-09-22
60522,University Health Partners,M1,Empathic Communication Quick Course,Gamified Microlearning,58.6,76.8,Completed,2,5.0,2,1.6,2025-08-09,2025-08-11
60522,University Health Partners,M1,Peer Mentorship & Clinical Team Communication,Blended,46.3,,Not Started,,,0,0.0,2025-05-28,
60522,University Health Partners,M1,Motivational Interviewing Workshop,Blended,62.8,83.2,Completed,6,3.9,1,2.6,2025-10-20,2025-10-26
60522,University Health Partners,M1,Understanding Implicit Bias in Clinical Decision-Making,Digital Workbook,65.7,75.8,Completed,8,4.4,2,2.7,2025-03-04,2025-03-12
60523,University Health Partners,M4,Psychiatric Interviewing & Mental Status Examination,Digital Workbook,68.0,,In Progress,,2.6,1,3.5,2025-04-04,
60523,University Health Partners,M4,"Recognizing Depression, Anxiety & Suicide Risk",Digital Workbook,55.9,65.5,Completed,12,3.2,2,6.1,2025-10-09,2025-10-21
60523,University Health Partners,M4,Trauma-Informed Care & Communication,Digital Workbook,43.8,,In Progress,,3.4,2,2.2,2025-03-02,
60523,University Health Partners,M4,De-escalation Micro-Skills for Acute Distress,Gamified Microlearning,32.5,49.7,Completed,4,3.6,1,1.0,2025-05-27,2025-05-31
60523,University Health Partners,M4,Empathic Communication Quick Course,Gamified Microlearning,34.0,53.7,Completed,7,4.3,1,1.5,2025-06-04,2025-06-11
60523,University Health Partners,M4,Peer Mentorship & Clinical Team Communication,Blended,68.2,,Dropped,,2.9,1,0.6,2025-10-08,
60524,Community Health Institute,M3,Psychiatric Interviewing & Mental Status Examination,Digital Workbook,47.3,57.9,Completed,27,4.0,3,5.2,2025-01-14,2025-02-10
60524,Community Health Institute,M3,"Recognizing Depression, Anxiety & Suicide Risk",Digital Workbook,62.5,,Dropped,,1.9,2,2.1,2025-08-04,
60524,Community Health Institute,M3,Trauma-Informed Care & Communication,Digital Workbook,46.1,52.3,Completed,19,3.8,3,4.0,2025-06-20,2025-07-09
60524,Community Health Institute,M3,De-escalation Micro-Skills for Acute Distress,Gamified Microlearning,44.3,64.0,Completed,3,4.3,1,0.9,2025-08-25,2025-08-28
60524,Community Health Institute,M3,Empathic Communication Quick Course,Gamified Microlearning,66.3,80.4,Completed,2,4.3,1,1.4,2025-09-18,2025-09-20
60524,Community Health Institute,M3,Physician Wellness & Burnout Prevention,Teacher-Led Virtual,39.1,,Not Started,,,0,0.0,2025-10-16,
60524,Community Health Institute,M3,Motivational Interviewing Workshop,Blended,68.5,89.6,Completed,12,4.7,1,2.4,2025-11-08,2025-11-20
60525,University Health Partners,M4,Psychiatric Interviewing & Mental Status Examination,Digital Workbook,43.2,,In Progress,,2.2,2,3.2,2025-06-25,
60525,University Health Partners,M4,"Recognizing Depression, Anxiety & Suicide Risk",Digital Workbook,49.2,48.6,Completed,30,3.2,2,5.8,2025-08-18,2025-09-17
60525,University Health Partners,M4,Trauma-Informed Care & Communication,Digital Workbook,56.7,65.0,Completed,16,3.5,1,4.0,2025-10-31,2025-11-16
60525,University Health Partners,M4,De-escalation Micro-Skills for Acute Distress,Gamified Microlearning,38.0,40.4,Completed,3,5.0,3,0.9,2025-04-25,2025-04-28
60525,University Health Partners,M4,Empathic Communication Quick Course,Gamified Microlearning,58.8,78.2,Completed,5,5.0,2,1.6,2025-09-30,2025-10-05
60525,University Health Partners,M4,Understanding Implicit Bias in Clinical Decision-Making,Digital Workbook,27.3,30.7,Completed,7,3.9,2,3.4,2025-07-02,2025-07-09
60525,University Health Partners,M4,Peer Mentorship & Clinical Team Communication,Blended,48.7,48.3,Completed,16,4.8,4,5.9,2025-10-17,2025-11-02
60526,Riverside Teaching Hospital,M4,Psychiatric Interviewing & Mental Status Examination,Digital Workbook,59.8,,In Progress,,3.3,1,1.9,2025-01-21,
60526,Riverside Teaching Hospital,M4,"Recognizing Depression, Anxiety & Suicide Risk",Digital Workbook,67.8,81.1,Completed,25,3.6,2,7.0,2025-01-31,2025-02-25
60526,Riverside Teaching Hospital,M4,Trauma-Informed Care & Communication,Digital Workbook,77.6,91.8,Completed,18,3.4,2,5.4,2025-05-28,2025-06-15
60526,Riverside Teaching Hospital,M4,De-escalation Micro-Skills for Acute Distress,Gamified Microlearning,56.8,73.6,Completed,3,4.8,2,1.0,2025-01-09,2025-01-12
60526,Riverside Teaching Hospital,M4,Empathic Communication Quick Course,Gamified Microlearning,83.0,100.0,Completed,4,4.6,1,1.7,2025-01-13,2025-01-17
60526,Riverside Teaching Hospital,M4,Motivational Interviewing Workshop,Blended,67.8,87.5,Completed,2,4.1,1,2.8,2025-11-12,2025-11-14
60526,Riverside Teaching Hospital,M4,Physician Wellness & Burnout Prevention,Teacher-Led Virtual,55.1,70.7,Completed,13,4.1,2,4.0,2025-06-05,2025-06-18
60527,Lakeside Medical Center,M4,Psychiatric Interviewing & Mental Status Examination,Digital Workbook,36.8,,Not Started,,,0,0.0,2025-01-09,
60527,Lakeside Medical Center,M4,"Recognizing Depression, Anxiety & Suicide Risk",Digital Workbook,60.8,,Dropped,,1.5,2,2.2,2025-02-01,
60527,Lakeside Medical Center,M4,Trauma-Informed Care & Communication,Digital Workbook,38.2,40.0,Completed,7,2.4,2,5.7,2025-05-27,2025-06-03
60527,Lakeside Medical Center,M4,De-escalation Micro-Skills for Acute Distress,Gamified Microlearning,46.0,58.5,Completed,2,4.7,2,1.0,2025-01-10,2025-01-12
60527,Lakeside Medical Center,M4,Empathic Communication Quick Course,Gamified Microlearning,58.4,92.6,Completed,6,5.0,1,1.8,2025-04-18,2025-04-24
60527,Lakeside Medical Center,M4,Motivational Interviewing Workshop,Blended,51.2,57.1,Completed,6,4.7,1,2.5,2025-02-14,2025-02-20
60528,Lakeside Medical Center,M1,Psychiatric Interviewing & Mental Status Examination,Digital Workbook,44.5,,Not Started,,,0,0.0,2025-08-19,
60528,Lakeside Medical Center,M1,"Recognizing Depression, Anxiety & Suicide Risk",Digital Workbook,21.4,25.1,Completed,15,3.3,2,5.2,2025-02-05,2025-02-20
60528,Lakeside Medical Center,M1,Trauma-Informed Care & Communication,Digital Workbook,37.5,,In Progress,,2.4,2,1.6,2025-05-05,
60528,Lakeside Medical Center,M1,De-escalation Micro-Skills for Acute Distress,Gamified Microlearning,43.6,50.4,Completed,4,4.3,3,1.1,2025-05-21,2025-05-25
60528,Lakeside Medical Center,M1,Empathic Communication Quick Course,Gamified Microlearning,36.2,41.1,Completed,3,5.0,1,1.8,2025-11-14,2025-11-17
60528,Lakeside Medical Center,M1,Physician Wellness & Burnout Prevention,Teacher-Led Virtual,46.3,54.2,Completed,15,3.9,1,5.2,2025-09-13,2025-09-28
60528,Lakeside Medical Center,M1,Motivational Interviewing Workshop,Blended,37.4,47.5,Completed,5,4.0,1,2.4,2025-02-01,2025-02-06
60528,Lakeside Medical Center,M1,Understanding Implicit Bias in Clinical Decision-Making,Digital Workbook,50.3,52.2,Completed,5,4.4,1,2.7,2025-07-02,2025-07-07
60529,Lakeside Medical Center,M2,Psychiatric Interviewing & Mental Status Examination,Digital Workbook,42.2,36.8,Completed,17,3.1,4,5.9,2025-06-03,2025-06-20
60529,Lakeside Medical Center,M2,"Recognizing Depression, Anxiety & Suicide Risk",Digital Workbook,58.4,,Not Started,,,0,0.0,2025-06-07,
60529,Lakeside Medical Center,M2,Trauma-Informed Care & Communication,Digital Workbook,50.6,60.0,Completed,14,3.3,2,5.4,2025-05-12,2025-05-26
60529,Lakeside Medical Center,M2,De-escalation Micro-Skills for Acute Distress,Gamified Microlearning,20.7,30.4,Completed,2,4.1,1,1.2,2025-02-16,2025-02-18
60529,Lakeside Medical Center,M2,Empathic Communication Quick Course,Gamified Microlearning,73.8,94.8,Completed,4,4.4,1,1.4,2025-07-07,2025-07-11
60529,Lakeside Medical Center,M2,Peer Mentorship & Clinical Team Communication,Blended,62.4,85.0,Completed,29,4.4,1,6.1,2025-06-21,2025-07-20
60530,Riverside Teaching Hospital,M1,Psychiatric Interviewing & Mental Status Examination,Digital Workbook,71.4,87.7,Completed,22,2.2,1,5.1,2025-04-21,2025-05-13
60530,Riverside Teaching Hospital,M1,"Recognizing Depression, Anxiety & Suicide Risk",Digital Workbook,78.3,86.4,Completed,14,2.6,1,6.9,2025-06-13,2025-06-27
60530,Riverside Teaching Hospital,M1,Trauma-Informed Care & Communication,Digital Workbook,79.7,88.2,Completed,20,3.1,2,5.1,2025-10-20,2025-11-09
60530,Riverside Teaching Hospital,M1,De-escalation Micro-Skills for Acute Distress,Gamified Microlearning,84.0,100.0,Completed,2,4.4,2,1.0,2025-09-10,2025-09-12
60530,Riverside Teaching Hospital,M1,Empathic Communication Quick Course,Gamified Microlearning,78.3,99.0,Completed,5,4.9,1,1.9,2025-07-26,2025-07-31
60530,Riverside Teaching Hospital,M1,Physician Wellness & Burnout Prevention,Teacher-Led Virtual,89.0,100.0,Completed,4,4.0,1,5.0,2025-05-23,2025-05-27
60530,Riverside Teaching Hospital,M1,Peer Mentorship & Clinical Team Communication,Blended,73.6,93.6,Completed,12,3.7,2,7.2,2025-04-13,2025-04-25
60531,Meridian Main Campus,M4,Psychiatric Interviewing & Mental Status Examination,Digital Workbook,45.7,,Dropped,,2.0,1,1.1,2025-04-04,
60531,Meridian Main Campus,M4,"Recognizing Depression, Anxiety & Suicide Risk",Digital Workbook,64.0,74.1,Completed,21,3.4,3,5.1,2025-06-25,2025-07-16
60531,Meridian Main Campus,M4,Trauma-Informed Care & Communication,Digital Workbook,41.3,56.2,Completed,18,3.0,1,4.1,2025-11-13,2025-12-01
60531,Meridian Main Campus,M4,De-escalation Micro-Skills for Acute Distress,Gamified Microlearning,55.3,74.0,Completed,4,4.9,1,1.1,2025-02-26,2025-03-02
60531,Meridian Main Campus,M4,Empathic Communication Quick Course,Gamified Microlearning,59.3,76.4,Completed,1,4.1,2,1.4,2025-05-07,2025-05-08
60531,Meridian Main Campus,M4,Physician Wellness & Burnout Prevention,Teacher-Led Virtual,70.0,85.8,Completed,7,5.0,1,4.2,2025-04-14,2025-04-21
60531,Meridian Main Campus,M4,Understanding Implicit Bias in Clinical Decision-Making,Digital Workbook,70.9,77.7,Completed,9,3.4,1,2.9,2025-04-29,2025-05-08
60532,University Health Partners,M4,Psychiatric Interviewing & Mental Status Examination,Digital Workbook,65.6,,Dropped,,1.9,2,2.3,2025-06-20,
60532,University Health Partners,M4,"Recognizing Depression, Anxiety & Suicide Risk",Digital Workbook,66.3,78.1,Completed,34,3.1,1,6.7,2025-01-15,2025-02-18
60532,University Health Partners,M4,Trauma-Informed Care & Communication,Digital Workbook,71.1,84.3,Completed,19,3.6,3,4.1,2025-01-17,2025-02-05
60532,University Health Partners,M4,De-escalation Micro-Skills for Acute Distress,Gamified Microlearning,51.7,72.8,Completed,2,4.1,1,1.1,2025-11-17,2025-11-19
60532,University Health Partners,M4,Empathic Communication Quick Course,Gamified Microlearning,73.5,95.9,Completed,2,4.3,2,1.9,2025-02-10,2025-02-12
60532,University Health Partners,M4,Motivational Interviewing Workshop,Blended,71.0,87.6,Completed,6,4.2,1,2.8,2025-02-12,2025-02-18
60532,University Health Partners,M4,Peer Mentorship & Clinical Team Communication,Blended,80.8,100.0,Completed,27,4.4,2,7.6,2025-01-25,2025-02-21
60533,Lakeside Medical Center,M2,Psychiatric Interviewing & Mental Status Examination,Digital Workbook,47.2,53.4,Completed,19,3.3,2,5.9,2025-08-11,2025-08-30
60533,Lakeside Medical Center,M2,"Recognizing Depression, Anxiety & Suicide Risk",Digital Workbook,67.4,,Dropped,,1.0,1,1.1,2025-06-07,
60533,Lakeside Medical Center,M2,Trauma-Informed Care & Communication,Digital Workbook,54.6,72.2,Completed,11,3.3,2,5.2,2025-04-15,2025-04-26
60533,Lakeside Medical Center,M2,De-escalation Micro-Skills for Acute Distress,Gamified Microlearning,77.1,93.4,Completed,2,4.8,1,1.0,2025-02-21,2025-02-23
60533,Lakeside Medical Center,M2,Empathic Communication Quick Course,Gamified Microlearning,59.3,73.0,Completed,2,4.9,2,1.8,2025-09-07,2025-09-09
60533,Lakeside Medical Center,M2,Intro to Cognitive Behavioral Therapy for Primary Care,Teacher-Led Virtual,67.0,,In Progress,,3.4,2,1.9,2025-08-31,
60533,Lakeside Medical Center,M2,Peer Mentorship & Clinical Team Communication,Blended,63.8,85.6,Completed,17,4.4,2,5.7,2025-05-31,2025-06-17
60533,Lakeside Medical Center,M2,Understanding Implicit Bias in Clinical Decision-Making,Digital Workbook,48.7,64.3,Completed,11,4.6,1,3.1,2025-03-04,2025-03-15
60534,Lakeside Medical Center,M4,Psychiatric Interviewing & Mental Status Examination,Digital Workbook,33.9,32.2,Completed,12,3.9,2,6.0,2025-08-15,2025-08-27
60534,Lakeside Medical Center,M4,"Recognizing Depression, Anxiety & Suicide Risk",Digital Workbook,42.3,,In Progress,,2.1,2,2.3,2025-09-04,
60534,Lakeside Medical Center,M4,Trauma-Informed Care & Communication,Digital Workbook,42.3,45.0,Completed,10,3.7,2,4.1,2025-02-16,2025-02-26
60534,Lakeside Medical Center,M4,De-escalation Micro-Skills for Acute Distress,Gamified Microlearning,57.8,76.9,Completed,3,5.0,1,0.9,2025-05-25,2025-05-28
60534,Lakeside Medical Center,M4,Empathic Communication Quick Course,Gamified Microlearning,30.7,42.7,Completed,6,4.7,3,1.5,2025-03-08,2025-03-14
60534,Lakeside Medical Center,M4,Understanding Implicit Bias in Clinical Decision-Making,Digital Workbook,65.9,82.2,Completed,7,4.2,2,3.2,2025-09-10,2025-09-17
60535,Riverside Teaching Hospital,M4,Psychiatric Interviewing & Mental Status Examination,Digital Workbook,72.6,74.6,Completed,29,3.2,2,7.6,2025-11-09,2025-12-08
60535,Riverside Teaching Hospital,M4,"Recognizing Depression, Anxiety & Suicide Risk",Digital Workbook,53.2,58.8,Completed,8,3.2,2,7.0,2025-01-16,2025-01-24
60535,Riverside Teaching Hospital,M4,Trauma-Informed Care & Communication,Digital Workbook,23.6,,Not Started,,,0,0.0,2025-01-29,
60535,Riverside Teaching Hospital,M4,De-escalation Micro-Skills for Acute Distress,Gamified Microlearning,42.5,51.3,Completed,2,4.4,3,1.1,2025-02-20,2025-02-22
60535,Riverside Teaching Hospital,M4,Empathic Communication Quick Course,Gamified Microlearning,38.1,51.7,Completed,4,4.6,3,1.6,2025-10-12,2025-10-16
60535,Riverside Teaching Hospital,M4,Understanding Implicit Bias in Clinical Decision-Making,Digital Workbook,50.2,,Dropped,,3.0,2,0.9,2025-10-10,
60536,Riverside Teaching Hospital,M2,Psychiatric Interviewing & Mental Status Examination,Digital Workbook,53.9,,Dropped,,1.7,3,1.8,2025-01-22,
60536,Riverside Teaching Hospital,M2,"Recognizing Depression, Anxiety & Suicide Risk",Digital Workbook,42.8,,Not Started,,,0,0.0,2025-11-08,
60536,Riverside Teaching Hospital,M2,Trauma-Informed Care & Communication,Digital Workbook,38.9,,Not Started,,,0,0.0,2025-08-19,
60536,Riverside Teaching Hospital,M2,De-escalation Micro-Skills for Acute Distress,Gamified Microlearning,47.2,,Not Started,,,0,0.0,2025-06-19,
60536,Riverside Teaching Hospital,M2,Empathic Communication Quick Course,Gamified Microlearning,54.1,73.7,Completed,2,4.8,2,1.6,2025-04-12,2025-04-14
60536,Riverside Teaching Hospital,M2,Physician Wellness & Burnout Prevention,Teacher-Led Virtual,57.3,79.4,Completed,15,4.2,1,4.1,2025-06-01,2025-06-16
60536,Riverside Teaching Hospital,M2,Peer Mentorship & Clinical Team Communication,Blended,57.3,69.1,Completed,21,5.0,2,6.1,2025-07-09,2025-07-30
60537,Community Health Institute,M4,Psychiatric Interviewing & Mental Status Examination,Digital Workbook,47.0,52.0,Completed,24,3.3,2,7.2,2025-07-04,2025-07-28
60537,Community Health Institute,M4,"Recognizing Depression, Anxiety & Suicide Risk",Digital Workbook,71.2,85.0,Completed,19,2.6,3,6.0,2025-01-06,2025-01-25
60537,Community Health Institute,M4,Trauma-Informed Care & Communication,Digital Workbook,62.6,,In Progress,,3.1,2,2.5,2025-05-04,
60537,Community Health Institute,M4,De-escalation Micro-Skills for Acute Distress,Gamified Microlearning,50.4,70.9,Completed,4,5.0,1,0.9,2025-07-19,2025-07-23
60537,Community Health Institute,M4,Empathic Communication Quick Course,Gamified Microlearning,71.8,86.9,Completed,2,5.0,1,1.4,2025-09-10,2025-09-12
60537,Community Health Institute,M4,Understanding Implicit Bias in Clinical Decision-Making,Digital Workbook,44.4,56.7,Completed,5,4.0,2,3.5,2025-03-27,2025-04-01
60537,Community Health Institute,M4,Intro to Cognitive Behavioral Therapy for Primary Care,Teacher-Led Virtual,40.1,50.7,Completed,12,3.6,2,2.9,2025-05-11,2025-05-23
60538,Riverside Teaching Hospital,M3,Psychiatric Interviewing & Mental Status Examination,Digital Workbook,62.4,73.0,Completed,17,4.0,3,5.5,2025-11-18,2025-12-05
60538,Riverside Teaching Hospital,M3,"Recognizing Depression, Anxiety & Suicide Risk",Digital Workbook,54.4,66.3,Completed,10,3.0,1,5.4,2025-06-13,2025-06-23
60538,Riverside Teaching Hospital,M3,Trauma-Informed Care & Communication,Digital Workbook,80.0,89.3,Completed,10,3.5,1,4.3,2025-10-27,2025-11-06
60538,Riverside Teaching Hospital,M3,De-escalation Micro-Skills for Acute Distress,Gamified Microlearning,77.1,96.3,Completed,3,4.5,3,1.0,2025-02-16,2025-02-19
60538,Riverside Teaching Hospital,M3,Empathic Communication Quick Course,Gamified Microlearning,85.4,100.0,Completed,3,4.2,1,1.5,2025-06-05,2025-06-08
60538,Riverside Teaching Hospital,M3,Physician Wellness & Burnout Prevention,Teacher-Led Virtual,49.5,63.6,Completed,6,4.1,1,3.5,2025-03-27,2025-04-02
60538,Riverside Teaching Hospital,M3,Motivational Interviewing Workshop,Blended,79.2,100.0,Completed,7,4.6,1,2.2,2025-09-28,2025-10-05
60539,Riverside Teaching Hospital,M2,Psychiatric Interviewing & Mental Status Examination,Digital Workbook,45.5,46.1,Completed,20,3.3,1,7.5,2025-09-08,2025-09-28
60539,Riverside Teaching Hospital,M2,"Recognizing Depression, Anxiety & Suicide Risk",Digital Workbook,66.2,68.3,Completed,16,3.3,2,5.4,2025-09-04,2025-09-20
60539,Riverside Teaching Hospital,M2,Trauma-Informed Care & Communication,Digital Workbook,58.7,58.8,Completed,19,3.6,1,5.2,2025-10-24,2025-11-12
60539,Riverside Teaching Hospital,M2,De-escalation Micro-Skills for Acute Distress,Gamified Microlearning,52.1,69.7,Completed,2,4.7,3,1.3,2025-05-14,2025-05-16
60539,Riverside Teaching Hospital,M2,Empathic Communication Quick Course,Gamified Microlearning,50.1,67.4,Completed,4,4.3,2,1.9,2025-08-06,2025-08-10
60539,Riverside Teaching Hospital,M2,Peer Mentorship & Clinical Team Communication,Blended,68.0,78.0,Completed,25,4.7,1,6.8,2025-07-25,2025-08-19
60540,University Health Partners,M2,Psychiatric Interviewing & Mental Status Examination,Digital Workbook,60.5,,In Progress,,2.7,2,3.5,2025-06-30,
60540,University Health Partners,M2,"Recognizing Depression, Anxiety & Suicide Risk",Digital Workbook,65.4,69.4,Completed,18,3.3,2,4.9,2025-02-26,2025-03-16
60540,University Health Partners,M2,Trauma-Informed Care & Communication,Digital Workbook,66.9,83.0,Completed,15,3.0,1,4.9,2025-07-06,2025-07-21
60540,University Health Partners,M2,De-escalation Micro-Skills for Acute Distress,Gamified Microlearning,64.0,83.9,Completed,2,3.5,2,1.3,2025-05-17,2025-05-19
60540,University Health Partners,M2,Empathic Communication Quick Course,Gamified Microlearning,57.6,75.3,Completed,7,4.3,1,1.4,2025-06-16,2025-06-23
60540,University Health Partners,M2,Peer Mentorship & Clinical Team Communication,Blended,70.4,93.5,Completed,24,4.3,1,7.3,2025-07-20,2025-08-13
60540,University Health Partners,M2,Motivational Interviewing Workshop,Blended,46.7,67.7,Completed,1,4.2,1,2.6,2025-07-21,2025-07-22
60540,University Health Partners,M2,Understanding Implicit Bias in Clinical Decision-Making,Digital Workbook,56.0,,In Progress,,3.4,1,1.7,2025-09-20,
60541,Meridian Main Campus,M4,Psychiatric Interviewing & Mental Status Examination,Digital Workbook,65.8,66.6,Completed,17,3.5,2,5.7,2025-05-09,2025-05-26
60541,Meridian Main Campus,M4,"Recognizing Depression, Anxiety & Suicide Risk",Digital Workbook,55.4,,Not Started,,,0,0.0,2025-01-24,
60541,Meridian Main Campus,M4,Trauma-Informed Care & Communication,Digital Workbook,52.0,56.6,Completed,12,3.2,1,4.5,2025-07-01,2025-07-13
60541,Meridian Main Campus,M4,De-escalation Micro-Skills for Acute Distress,Gamified Microlearning,62.1,80.7,Completed,4,4.8,1,1.0,2025-01-22,2025-01-26
60541,Meridian Main Campus,M4,Empathic Communication Quick Course,Gamified Microlearning,48.9,62.5,Completed,3,4.5,3,1.3,2025-08-20,2025-08-23
60541,Meridian Main Campus,M4,Intro to Cognitive Behavioral Therapy for Primary Care,Teacher-Led Virtual,47.7,58.8,Completed,11,3.9,1,2.8,2025-07-06,2025-07-17
60541,Meridian Main Campus,M4,Motivational Interviewing Workshop,Blended,49.2,63.5,Completed,5,4.5,1,2.2,2025-08-07,2025-08-12
60542,Lakeside Medical Center,M2,Psychiatric Interviewing & Mental Status Examination,Digital Workbook,67.5,71.9,Completed,11,3.2,2,7.6,2025-10-05,2025-10-16
60542,Lakeside Medical Center,M2,"Recognizing Depression, Anxiety & Suicide Risk",Digital Workbook,63.6,72.2,Completed,11,3.0,1,6.7,2025-10-09,2025-10-20
60542,Lakeside Medical Center,M2,Trauma-Informed Care & Communication,Digital Workbook,66.6,71.2,Completed,10,3.0,1,4.1,2025-11-03,2025-11-13
60542,Lakeside Medical Center,M2,De-escalation Micro-Skills for Acute Distress,Gamified Microlearning,63.9,,In Progress,,3.9,1,0.3,2025-02-04,
60542,Lakeside Medical Center,M2,Empathic Communication Quick Course,Gamified Microlearning,62.8,79.8,Completed,2,4.8,1,1.8,2025-10-09,2025-10-11
60542,Lakeside Medical Center,M2,Peer Mentorship & Clinical Team Communication,Blended,37.5,47.3,Completed,12,4.9,2,6.7,2025-08-15,2025-08-27
60542,Lakeside Medical Center,M2,Understanding Implicit Bias in Clinical Decision-Making,Digital Workbook,64.8,84.4,Completed,11,4.0,1,2.9,2025-04-16,2025-04-27
60543,Lakeside Medical Center,M3,Psychiatric Interviewing & Mental Status Examination,Digital Workbook,60.3,,Dropped,,2.0,1,2.1,2025-07-25,
60543,Lakeside Medical Center,M3,"Recognizing Depression, Anxiety & Suicide Risk",Digital Workbook,75.5,82.8,Completed,19,3.2,2,6.7,2025-11-12,2025-12-01
60543,Lakeside Medical Center,M3,Trauma-Informed Care & Communication,Digital Workbook,63.4,76.2,Completed,8,3.6,4,4.7,2025-11-05,2025-11-13
60543,Lakeside Medical Center,M3,De-escalation Micro-Skills for Acute Distress,Gamified Microlearning,62.9,75.4,Completed,4,3.9,2,1.1,2025-06-01,2025-06-05
60543,Lakeside Medical Center,M3,Empathic Communication Quick Course,Gamified Microlearning,51.5,67.8,Completed,3,4.3,2,1.4,2025-05-25,2025-05-28
60543,Lakeside Medical Center,M3,Peer Mentorship & Clinical Team Communication,Blended,45.0,55.2,Completed,9,4.6,2,5.7,2025-10-04,2025-10-13
60543,Lakeside Medical Center,M3,Understanding Implicit Bias in Clinical Decision-Making,Digital Workbook,62.3,,Dropped,,2.9,2,0.8,2025-05-25,
60544,Community Health Institute,M3,Psychiatric Interviewing & Mental Status Examination,Digital Workbook,66.9,79.4,Completed,22,2.8,2,5.6,2025-09-20,2025-10-12
60544,Community Health Institute,M3,"Recognizing Depression, Anxiety & Suicide Risk",Digital Workbook,71.0,,Not Started,,,0,0.0,2025-04-03,
60544,Community Health Institute,M3,Trauma-Informed Care & Communication,Digital Workbook,52.3,,Not Started,,,0,0.0,2025-06-01,
60544,Community Health Institute,M3,De-escalation Micro-Skills for Acute Distress,Gamified Microlearning,58.1,82.7,Completed,4,4.1,1,1.2,2025-03-31,2025-04-04
60544,Community Health Institute,M3,Empathic Communication Quick Course,Gamified Microlearning,60.8,82.3,Completed,2,4.5,2,1.6,2025-06-14,2025-06-16
60544,Community Health Institute,M3,Understanding Implicit Bias in Clinical Decision-Making,Digital Workbook,68.7,79.6,Completed,7,3.6,2,2.7,2025-06-28,2025-07-05
60544,Community Health Institute,M3,Intro to Cognitive Behavioral Therapy for Primary Care,Teacher-Led Virtual,66.9,85.3,Completed,6,3.8,2,3.6,2025-05-24,2025-05-30
60545,Riverside Teaching Hospital,M4,Psychiatric Interviewing & Mental Status Examination,Digital Workbook,58.6,,In Progress,,2.9,3,3.6,2025-02-22,
60545,Riverside Teaching Hospital,M4,"Recognizing Depression, Anxiety & Suicide Risk",Digital Workbook,36.7,36.9,Completed,9,3.6,3,5.6,2025-06-30,2025-07-09
60545,Riverside Teaching Hospital,M4,Trauma-Informed Care & Communication,Digital Workbook,54.0,,Dropped,,1.3,1,0.3,2025-03-04,
60545,Riverside Teaching Hospital,M4,De-escalation Micro-Skills for Acute Distress,Gamified Microlearning,33.8,43.0,Completed,1,4.5,1,0.9,2025-06-27,2025-06-28
60545,Riverside Teaching Hospital,M4,Empathic Communication Quick Course,Gamified Microlearning,49.3,59.2,Completed,2,4.5,2,1.7,2025-07-16,2025-07-18
60545,Riverside Teaching Hospital,M4,Motivational Interviewing Workshop,Blended,35.7,,Dropped,,2.7,2,0.7,2025-09-04,
60545,Riverside Teaching Hospital,M4,Understanding Implicit Bias in Clinical Decision-Making,Digital Workbook,66.3,81.8,Completed,9,3.3,1,3.8,2025-01-24,2025-02-02
60546,Meridian Main Campus,M2,Psychiatric Interviewing & Mental Status Examination,Digital Workbook,64.8,,Not Started,,,0,0.0,2025-10-11,
60546,Meridian Main Campus,M2,"Recognizing Depression, Anxiety & Suicide Risk",Digital Workbook,51.8,,Dropped,,2.0,2,0.3,2025-11-05,
60546,Meridian Main Campus,M2,Trauma-Informed Care & Communication,Digital Workbook,54.3,,In Progress,,2.5,2,2.1,2025-06-09,
60546,Meridian Main Campus,M2,De-escalation Micro-Skills for Acute Distress,Gamified Microlearning,59.8,77.6,Completed,3,4.6,1,1.2,2025-01-13,2025-01-16
60546,Meridian Main Campus,M2,Empathic Communication Quick Course,Gamified Microlearning,65.0,84.7,Completed,1,5.0,1,1.8,2025-06-04,2025-06-05
60546,Meridian Main Campus,M2,Intro to Cognitive Behavioral Therapy for Primary Care,Teacher-Led Virtual,59.9,72.1,Completed,12,3.9,2,3.5,2025-03-07,2025-03-19
60546,Meridian Main Campus,M2,Peer Mentorship & Clinical Team Communication,Blended,38.3,57.1,Completed,20,3.8,2,7.8,2025-08-18,2025-09-07
60546,Meridian Main Campus,M2,Physician Wellness & Burnout Prevention,Teacher-Led Virtual,54.0,66.4,Completed,11,3.4,1,4.4,2025-08-27,2025-09-07
60547,Community Health Institute,M4,Psychiatric Interviewing & Mental Status Examination,Digital Workbook,67.1,79.0,Completed,17,3.3,2,5.3,2025-08-06,2025-08-23
60547,Community Health Institute,M4,"Recognizing Depression, Anxiety & Suicide Risk",Digital Workbook,58.3,67.3,Completed,16,3.2,2,7.0,2025-04-05,2025-04-21
60547,Community Health Institute,M4,Trauma-Informed Care & Communication,Digital Workbook,48.1,55.5,Completed,19,3.6,2,5.4,2025-01-06,2025-01-25
60547,Community Health Institute,M4,De-escalation Micro-Skills for Acute Distress,Gamified Microlearning,57.4,85.8,Completed,4,5.0,1,1.1,2025-03-31,2025-04-04
60547,Community Health Institute,M4,Empathic Communication Quick Course,Gamified Microlearning,66.0,91.7,Completed,5,4.3,1,1.7,2025-09-11,2025-09-16
60547,Community Health Institute,M4,Peer Mentorship & Clinical Team Communication,Blended,68.0,93.6,Completed,24,4.5,1,7.3,2025-08-22,2025-09-15
60548,University Health Partners,M3,Psychiatric Interviewing & Mental Status Examination,Digital Workbook,24.6,,Dropped,,1.7,1,1.5,2025-02-06,
60548,University Health Partners,M3,"Recognizing Depression, Anxiety & Suicide Risk",Digital Workbook,41.5,,Dropped,,1.5,2,1.4,2025-08-22,
60548,University Health Partners,M3,Trauma-Informed Care & Communication,Digital Workbook,34.1,32.0,Completed,13,3.6,1,5.5,2025-02-12,2025-02-25
60548,University Health Partners,M3,De-escalation Micro-Skills for Acute Distress,Gamified Microlearning,56.4,69.3,Completed,1,4.0,1,0.9,2025-01-23,2025-01-24
60548,University Health Partners,M3,Empathic Communication Quick Course,Gamified Microlearning,59.8,73.0,Completed,4,5.0,1,1.5,2025-10-18,2025-10-22
60548,University Health Partners,M3,Physician Wellness & Burnout Prevention,Teacher-Led Virtual,66.4,80.0,Completed,15,3.8,2,3.5,2025-11-10,2025-11-25
60549,Riverside Teaching Hospital,M2,Psychiatric Interviewing & Mental Status Examination,Digital Workbook,86.3,,Dropped,,1.4,1,1.0,2025-04-12,
60549,Riverside Teaching Hospital,M2,"Recognizing Depression, Anxiety & Suicide Risk",Digital Workbook,77.5,90.8,Completed,21,3.3,1,5.5,2025-11-11,2025-12-02
60549,Riverside Teaching Hospital,M2,Trauma-Informed Care & Communication,Digital Workbook,63.9,78.9,Completed,14,3.0,1,4.2,2025-04-04,2025-04-18
60549,Riverside Teaching Hospital,M2,De-escalation Micro-Skills for Acute Distress,Gamified Microlearning,75.4,94.3,Completed,3,5.0,2,1.1,2025-03-30,2025-04-02
60549,Riverside Teaching Hospital,M2,Empathic Communication Quick Course,Gamified Microlearning,80.8,100.0,Completed,4,5.0,1,1.5,2025-03-11,2025-03-15
60549,Riverside Teaching Hospital,M2,Understanding Implicit Bias in Clinical Decision-Making,Digital Workbook,77.5,100.0,Completed,10,3.6,1,3.3,2025-04-03,2025-04-13
60549,Riverside Teaching Hospital,M2,Physician Wellness & Burnout Prevention,Teacher-Led Virtual,94.7,100.0,Completed,10,4.4,1,5.1,2025-03-15,2025-03-25
60549,Riverside Teaching Hospital,M2,Peer Mentorship & Clinical Team Communication,Blended,68.9,89.6,Completed,10,4.1,1,7.8,2025-09-26,2025-10-06
60550,Community Health Institute,M3,Psychiatric Interviewing & Mental Status Examination,Digital Workbook,70.6,,Not Started,,,0,0.0,2025-06-23,
60550,Community Health Institute,M3,"Recognizing Depression, Anxiety & Suicide Risk",Digital Workbook,81.9,,Not Started,,,0,0.0,2025-01-23,
60550,Community Health Institute,M3,Trauma-Informed Care & Communication,Digital Workbook,68.5,98.3,Completed,4,3.6,3,5.4,2025-09-29,2025-10-03
60550,Community Health Institute,M3,De-escalation Micro-Skills for Acute Distress,Gamified Microlearning,82.0,100.0,Completed,3,4.3,1,0.9,2025-06-15,2025-06-18
60550,Community Health Institute,M3,Empathic Communication Quick Course,Gamified Microlearning,55.9,71.7,Completed,3,4.9,2,1.5,2025-02-20,2025-02-23
60550,Community Health Institute,M3,Motivational Interviewing Workshop,Blended,64.1,82.5,Completed,7,4.3,1,2.3,2025-11-15,2025-11-22
60550,Community Health Institute,M3,Understanding Implicit Bias in Clinical Decision-Making,Digital Workbook,78.5,86.2,Completed,8,3.8,2,3.4,2025-05-18,2025-05-26
60551,University Health Partners,M4,Psychiatric Interviewing & Mental Status Examination,Digital Workbook,48.4,41.5,Completed,9,3.4,3,5.2,2025-05-22,2025-05-31
60551,University Health Partners,M4,"Recognizing Depression, Anxiety & Suicide Risk",Digital Workbook,41.5,,Dropped,,1.6,2,1.1,2025-06-18,
60551,University Health Partners,M4,Trauma-Informed Care & Communication,Digital Workbook,52.7,58.7,Completed,15,3.5,3,4.8,2025-04-15,2025-04-30
60551,University Health Partners,M4,De-escalation Micro-Skills for Acute Distress,Gamified Microlearning,39.6,52.2,Completed,4,4.4,2,1.0,2025-05-27,2025-05-31
60551,University Health Partners,M4,Empathic Communication Quick Course,Gamified Microlearning,51.5,69.2,Completed,5,4.5,2,1.6,2025-06-05,2025-06-10
60551,University Health Partners,M4,Physician Wellness & Burnout Prevention,Teacher-Led Virtual,45.4,57.8,Completed,9,3.8,3,4.5,2025-10-28,2025-11-06
60551,University Health Partners,M4,Intro to Cognitive Behavioral Therapy for Primary Care,Teacher-Led Virtual,50.1,65.4,Completed,10,3.6,3,3.2,2025-06-25,2025-07-05
60551,University Health Partners,M4,Motivational Interviewing Workshop,Blended,23.5,31.8,Completed,8,4.3,1,3.2,2025-04-06,2025-04-14
60552,Riverside Teaching Hospital,M1,Psychiatric Interviewing & Mental Status Examination,Digital Workbook,56.9,62.2,Completed,29,3.5,1,7.5,2025-06-08,2025-07-07
60552,Riverside Teaching Hospital,M1,"Recognizing Depression, Anxiety & Suicide Risk",Digital Workbook,60.1,,Not Started,,,0,0.0,2025-11-11,
60552,Riverside Teaching Hospital,M1,Trauma-Informed Care & Communication,Digital Workbook,68.1,71.3,Completed,11,3.0,3,5.1,2025-08-17,2025-08-28
60552,Riverside Teaching Hospital,M1,De-escalation Micro-Skills for Acute Distress,Gamified Microlearning,52.1,65.5,Completed,4,4.4,1,1.2,2025-06-01,2025-06-05
60552,Riverside Teaching Hospital,M1,Empathic Communication Quick Course,Gamified Microlearning,53.5,66.0,Completed,5,4.5,1,1.4,2025-04-02,2025-04-07
60552,Riverside Teaching Hospital,M1,Understanding Implicit Bias in Clinical Decision-Making,Digital Workbook,57.9,72.7,Completed,15,4.4,1,2.9,2025-04-06,2025-04-21
60552,Riverside Teaching Hospital,M1,Physician Wellness & Burnout Prevention,Teacher-Led Virtual,38.5,62.4,Completed,9,3.9,2,5.0,2025-06-02,2025-06-11
60553,Lakeside Medical Center,M4,Psychiatric Interviewing & Mental Status Examination,Digital Workbook,48.5,47.9,Completed,14,3.4,2,6.0,2025-07-05,2025-07-19
60553,Lakeside Medical Center,M4,"Recognizing Depression, Anxiety & Suicide Risk",Digital Workbook,47.2,,In Progress,,2.5,2,3.3,2025-02-06,
60553,Lakeside Medical Center,M4,Trauma-Informed Care & Communication,Digital Workbook,61.7,,Dropped,,1.9,1,0.3,2025-06-19,
60553,Lakeside Medical Center,M4,De-escalation Micro-Skills for Acute Distress,Gamified Microlearning,58.2,71.0,Completed,2,5.0,2,0.9,2025-10-18,2025-10-20
60553,Lakeside Medical Center,M4,Empathic Communication Quick Course,Gamified Microlearning,70.0,71.6,Completed,5,4.2,1,1.7,2025-02-08,2025-02-13
60553,Lakeside Medical Center,M4,Peer Mentorship & Clinical Team Communication,Blended,41.9,55.4,Completed,21,4.1,1,6.1,2025-04-15,2025-05-06
60553,Lakeside Medical Center,M4,Motivational Interviewing Workshop,Blended,75.2,92.8,Completed,8,3.4,2,2.2,2025-08-13,2025-08-21
60553,Lakeside Medical Center,M4,Intro to Cognitive Behavioral Therapy for Primary Care,Teacher-Led Virtual,67.6,83.5,Completed,4,3.7,2,3.4,2025-09-15,2025-09-19
60554,Lakeside Medical Center,M1,Psychiatric Interviewing & Mental Status Examination,Digital Workbook,39.2,,Dropped,,1.9,1,1.9,2025-06-12,
60554,Lakeside Medical Center,M1,"Recognizing Depression, Anxiety & Suicide Risk",Digital Workbook,51.2,,Not Started,,,0,0.0,2025-07-20,
60554,Lakeside Medical Center,M1,Trauma-Informed Care & Communication,Digital Workbook,60.5,73.0,Completed,17,2.3,2,5.1,2025-06-01,2025-06-18
60554,Lakeside Medical Center,M1,De-escalation Micro-Skills for Acute Distress,Gamified Microlearning,54.4,74.8,Completed,4,4.7,1,1.2,2025-02-28,2025-03-04
60554,Lakeside Medical Center,M1,Empathic Communication Quick Course,Gamified Microlearning,58.1,78.9,Completed,6,4.1,2,1.6,2025-01-17,2025-01-23
60554,Lakeside Medical Center,M1,Motivational Interviewing Workshop,Blended,61.8,81.0,Completed,7,4.5,1,2.9,2025-06-04,2025-06-11
60554,Lakeside Medical Center,M1,Physician Wellness & Burnout Prevention,Teacher-Led Virtual,79.6,87.7,Completed,15,4.1,2,4.6,2025-10-24,2025-11-08
60555,University Health Partners,M2,Psychiatric Interviewing & Mental Status Examination,Digital Workbook,93.3,100.0,Completed,15,3.5,2,5.2,2025-03-17,2025-04-01
60555,University Health Partners,M2,"Recognizing Depression, Anxiety & Suicide Risk",Digital Workbook,66.8,,Not Started,,,0,0.0,2025-02-01,
60555,University Health Partners,M2,Trauma-Informed Care & Communication,Digital Workbook,60.6,77.1,Completed,7,3.1,1,4.4,2025-08-05,2025-08-12
60555,University Health Partners,M2,De-escalation Micro-Skills for Acute Distress,Gamified Microlearning,71.0,93.8,Completed,3,4.5,1,1.3,2025-04-28,2025-05-01
60555,University Health Partners,M2,Empathic Communication Quick Course,Gamified Microlearning,77.0,100.0,Completed,6,4.8,1,1.9,2025-10-03,2025-10-09
60555,University Health Partners,M2,Understanding Implicit Bias in Clinical Decision-Making,Digital Workbook,66.2,86.5,Completed,8,4.2,1,3.8,2025-03-19,2025-03-27
60555,University Health Partners,M2,Intro to Cognitive Behavioral Therapy for Primary Care,Teacher-Led Virtual,77.5,100.0,Completed,15,3.8,1,3.9,2025-10-27,2025-11-11
60556,Lakeside Medical Center,M2,Psychiatric Interviewing & Mental Status Examination,Digital Workbook,64.8,,Not Started,,,0,0.0,2025-05-06,
60556,Lakeside Medical Center,M2,"Recognizing Depression, Anxiety & Suicide Risk",Digital Workbook,73.1,82.8,Completed,4,3.0,1,7.1,2025-11-04,2025-11-08
60556,Lakeside Medical Center,M2,Trauma-Informed Care & Communication,Digital Workbook,49.3,,In Progress,,3.2,1,1.7,2025-01-24,
60556,Lakeside Medical Center,M2,De-escalation Micro-Skills for Acute Distress,Gamified Microlearning,68.6,87.7,Completed,3,4.5,1,0.9,2025-01-27,2025-01-30
60556,Lakeside Medical Center,M2,Empathic Communication Quick Course,Gamified Microlearning,63.7,83.1,Completed,2,5.0,1,1.7,2025-04-05,2025-04-07
60556,Lakeside Medical Center,M2,Peer Mentorship & Clinical Team Communication,Blended,62.4,72.0,Completed,23,3.9,1,6.3,2025-06-03,2025-06-26
60556,Lakeside Medical Center,M2,Physician Wellness & Burnout Prevention,Teacher-Led Virtual,84.0,100.0,Completed,12,3.9,1,4.0,2025-08-03,2025-08-15
60557,Lakeside Medical Center,M2,Psychiatric Interviewing & Mental Status Examination,Digital Workbook,47.1,39.3,Completed,26,3.6,3,7.6,2025-10-02,2025-10-28
60557,Lakeside Medical Center,M2,"Recognizing Depression, Anxiety & Suicide Risk",Digital Workbook,37.1,40.7,Completed,18,3.6,2,5.7,2025-10-09,2025-10-27
60557,Lakeside Medical Center,M2,Trauma-Informed Care & Communication,Digital Workbook,56.5,,In Progress,,2.1,3,1.9,2025-01-21,
60557,Lakeside Medical Center,M2,De-escalation Micro-Skills for Acute Distress,Gamified Microlearning,38.4,47.1,Completed,1,4.5,1,1.3,2025-10-07,2025-10-08
60557,Lakeside Medical Center,M2,Empathic Communication Quick Course,Gamified Microlearning,41.1,54.4,Completed,2,4.9,2,1.5,2025-03-05,2025-03-07
60557,Lakeside Medical Center,M2,Peer Mentorship & Clinical Team Communication,Blended,35.4,53.5,Completed,13,4.3,3,7.0,2025-06-22,2025-07-05
60558,Meridian Main Campus,M3,Psychiatric Interviewing & Mental Status Examination,Digital Workbook,40.3,,Dropped,,2.1,2,0.9,2025-05-06,
60558,Meridian Main Campus,M3,"Recognizing Depression, Anxiety & Suicide Risk",Digital Workbook,61.7,63.4,Completed,12,3.5,2,5.1,2025-04-07,2025-04-19
60558,Meridian Main Campus,M3,Trauma-Informed Care & Communication,Digital Workbook,56.7,64.8,Completed,6,3.3,1,4.9,2025-04-24,2025-04-30
60558,Meridian Main Campus,M3,De-escalation Micro-Skills for Acute Distress,Gamified Microlearning,56.4,76.7,Completed,5,4.0,1,1.0,2025-11-02,2025-11-07
60558,Meridian Main Campus,M3,Empathic Communication Quick Course,Gamified Microlearning,50.5,70.6,Completed,5,4.2,2,1.8,2025-03-04,2025-03-09
60558,Meridian Main Campus,M3,Peer Mentorship & Clinical Team Communication,Blended,32.2,,In Progress,,3.2,1,3.7,2025-08-26,
60558,Meridian Main Campus,M3,Understanding Implicit Bias in Clinical Decision-Making,Digital Workbook,51.8,70.0,Completed,1,3.6,1,2.8,2025-01-29,2025-01-30
60559,Community Health Institute,M4,Psychiatric Interviewing & Mental Status Examination,Digital Workbook,34.9,,Dropped,,2.1,2,0.3,2025-04-16,
60559,Community Health Institute,M4,"Recognizing Depression, Anxiety & Suicide Risk",Digital Workbook,47.7,51.7,Completed,25,3.7,2,6.7,2025-02-20,2025-03-17
60559,Community Health Institute,M4,Trauma-Informed Care & Communication,Digital Workbook,31.3,35.0,Completed,8,2.8,3,5.4,2025-10-22,2025-10-30
60559,Community Health Institute,M4,De-escalation Micro-Skills for Acute Distress,Gamified Microlearning,47.7,59.6,Completed,2,3.7,1,0.9,2025-03-05,2025-03-07
60559,Community Health Institute,M4,Empathic Communication Quick Course,Gamified Microlearning,58.2,75.1,Completed,7,4.2,2,1.9,2025-10-15,2025-10-22
60559,Community Health Institute,M4,Intro to Cognitive Behavioral Therapy for Primary Care,Teacher-Led Virtual,45.6,,In Progress,,4.4,2,1.5,2025-08-16,
60559,Community Health Institute,M4,Motivational Interviewing Workshop,Blended,43.5,60.8,Completed,6,3.7,2,2.5,2025-01-21,2025-01-27
60559,Community Health Institute,M4,Peer Mentorship & Clinical Team Communication,Blended,34.4,52.2,Completed,5,3.8,3,5.7,2025-10-07,2025-10-12
60560,Lakeside Medical Center,M2,Psychiatric Interviewing & Mental Status Examination,Digital Workbook,75.9,81.9,Completed,14,3.9,2,6.5,2025-07-31,2025-08-14
60560,Lakeside Medical Center,M2,"Recognizing Depression, Anxiety & Suicide Risk",Digital Workbook,57.2,,In Progress,,3.4,2,1.5,2025-03-03,
60560,Lakeside Medical Center,M2,Trauma-Informed Care & Communication,Digital Workbook,49.4,,In Progress,,2.9,2,2.6,2025-07-09,
60560,Lakeside Medical Center,M2,De-escalation Micro-Skills for Acute Distress,Gamified Microlearning,55.4,83.3,Completed,3,4.5,1,0.9,2025-06-16,2025-06-19
60560,Lakeside Medical Center,M2,Empathic Communication Quick Course,Gamified Microlearning,72.6,96.8,Completed,5,4.3,1,1.3,2025-05-18,2025-05-23
60560,Lakeside Medical Center,M2,Understanding Implicit Bias in Clinical Decision-Making,Digital Workbook,68.0,75.5,Completed,11,4.4,1,3.2,2025-04-07,2025-04-18
60560,Lakeside Medical Center,M2,Physician Wellness & Burnout Prevention,Teacher-Led Virtual,59.6,71.0,Completed,14,3.7,2,3.9,2025-06-29,2025-07-13
60561,Community Health Institute,M4,Psychiatric Interviewing & Mental Status Examination,Digital Workbook,69.0,,In Progress,,2.8,2,3.5,2025-03-15,
60561,Community Health Institute,M4,"Recognizing Depression, Anxiety & Suicide Risk",Digital Workbook,77.2,,Dropped,,1.2,3,1.7,2025-04-02,
60561,Community Health Institute,M4,Trauma-Informed Care & Communication,Digital Workbook,38.4,,Dropped,,1.8,1,0.8,2025-06-05,
60561,Community Health Institute,M4,De-escalation Micro-Skills for Acute Distress,Gamified Microlearning,55.1,,Dropped,,3.1,2,0.3,2025-02-19,
60561,Community Health Institute,M4,Empathic Communication Quick Course,Gamified Microlearning,72.4,91.8,Completed,5,4.4,1,1.9,2025-11-04,2025-11-09
60561,Community Health Institute,M4,Peer Mentorship & Clinical Team Communication,Blended,47.2,,In Progress,,3.7,2,1.7,2025-04-29,
60562,University Health Partners,M1,Psychiatric Interviewing & Mental Status Examination,Digital Workbook,46.9,,Not Started,,,0,0.0,2025-09-25,
60562,University Health Partners,M1,"Recognizing Depression, Anxiety & Suicide Risk",Digital Workbook,41.3,39.2,Completed,17,3.3,3,4.8,2025-02-23,2025-03-12
60562,University Health Partners,M1,Trauma-Informed Care & Communication,Digital Workbook,52.9,61.3,Completed,8,4.0,3,4.4,2025-05-24,2025-06-01
60562,University Health Partners,M1,De-escalation Micro-Skills for Acute Distress,Gamified Microlearning,60.5,78.6,Completed,4,4.5,2,1.1,2025-05-22,2025-05-26
60562,University Health Partners,M1,Empathic Communication Quick Course,Gamified Microlearning,42.3,55.4,Completed,2,4.5,2,1.5,2025-05-14,2025-05-16
60562,University Health Partners,M1,Motivational Interviewing Workshop,Blended,44.4,51.1,Completed,4,4.2,2,2.7,2025-08-28,2025-09-01
60562,University Health Partners,M1,Physician Wellness & Burnout Prevention,Teacher-Led Virtual,50.4,,In Progress,,4.4,2,2.7,2025-11-11,
60563,Lakeside Medical Center,M1,Psychiatric Interviewing & Mental Status Examination,Digital Workbook,61.1,,Not Started,,,0,0.0,2025-06-23,
60563,Lakeside Medical Center,M1,"Recognizing Depression, Anxiety & Suicide Risk",Digital Workbook,70.7,,Dropped,,1.7,3,1.5,2025-05-16,
60563,Lakeside Medical Center,M1,Trauma-Informed Care & Communication,Digital Workbook,47.4,59.5,Completed,3,3.7,2,4.1,2025-10-01,2025-10-04
60563,Lakeside Medical Center,M1,De-escalation Micro-Skills for Acute Distress,Gamified Microlearning,61.7,77.4,Completed,3,4.1,1,1.2,2025-05-20,2025-05-23
60563,Lakeside Medical Center,M1,Empathic Communication Quick Course,Gamified Microlearning,66.6,91.8,Completed,5,5.0,1,1.5,2025-11-11,2025-11-16
60563,Lakeside Medical Center,M1,Physician Wellness & Burnout Prevention,Teacher-Led Virtual,45.9,62.6,Completed,19,3.6,1,4.2,2025-05-04,2025-05-23
60563,Lakeside Medical Center,M1,Intro to Cognitive Behavioral Therapy for Primary Care,Teacher-Led Virtual,48.9,61.7,Completed,11,3.5,2,2.7,2025-07-30,2025-08-10
60564,Lakeside Medical Center,M1,Psychiatric Interviewing & Mental Status Examination,Digital Workbook,60.2,,Dropped,,1.8,2,0.8,2025-10-19,
60564,Lakeside Medical Center,M1,"Recognizing Depression, Anxiety & Suicide Risk",Digital Workbook,60.6,,In Progress,,2.5,2,2.7,2025-06-14,
60564,Lakeside Medical Center,M1,Trauma-Informed Care & Communication,Digital Workbook,47.5,,Dropped,,1.8,1,1.4,2025-01-17,
60564,Lakeside Medical Center,M1,De-escalation Micro-Skills for Acute Distress,Gamified Microlearning,64.2,,In Progress,,3.8,1,0.5,2025-02-21,
60564,Lakeside Medical Center,M1,Empathic Communication Quick Course,Gamified Microlearning,65.4,84.0,Completed,8,4.0,3,1.7,2025-04-25,2025-05-03
60564,Lakeside Medical Center,M1,Motivational Interviewing Workshop,Blended,50.2,62.4,Completed,6,3.5,1,3.0,2025-03-18,2025-03-24
60564,Lakeside Medical Center,M1,Understanding Implicit Bias in Clinical Decision-Making,Digital Workbook,60.3,77.1,Completed,7,3.0,1,3.0,2025-11-02,2025-11-09
60565,Meridian Main Campus,M2,Psychiatric Interviewing & Mental Status Examination,Digital Workbook,54.8,55.8,Completed,23,2.8,2,7.7,2025-05-30,2025-06-22
60565,Meridian Main Campus,M2,"Recognizing Depression, Anxiety & Suicide Risk",Digital Workbook,68.2,74.7,Completed,24,3.0,1,6.1,2025-11-16,2025-12-10
60565,Meridian Main Campus,M2,Trauma-Informed Care & Communication,Digital Workbook,61.5,70.7,Completed,17,3.7,2,5.7,2025-03-03,2025-03-20
60565,Meridian Main Campus,M2,De-escalation Micro-Skills for Acute Distress,Gamified Microlearning,54.3,76.4,Completed,1,4.8,1,0.9,2025-01-22,2025-01-23
60565,Meridian Main Campus,M2,Empathic Communication Quick Course,Gamified Microlearning,67.0,87.5,Completed,7,3.9,1,1.5,2025-10-12,2025-10-19
60565,Meridian Main Campus,M2,Peer Mentorship & Clinical Team Communication,Blended,66.7,89.9,Completed,15,4.3,2,6.2,2025-04-03,2025-04-18
60566,University Health Partners,M1,Psychiatric Interviewing & Mental Status Examination,Digital Workbook,71.6,,Dropped,,2.1,1,1.6,2025-03-12,
60566,University Health Partners,M1,"Recognizing Depression, Anxiety & Suicide Risk",Digital Workbook,59.2,71.5,Completed,24,3.1,2,6.1,2025-04-19,2025-05-13
60566,University Health Partners,M1,Trauma-Informed Care & Communication,Digital Workbook,70.3,,Not Started,,,0,0.0,2025-09-01,
60566,University Health Partners,M1,De-escalation Micro-Skills for Acute Distress,Gamified Microlearning,67.4,92.2,Completed,2,4.5,1,1.1,2025-10-14,2025-10-16
60566,University Health Partners,M1,Empathic Communication Quick Course,Gamified Microlearning,67.5,81.0,Completed,4,4.3,2,1.9,2025-04-28,2025-05-02
60566,University Health Partners,M1,Motivational Interviewing Workshop,Blended,57.5,67.2,Completed,5,3.9,2,2.5,2025-04-11,2025-04-16
60566,University Health Partners,M1,Intro to Cognitive Behavioral Therapy for Primary Care,Teacher-Led Virtual,70.9,90.0,Completed,8,4.0,2,2.7,2025-05-22,2025-05-30
60566,University Health Partners,M1,Understanding Implicit Bias in Clinical Decision-Making,Digital Workbook,71.0,91.4,Completed,10,3.5,2,3.8,2025-05-17,2025-05-27
60567,Riverside Teaching Hospital,M4,Psychiatric Interviewing & Mental Status Examination,Digital Workbook,80.2,85.5,Completed,16,3.2,1,7.2,2025-08-28,2025-09-13
60567,Riverside Teaching Hospital,M4,"Recognizing Depression, Anxiety & Suicide Risk",Digital Workbook,67.4,,Dropped,,1.5,2,0.5,2025-04-30,
60567,Riverside Teaching Hospital,M4,Trauma-Informed Care & Communication,Digital Workbook,89.0,100.0,Completed,13,2.9,1,4.3,2025-06-08,2025-06-21
60567,Riverside Teaching Hospital,M4,De-escalation Micro-Skills for Acute Distress,Gamified Microlearning,69.5,92.9,Completed,4,4.7,1,1.1,2025-09-29,2025-10-03
60567,Riverside Teaching Hospital,M4,Empathic Communication Quick Course,Gamified Microlearning,68.2,90.6,Completed,4,5.0,2,1.4,2025-04-21,2025-04-25
60567,Riverside Teaching Hospital,M4,Understanding Implicit Bias in Clinical Decision-Making,Digital Workbook,80.5,93.4,Completed,14,3.9,2,2.6,2025-06-14,2025-06-28
60567,Riverside Teaching Hospital,M4,Motivational Interviewing Workshop,Blended,74.1,100.0,Completed,6,4.8,1,3.2,2025-03-22,2025-03-28
60568,Lakeside Medical Center,M3,Psychiatric Interviewing & Mental Status Examination,Digital Workbook,47.2,58.8,Completed,17,3.8,1,5.5,2025-02-17,2025-03-06
60568,Lakeside Medical Center,M3,"Recognizing Depression, Anxiety & Suicide Risk",Digital Workbook,59.4,,Not Started,,,0,0.0,2025-05-14,
60568,Lakeside Medical Center,M3,Trauma-Informed Care & Communication,Digital Workbook,71.0,82.5,Completed,17,3.2,2,4.9,2025-03-14,2025-03-31
60568,Lakeside Medical Center,M3,De-escalation Micro-Skills for Acute Distress,Gamified Microlearning,70.0,97.0,Completed,5,4.9,1,1.3,2025-11-08,2025-11-13
60568,Lakeside Medical Center,M3,Empathic Communication Quick Course,Gamified Microlearning,60.6,82.7,Completed,4,4.4,1,1.7,2025-07-06,2025-07-10
60568,Lakeside Medical Center,M3,Motivational Interviewing Workshop,Blended,66.4,80.8,Completed,11,4.7,1,2.5,2025-04-24,2025-05-05
60569,Community Health Institute,M4,Psychiatric Interviewing & Mental Status Examination,Digital Workbook,65.2,,In Progress,,2.1,1,2.1,2025-08-04,
60569,Community Health Institute,M4,"Recognizing Depression, Anxiety & Suicide Risk",Digital Workbook,70.2,,Dropped,,2.2,2,1.8,2025-07-01,
60569,Community Health Institute,M4,Trauma-Informed Care & Communication,Digital Workbook,67.9,92.5,Completed,12,3.2,2,4.6,2025-08-07,2025-08-19
60569,Community Health Institute,M4,De-escalation Micro-Skills for Acute Distress,Gamified Microlearning,79.2,,Not Started,,,0,0.0,2025-01-30,
60569,Community Health Institute,M4,Empathic Communication Quick Course,Gamified Microlearning,80.8,100.0,Completed,5,4.0,1,1.3,2025-07-31,2025-08-05
60569,Community Health Institute,M4,Motivational Interviewing Workshop,Blended,95.0,100.0,Completed,1,4.3,1,3.0,2025-07-12,2025-07-13
60569,Community Health Institute,M4,Peer Mentorship & Clinical Team Communication,Blended,82.9,100.0,Completed,14,4.7,1,5.5,2025-03-06,2025-03-20
60570,University Health Partners,M4,Psychiatric Interviewing & Mental Status Examination,Digital Workbook,62.5,,In Progress,,2.5,1,1.7,2025-03-12,
60570,University Health Partners,M4,"Recognizing Depression, Anxiety & Suicide Risk",Digital Workbook,43.2,41.5,Completed,30,2.9,2,5.8,2025-07-15,2025-08-14
60570,University Health Partners,M4,Trauma-Informed Care & Communication,Digital Workbook,51.5,,In Progress,,2.3,2,2.6,2025-10-18,
60570,University Health Partners,M4,De-escalation Micro-Skills for Acute Distress,Gamified Microlearning,51.4,64.8,Completed,2,4.5,2,1.0,2025-03-17,2025-03-19
60570,University Health Partners,M4,Empathic Communication Quick Course,Gamified Microlearning,69.3,88.3,Completed,2,4.4,1,1.7,2025-02-02,2025-02-04
60570,University Health Partners,M4,Intro to Cognitive Behavioral Therapy for Primary Care,Teacher-Led Virtual,44.1,53.8,Completed,4,3.9,2,2.7,2025-10-27,2025-10-31
60570,University Health Partners,M4,Motivational Interviewing Workshop,Blended,50.5,65.8,Completed,5,4.2,3,2.6,2025-08-28,2025-09-02
60570,University Health Partners,M4,Understanding Implicit Bias in Clinical Decision-Making,Digital Workbook,61.3,72.2,Completed,10,3.7,1,2.7,2025-10-01,2025-10-11
60571,Meridian Main Campus,M1,Psychiatric Interviewing & Mental Status Examination,Digital Workbook,48.0,,In Progress,,2.9,2,2.0,2025-05-18,
60571,Meridian Main Campus,M1,"Recognizing Depression, Anxiety & Suicide Risk",Digital Workbook,62.6,71.5,Completed,25,2.5,2,5.0,2025-10-02,2025-10-27
60571,Meridian Main Campus,M1,Trauma-Informed Care & Communication,Digital Workbook,39.9,,Dropped,,1.9,2,0.5,2025-07-31,
60571,Meridian Main Campus,M1,De-escalation Micro-Skills for Acute Distress,Gamified Microlearning,62.5,76.6,Completed,4,4.8,1,1.2,2025-10-03,2025-10-07
60571,Meridian Main Campus,M1,Empathic Communication Quick Course,Gamified Microlearning,42.0,50.7,Completed,4,4.0,2,1.8,2025-09-15,2025-09-19
60571,Meridian Main Campus,M1,Peer Mentorship & Clinical Team Communication,Blended,72.0,84.5,Completed,14,4.0,2,7.4,2025-04-18,2025-05-02
60572,Riverside Teaching Hospital,M1,Psychiatric Interviewing & Mental Status Examination,Digital Workbook,50.6,,In Progress,,2.8,2,3.8,2025-08-06,
60572,Riverside Teaching Hospital,M1,"Recognizing Depression, Anxiety & Suicide Risk",Digital Workbook,67.7,71.8,Completed,19,3.5,1,5.8,2025-11-15,2025-12-04
60572,Riverside Teaching Hospital,M1,Trauma-Informed Care & Communication,Digital Workbook,73.6,79.7,Completed,15,3.1,2,4.8,2025-01-07,2025-01-22
60572,Riverside Teaching Hospital,M1,De-escalation Micro-Skills for Acute Distress,Gamified Microlearning,63.8,76.3,Completed,2,4.5,1,0.9,2025-08-10,2025-08-12
60572,Riverside Teaching Hospital,M1,Empathic Communication Quick Course,Gamified Microlearning,51.7,69.0,Completed,4,5.0,1,1.9,2025-10-30,2025-11-03
60572,Riverside Teaching Hospital,M1,Understanding Implicit Bias in Clinical Decision-Making,Digital Workbook,58.3,75.9,Completed,6,3.5,1,3.1,2025-03-03,2025-03-09
60573,Meridian Main Campus,M1,Psychiatric Interviewing & Mental Status Examination,Digital Workbook,52.1,65.5,Completed,27,3.2,1,6.8,2025-03-28,2025-04-24
60573,Meridian Main Campus,M1,"Recognizing Depression, Anxiety & Suicide Risk",Digital Workbook,58.6,61.3,Completed,15,3.7,2,5.1,2025-05-22,2025-06-06
60573,Meridian Main Campus,M1,Trauma-Informed Care & Communication,Digital Workbook,67.2,73.5,Completed,14,3.1,2,4.9,2025-04-24,2025-05-08
60573,Meridian Main Campus,M1,De-escalation Micro-Skills for Acute Distress,Gamified Microlearning,70.4,92.8,Completed,1,4.5,1,1.2,2025-01-31,2025-02-01
60573,Meridian Main Campus,M1,Empathic Communication Quick Course,Gamified Microlearning,45.9,56.8,Completed,5,5.0,2,1.8,2025-02-19,2025-02-24
60573,Meridian Main Campus,M1,Motivational Interviewing Workshop,Blended,40.6,54.1,Completed,14,4.2,2,2.8,2025-01-11,2025-01-25
60573,Meridian Main Campus,M1,Physician Wellness & Burnout Prevention,Teacher-Led Virtual,54.7,71.9,Completed,15,3.7,1,4.0,2025-03-07,2025-03-22
60574,Lakeside Medical Center,M4,Psychiatric Interviewing & Mental Status Examination,Digital Workbook,60.3,72.2,Completed,15,3.3,2,5.3,2025-08-04,2025-08-19
60574,Lakeside Medical Center,M4,"Recognizing Depression, Anxiety & Suicide Risk",Digital Workbook,45.9,51.9,Completed,18,3.4,3,4.7,2025-03-15,2025-04-02
60574,Lakeside Medical Center,M4,Trauma-Informed Care & Communication,Digital Workbook,55.2,66.3,Completed,12,3.9,1,4.4,2025-03-15,2025-03-27
60574,Lakeside Medical Center,M4,De-escalation Micro-Skills for Acute Distress,Gamified Microlearning,81.1,95.1,Completed,1,4.9,2,1.1,2025-03-21,2025-03-22
60574,Lakeside Medical Center,M4,Empathic Communication Quick Course,Gamified Microlearning,75.4,94.5,Completed,5,4.5,2,1.4,2025-06-10,2025-06-15
60574,Lakeside Medical Center,M4,Motivational Interviewing Workshop,Blended,56.3,75.3,Completed,9,3.3,1,3.0,2025-01-24,2025-02-02
60574,Lakeside Medical Center,M4,Intro to Cognitive Behavioral Therapy for Primary Care,Teacher-Led Virtual,57.7,74.5,Completed,8,3.9,1,3.0,2025-03-02,2025-03-10
60574,Lakeside Medical Center,M4,Understanding Implicit Bias in Clinical Decision-Making,Digital Workbook,72.6,82.2,Completed,15,3.5,2,3.0,2025-01-31,2025-02-15
60575,University Health Partners,M1,Psychiatric Interviewing & Mental Status Examination,Digital Workbook,41.6,45.5,Completed,18,2.8,1,5.5,2025-05-25,2025-06-12
60575,University Health Partners,M1,"Recognizing Depression, Anxiety & Suicide Risk",Digital Workbook,61.0,,Dropped,,2.2,2,1.6,2025-02-08,
60575,University Health Partners,M1,Trauma-Informed Care & Communication,Digital Workbook,42.4,,In Progress,,2.6,2,2.6,2025-06-04,
60575,University Health Partners,M1,De-escalation Micro-Skills for Acute Distress,Gamified Microlearning,62.3,86.6,Completed,2,4.4,2,0.9,2025-04-09,2025-04-11
60575,University Health Partners,M1,Empathic Communication Quick Course,Gamified Microlearning,61.7,85.1,Completed,4,4.7,1,1.6,2025-05-14,2025-05-18
60575,University Health Partners,M1,Motivational Interviewing Workshop,Blended,70.8,85.4,Completed,8,3.8,2,3.1,2025-02-02,2025-02-10
60576,Community Health Institute,M4,Psychiatric Interviewing & Mental Status Examination,Digital Workbook,74.1,84.5,Completed,14,3.0,1,7.6,2025-11-13,2025-11-27
60576,Community Health Institute,M4,"Recognizing Depression, Anxiety & Suicide Risk",Digital Workbook,61.2,76.1,Completed,10,3.5,2,5.3,2025-05-02,2025-05-12
60576,Community Health Institute,M4,Trauma-Informed Care & Communication,Digital Workbook,77.5,84.9,Completed,15,3.5,2,5.6,2025-11-08,2025-11-23
60576,Community Health Institute,M4,De-escalation Micro-Skills for Acute Distress,Gamified Microlearning,80.4,97.5,Completed,3,4.7,1,0.9,2025-02-03,2025-02-06
60576,Community Health Institute,M4,Empathic Communication Quick Course,Gamified Microlearning,57.3,76.6,Completed,3,3.7,1,1.7,2025-07-27,2025-07-30
60576,Community Health Institute,M4,Motivational Interviewing Workshop,Blended,69.6,90.5,Completed,9,2.9,2,3.0,2025-01-07,2025-01-16
60577,Lakeside Medical Center,M4,Psychiatric Interviewing & Mental Status Examination,Digital Workbook,24.1,,Dropped,,1.7,2,1.4,2025-08-25,
60577,Lakeside Medical Center,M4,"Recognizing Depression, Anxiety & Suicide Risk",Digital Workbook,27.3,31.1,Completed,22,3.6,4,5.4,2025-08-23,2025-09-14
60577,Lakeside Medical Center,M4,Trauma-Informed Care & Communication,Digital Workbook,35.1,,Dropped,,1.6,1,1.5,2025-10-18,
60577,Lakeside Medical Center,M4,De-escalation Micro-Skills for Acute Distress,Gamified Microlearning,22.3,32.8,Completed,2,4.4,3,1.1,2025-10-30,2025-11-01
60577,Lakeside Medical Center,M4,Empathic Communication Quick Course,Gamified Microlearning,33.2,,Not Started,,,0,0.0,2025-09-07,
60577,Lakeside Medical Center,M4,Physician Wellness & Burnout Prevention,Teacher-Led Virtual,44.5,50.0,Completed,14,3.6,3,5.2,2025-07-24,2025-08-07
60578,Lakeside Medical Center,M3,Psychiatric Interviewing & Mental Status Examination,Digital Workbook,56.8,62.4,Completed,22,4.3,2,6.8,2025-02-07,2025-03-01
60578,Lakeside Medical Center,M3,"Recognizing Depression, Anxiety & Suicide Risk",Digital Workbook,57.3,75.8,Completed,20,3.2,1,4.9,2025-07-09,2025-07-29
60578,Lakeside Medical Center,M3,Trauma-Informed Care & Communication,Digital Workbook,65.9,79.5,Completed,12,3.4,1,4.1,2025-07-22,2025-08-03
60578,Lakeside Medical Center,M3,De-escalation Micro-Skills for Acute Distress,Gamified Microlearning,69.1,,In Progress,,3.7,2,0.4,2025-01-15,
60578,Lakeside Medical Center,M3,Empathic Communication Quick Course,Gamified Microlearning,51.9,70.6,Completed,5,4.7,1,1.4,2025-05-01,2025-05-06
60578,Lakeside Medical Center,M3,Peer Mentorship & Clinical Team Communication,Blended,88.6,99.6,Completed,18,4.7,2,5.7,2025-03-13,2025-03-31
60578,Lakeside Medical Center,M3,Intro to Cognitive Behavioral Therapy for Primary Care,Teacher-Led Virtual,48.6,64.2,Completed,8,4.1,2,3.5,2025-10-29,2025-11-06
60579,Lakeside Medical Center,M4,Psychiatric Interviewing & Mental Status Examination,Digital Workbook,62.5,,Dropped,,1.5,2,1.2,2025-02-02,
60579,Lakeside Medical Center,M4,"Recognizing Depression, Anxiety & Suicide Risk",Digital Workbook,67.3,,Not Started,,,0,0.0,2025-03-23,
60579,Lakeside Medical Center,M4,Trauma-Informed Care & Communication,Digital Workbook,66.7,77.9,Completed,14,3.3,1,4.2,2025-07-26,2025-08-09
60579,Lakeside Medical Center,M4,De-escalation Micro-Skills for Acute Distress,Gamified Microlearning,67.3,85.9,Completed,2,5.0,2,1.0,2025-02-18,2025-02-20
60579,Lakeside Medical Center,M4,Empathic Communication Quick Course,Gamified Microlearning,86.5,100.0,Completed,6,4.6,1,1.8,2025-07-08,2025-07-14
60579,Lakeside Medical Center,M4,Peer Mentorship & Clinical Team Communication,Blended,67.9,,In Progress,,2.9,2,1.8,2025-08-23,
60580,Meridian Main Campus,M3,Psychiatric Interviewing & Mental Status Examination,Digital Workbook,52.0,54.6,Completed,18,3.6,2,5.5,2025-05-22,2025-06-09
60580,Meridian Main Campus,M3,"Recognizing Depression, Anxiety & Suicide Risk",Digital Workbook,45.4,47.9,Completed,20,2.9,2,6.4,2025-08-29,2025-09-18
60580,Meridian Main Campus,M3,Trauma-Informed Care & Communication,Digital Workbook,62.3,66.8,Completed,11,3.2,2,4.3,2025-06-16,2025-06-27
60580,Meridian Main Campus,M3,De-escalation Micro-Skills for Acute Distress,Gamified Microlearning,49.8,73.8,Completed,3,4.3,1,1.1,2025-10-17,2025-10-20
60580,Meridian Main Campus,M3,Empathic Communication Quick Course,Gamified Microlearning,66.0,89.4,Completed,7,5.0,2,1.3,2025-06-27,2025-07-04
60580,Meridian Main Campus,M3,Motivational Interviewing Workshop,Blended,49.1,68.4,Completed,4,4.3,1,3.1,2025-02-02,2025-02-06
60580,Meridian Main Campus,M3,Intro to Cognitive Behavioral Therapy for Primary Care,Teacher-Led Virtual,65.1,79.9,Completed,7,3.8,2,3.9,2025-06-06,2025-06-13
60581,Lakeside Medical Center,M4,Psychiatric Interviewing & Mental Status Examination,Digital Workbook,51.4,54.4,Completed,13,4.0,2,7.2,2025-09-19,2025-10-02
60581,Lakeside Medical Center,M4,"Recognizing Depression, Anxiety & Suicide Risk",Digital Workbook,42.2,50.0,Completed,15,2.9,2,5.2,2025-06-22,2025-07-07
60581,Lakeside Medical Center,M4,Trauma-Informed Care & Communication,Digital Workbook,49.2,44.0,Completed,27,3.2,1,4.1,2025-05-05,2025-06-01
60581,Lakeside Medical Center,M4,De-escalation Micro-Skills for Acute Distress,Gamified Microlearning,53.4,71.5,Completed,2,3.4,1,1.2,2025-01-23,2025-01-25
60581,Lakeside Medical Center,M4,Empathic Communication Quick Course,Gamified Microlearning,63.3,83.6,Completed,3,4.7,2,1.9,2025-06-07,2025-06-10
60581,Lakeside Medical Center,M4,Physician Wellness & Burnout Prevention,Teacher-Led Virtual,47.6,70.2,Completed,9,3.8,2,4.7,2025-10-07,2025-10-16
60581,Lakeside Medical Center,M4,Understanding Implicit Bias in Clinical Decision-Making,Digital Workbook,62.9,83.5,Completed,9,3.4,2,3.9,2025-01-18,2025-01-27
60582,University Health Partners,M3,Psychiatric Interviewing & Mental Status Examination,Digital Workbook,49.8,56.9,Completed,13,3.7,1,7.0,2025-02-22,2025-03-07
60582,University Health Partners,M3,"Recognizing Depression, Anxiety & Suicide Risk",Digital Workbook,36.4,,Dropped,,1.4,2,1.9,2025-02-25,
60582,University Health Partners,M3,Trauma-Informed Care & Communication,Digital Workbook,52.6,57.3,Completed,10,3.5,2,4.2,2025-09-26,2025-10-06
60582,University Health Partners,M3,De-escalation Micro-Skills for Acute Distress,Gamified Microlearning,58.8,78.3,Completed,1,4.0,1,1.3,2025-08-19,2025-08-20
60582,University Health Partners,M3,Empathic Communication Quick Course,Gamified Microlearning,55.9,66.9,Completed,4,4.1,2,1.4,2025-01-10,2025-01-14
60582,University Health Partners,M3,Intro to Cognitive Behavioral Therapy for Primary Care,Teacher-Led Virtual,55.2,,In Progress,,2.9,2,1.9,2025-06-10,
60582,University Health Partners,M3,Motivational Interviewing Workshop,Blended,76.6,89.1,Completed,10,4.6,2,3.0,2025-05-10,2025-05-20
60583,Lakeside Medical Center,M1,Psychiatric Interviewing & Mental Status Examination,Digital Workbook,42.2,48.9,Completed,23,3.4,3,5.6,2025-05-19,2025-06-11
60583,Lakeside Medical Center,M1,"Recognizing Depression, Anxiety & Suicide Risk",Digital Workbook,33.3,,Not Started,,,0,0.0,2025-10-01,
60583,Lakeside Medical Center,M1,Trauma-Informed Care & Communication,Digital Workbook,43.0,49.9,Completed,15,3.2,2,4.3,2025-09-10,2025-09-25
60583,Lakeside Medical Center,M1,De-escalation Micro-Skills for Acute Distress,Gamified Microlearning,39.7,55.0,Completed,1,4.0,2,1.2,2025-09-02,2025-09-03
60583,Lakeside Medical Center,M1,Empathic Communication Quick Course,Gamified Microlearning,41.1,52.6,Completed,5,4.3,1,1.6,2025-01-22,2025-01-27
60583,Lakeside Medical Center,M1,Peer Mentorship & Clinical Team Communication,Blended,33.8,41.4,Completed,19,4.2,2,5.5,2025-05-08,2025-05-27
60584,Meridian Main Campus,M3,Psychiatric Interviewing & Mental Status Examination,Digital Workbook,38.9,,Dropped,,1.0,2,0.8,2025-03-14,
60584,Meridian Main Campus,M3,"Recognizing Depression, Anxiety & Suicide Risk",Digital Workbook,37.4,,In Progress,,2.9,2,3.6,2025-04-17,
60584,Meridian Main Campus,M3,Trauma-Informed Care & Communication,Digital Workbook,27.7,25.7,Completed,11,3.0,2,5.2,2025-09-01,2025-09-12
60584,Meridian Main Campus,M3,De-escalation Micro-Skills for Acute Distress,Gamified Microlearning,57.9,73.8,Completed,4,4.4,1,1.0,2025-07-16,2025-07-20
60584,Meridian Main Campus,M3,Empathic Communication Quick Course,Gamified Microlearning,30.7,40.7,Completed,6,3.7,3,1.5,2025-09-14,2025-09-20
60584,Meridian Main Campus,M3,Intro to Cognitive Behavioral Therapy for Primary Care,Teacher-Led Virtual,55.2,64.4,Completed,9,4.1,2,3.2,2025-03-15,2025-03-24
60585,Community Health Institute,M1,Psychiatric Interviewing & Mental Status Examination,Digital Workbook,54.1,,Dropped,,1.5,2,1.5,2025-11-07,
60585,Community Health Institute,M1,"Recognizing Depression, Anxiety & Suicide Risk",Digital Workbook,63.7,,In Progress,,2.7,1,3.8,2025-08-27,
60585,Community Health Institute,M1,Trauma-Informed Care & Communication,Digital Workbook,46.7,,Not Started,,,0,0.0,2025-06-05,
60585,Community Health Institute,M1,De-escalation Micro-Skills for Acute Distress,Gamified Microlearning,74.2,95.2,Completed,4,3.6,1,1.1,2025-03-15,2025-03-19
60585,Community Health Institute,M1,Empathic Communication Quick Course,Gamified Microlearning,76.6,100.0,Completed,2,4.8,1,1.7,2025-09-14,2025-09-16
60585,Community Health Institute,M1,Physician Wellness & Burnout Prevention,Teacher-Led Virtual,79.0,100.0,Completed,16,4.2,2,5.0,2025-04-28,2025-05-14
60585,Community Health Institute,M1,Intro to Cognitive Behavioral Therapy for Primary Care,Teacher-Led Virtual,94.5,100.0,Completed,6,4.5,2,3.2,2025-08-12,2025-08-18
60585,Community Health Institute,M1,Peer Mentorship & Clinical Team Communication,Blended,67.1,82.1,Completed,16,3.9,2,5.7,2025-08-23,2025-09-08
60586,Riverside Teaching Hospital,M4,Psychiatric Interviewing & Mental Status Examination,Digital Workbook,50.4,47.6,Completed,25,3.1,1,6.4,2025-01-09,2025-02-03
60586,Riverside Teaching Hospital,M4,"Recognizing Depression, Anxiety & Suicide Risk",Digital Workbook,47.3,,In Progress,,3.0,4,2.7,2025-05-02,
60586,Riverside Teaching Hospital,M4,Trauma-Informed Care & Communication,Digital Workbook,52.4,44.0,Completed,18,2.4,3,4.8,2025-11-09,2025-11-27
60586,Riverside Teaching Hospital,M4,De-escalation Micro-Skills for Acute Distress,Gamified Microlearning,31.2,46.1,Completed,3,4.2,1,1.2,2025-05-24,2025-05-27
60586,Riverside Teaching Hospital,M4,Empathic Communication Quick Course,Gamified Microlearning,37.7,54.6,Completed,5,4.2,2,1.4,2025-09-23,2025-09-28
60586,Riverside Teaching Hospital,M4,Physician Wellness & Burnout Prevention,Teacher-Led Virtual,45.3,55.8,Completed,12,4.4,3,4.8,2025-11-16,2025-11-28
60586,Riverside Teaching Hospital,M4,Peer Mentorship & Clinical Team Communication,Blended,39.2,52.5,Completed,19,3.7,2,5.4,2025-03-25,2025-04-13
60586,Riverside Teaching Hospital,M4,Intro to Cognitive Behavioral Therapy for Primary Care,Teacher-Led Virtual,34.5,47.7,Completed,14,4.1,2,3.5,2025-06-23,2025-07-07
60587,University Health Partners,M1,Psychiatric Interviewing & Mental Status Examination,Digital Workbook,43.0,,Not Started,,,0,0.0,2025-08-26,
60587,University Health Partners,M1,"Recognizing Depression, Anxiety & Suicide Risk",Digital Workbook,52.1,,In Progress,,3.1,2,3.1,2025-09-29,
60587,University Health Partners,M1,Trauma-Informed Care & Communication,Digital Workbook,36.6,48.8,Completed,15,3.0,2,3.9,2025-10-31,2025-11-15
60587,University Health Partners,M1,De-escalation Micro-Skills for Acute Distress,Gamified Microlearning,45.6,57.4,Completed,1,5.0,1,1.0,2025-05-17,2025-05-18
60587,University Health Partners,M1,Empathic Communication Quick Course,Gamified Microlearning,31.8,38.8,Completed,5,4.7,1,1.5,2025-02-25,2025-03-02
60587,University Health Partners,M1,Intro to Cognitive Behavioral Therapy for Primary Care,Teacher-Led Virtual,46.8,58.4,Completed,12,4.2,2,3.4,2025-08-10,2025-08-22
60588,University Health Partners,M4,Psychiatric Interviewing & Mental Status Examination,Digital Workbook,67.1,84.6,Completed,13,3.1,2,5.4,2025-11-02,2025-11-15
60588,University Health Partners,M4,"Recognizing Depression, Anxiety & Suicide Risk",Digital Workbook,60.4,,In Progress,,2.6,1,3.0,2025-09-20,
60588,University Health Partners,M4,Trauma-Informed Care & Communication,Digital Workbook,67.9,,In Progress,,2.9,2,2.5,2025-01-28,
60588,University Health Partners,M4,De-escalation Micro-Skills for Acute Distress,Gamified Microlearning,65.1,87.7,Completed,4,4.2,2,1.1,2025-10-30,2025-11-03
60588,University Health Partners,M4,Empathic Communication Quick Course,Gamified Microlearning,69.9,86.9,Completed,2,4.8,1,1.9,2025-03-05,2025-03-07
60588,University Health Partners,M4,Peer Mentorship & Clinical Team Communication,Blended,70.6,95.6,Completed,27,4.8,2,6.9,2025-02-01,2025-02-28
60588,University Health Partners,M4,Understanding Implicit Bias in Clinical Decision-Making,Digital Workbook,76.7,93.1,Completed,7,3.5,1,3.9,2025-05-28,2025-06-04
60588,University Health Partners,M4,Physician Wellness & Burnout Prevention,Teacher-Led Virtual,71.5,88.2,Completed,11,4.2,2,5.2,2025-06-14,2025-06-25
60589,Meridian Main Campus,M2,Psychiatric Interviewing & Mental Status Examination,Digital Workbook,76.1,84.2,Completed,6,3.5,2,6.8,2025-03-09,2025-03-15
60589,Meridian Main Campus,M2,"Recognizing Depression, Anxiety & Suicide Risk",Digital Workbook,38.0,,Dropped,,2.1,2,0.9,2025-05-05,
60589,Meridian Main Campus,M2,Trauma-Informed Care & Communication,Digital Workbook,58.2,67.1,Completed,12,3.5,2,5.2,2025-09-18,2025-09-30
60589,Meridian Main Campus,M2,De-escalation Micro-Skills for Acute Distress,Gamified Microlearning,80.8,100.0,Completed,3,4.6,1,1.2,2025-08-13,2025-08-16
60589,Meridian Main Campus,M2,Empathic Communication Quick Course,Gamified Microlearning,60.5,81.3,Completed,5,4.5,2,1.8,2025-11-07,2025-11-12
60589,Meridian Main Campus,M2,Motivational Interviewing Workshop,Blended,55.1,66.7,Completed,6,4.0,2,2.6,2025-07-23,2025-07-29
60589,Meridian Main Campus,M2,Physician Wellness & Burnout Prevention,Teacher-Led Virtual,53.2,66.7,Completed,12,3.1,2,4.1,2025-11-10,2025-11-22
60590,Community Health Institute,M2,Psychiatric Interviewing & Mental Status Examination,Digital Workbook,62.4,,In Progress,,1.9,2,2.4,2025-02-25,
60590,Community Health Institute,M2,"Recognizing Depression, Anxiety & Suicide Risk",Digital Workbook,62.1,77.7,Completed,35,2.9,2,6.1,2025-10-18,2025-11-22
60590,Community Health Institute,M2,Trauma-Informed Care & Communication,Digital Workbook,54.5,,Dropped,,2.0,1,1.7,2025-11-01,
60590,Community Health Institute,M2,De-escalation Micro-Skills for Acute Distress,Gamified Microlearning,54.8,73.8,Completed,3,4.2,1,0.9,2025-09-08,2025-09-11
60590,Community Health Institute,M2,Empathic Communication Quick Course,Gamified Microlearning,54.2,73.5,Completed,2,4.8,1,1.9,2025-01-28,2025-01-30
60590,Community Health Institute,M2,Understanding Implicit Bias in Clinical Decision-Making,Digital Workbook,45.2,66.5,Completed,13,4.5,2,3.3,2025-08-18,2025-08-31
60590,Community Health Institute,M2,Peer Mentorship & Clinical Team Communication,Blended,62.8,78.5,Completed,18,5.0,1,5.7,2025-01-20,2025-02-07
60591,Riverside Teaching Hospital,M3,Psychiatric Interviewing & Mental Status Examination,Digital Workbook,52.2,53.6,Completed,13,4.1,3,6.5,2025-10-20,2025-11-02
60591,Riverside Teaching Hospital,M3,"Recognizing Depression, Anxiety & Suicide Risk",Digital Workbook,49.2,,Dropped,,2.1,1,1.9,2025-03-21,
60591,Riverside Teaching Hospital,M3,Trauma-Informed Care & Communication,Digital Workbook,50.4,56.1,Completed,12,2.8,1,4.8,2025-10-13,2025-10-25
60591,Riverside Teaching Hospital,M3,De-escalation Micro-Skills for Acute Distress,Gamified Microlearning,65.2,90.2,Completed,5,4.8,1,1.3,2025-09-27,2025-10-02
60591,Riverside Teaching Hospital,M3,Empathic Communication Quick Course,Gamified Microlearning,51.9,67.5,Completed,3,4.7,1,1.6,2025-08-26,2025-08-29
60591,Riverside Teaching Hospital,M3,Understanding Implicit Bias in Clinical Decision-Making,Digital Workbook,40.9,57.2,Completed,5,3.4,1,3.9,2025-08-03,2025-08-08
60592,Community Health Institute,M3,Psychiatric Interviewing & Mental Status Examination,Digital Workbook,75.0,,Dropped,,1.6,1,1.3,2025-07-28,
60592,Community Health Institute,M3,"Recognizing Depression, Anxiety & Suicide Risk",Digital Workbook,57.2,68.1,Completed,25,3.0,1,7.0,2025-11-19,2025-12-14
60592,Community Health Institute,M3,Trauma-Informed Care & Communication,Digital Workbook,68.4,83.0,Completed,14,3.0,2,4.6,2025-09-19,2025-10-03
60592,Community Health Institute,M3,De-escalation Micro-Skills for Acute Distress,Gamified Microlearning,64.9,86.1,Completed,1,4.5,2,0.9,2025-09-11,2025-09-12
60592,Community Health Institute,M3,Empathic Communication Quick Course,Gamified Microlearning,77.7,98.6,Completed,3,5.0,2,1.4,2025-11-19,2025-11-22
60592,Community Health Institute,M3,Peer Mentorship & Clinical Team Communication,Blended,50.0,75.1,Completed,17,3.7,1,6.0,2025-01-13,2025-01-30
60592,Community Health Institute,M3,Motivational Interviewing Workshop,Blended,75.8,85.9,Completed,9,4.2,1,3.2,2025-11-12,2025-11-21
60593,Community Health Institute,M3,Psychiatric Interviewing & Mental Status Examination,Digital Workbook,61.2,57.8,Completed,20,3.1,1,5.8,2025-05-13,2025-06-02
60593,Community Health Institute,M3,"Recognizing Depression, Anxiety & Suicide Risk",Digital Workbook,36.2,34.3,Completed,33,4.3,1,6.8,2025-09-13,2025-10-16
60593,Community Health Institute,M3,Trauma-Informed Care & Communication,Digital Workbook,44.3,,In Progress,,2.6,3,1.5,2025-06-14,
60593,Community Health Institute,M3,De-escalation Micro-Skills for Acute Distress,Gamified Microlearning,51.0,69.9,Completed,4,5.0,2,1.2,2025-10-09,2025-10-13
60593,Community Health Institute,M3,Empathic Communication Quick Course,Gamified Microlearning,47.7,63.5,Completed,4,4.6,2,1.8,2025-09-15,2025-09-19
60593,Community Health Institute,M3,Intro to Cognitive Behavioral Therapy for Primary Care,Teacher-Led Virtual,49.8,69.9,Completed,7,4.1,2,3.6,2025-04-19,2025-04-26
60594,Community Health Institute,M2,Psychiatric Interviewing & Mental Status Examination,Digital Workbook,82.8,,In Progress,,2.7,2,1.9,2025-10-19,
60594,Community Health Institute,M2,"Recognizing Depression, Anxiety & Suicide Risk",Digital Workbook,58.0,,Dropped,,1.4,2,0.9,2025-09-23,
60594,Community Health Institute,M2,Trauma-Informed Care & Communication,Digital Workbook,67.0,75.8,Completed,15,3.3,1,4.5,2025-10-17,2025-11-01
60594,Community Health Institute,M2,De-escalation Micro-Skills for Acute Distress,Gamified Microlearning,84.4,100.0,Completed,4,5.0,2,0.9,2025-09-18,2025-09-22
60594,Community Health Institute,M2,Empathic Communication Quick Course,Gamified Microlearning,65.9,94.0,Completed,6,4.8,1,1.5,2025-02-26,2025-03-04
60594,Community Health Institute,M2,Understanding Implicit Bias in Clinical Decision-Making,Digital Workbook,69.0,85.5,Completed,11,3.9,1,3.8,2025-09-28,2025-10-09
60595,University Health Partners,M4,Psychiatric Interviewing & Mental Status Examination,Digital Workbook,72.3,,In Progress,,2.5,3,3.2,2025-10-25,
60595,University Health Partners,M4,"Recognizing Depression, Anxiety & Suicide Risk",Digital Workbook,61.0,71.5,Completed,22,3.3,2,5.7,2025-02-22,2025-03-16
60595,University Health Partners,M4,Trauma-Informed Care & Communication,Digital Workbook,85.4,100.0,Completed,14,3.9,1,5.8,2025-06-29,2025-07-13
60595,University Health Partners,M4,De-escalation Micro-Skills for Acute Distress,Gamified Microlearning,55.3,72.5,Completed,3,4.2,1,1.3,2025-08-26,2025-08-29
60595,University Health Partners,M4,Empathic Communication Quick Course,Gamified Microlearning,92.1,100.0,Completed,4,3.7,1,1.6,2025-07-10,2025-07-14
60595,University Health Partners,M4,Understanding Implicit Bias in Clinical Decision-Making,Digital Workbook,74.7,92.0,Completed,8,4.1,2,3.7,2025-01-30,2025-02-07
60595,University Health Partners,M4,Motivational Interviewing Workshop,Blended,72.4,93.6,Completed,10,4.7,2,3.1,2025-02-10,2025-02-20
60596,Lakeside Medical Center,M3,Psychiatric Interviewing & Mental Status Examination,Digital Workbook,53.9,69.1,Completed,11,3.5,2,7.0,2025-03-29,2025-04-09
60596,Lakeside Medical Center,M3,"Recognizing Depression, Anxiety & Suicide Risk",Digital Workbook,66.3,69.5,Completed,27,2.5,1,5.9,2025-03-16,2025-04-12
60596,Lakeside Medical Center,M3,Trauma-Informed Care & Communication,Digital Workbook,59.5,66.1,Completed,17,3.4,2,5.1,2025-09-25,2025-10-12
60596,Lakeside Medical Center,M3,De-escalation Micro-Skills for Acute Distress,Gamified Microlearning,74.9,96.2,Completed,3,4.7,1,0.9,2025-05-21,2025-05-24
60596,Lakeside Medical Center,M3,Empathic Communication Quick Course,Gamified Microlearning,49.7,76.8,Completed,4,4.2,1,1.8,2025-04-20,2025-04-24
60596,Lakeside Medical Center,M3,Intro to Cognitive Behavioral Therapy for Primary Care,Teacher-Led Virtual,50.1,78.1,Completed,9,4.3,1,3.8,2025-02-21,2025-03-02
60596,Lakeside Medical Center,M3,Physician Wellness & Burnout Prevention,Teacher-Led Virtual,73.6,92.9,Completed,17,3.4,1,3.4,2025-03-29,2025-04-15
60597,University Health Partners,M2,Psychiatric Interviewing & Mental Status Examination,Digital Workbook,59.6,,Dropped,,2.1,2,0.4,2025-03-24,
60597,University Health Partners,M2,"Recognizing Depression, Anxiety & Suicide Risk",Digital Workbook,64.7,76.1,Completed,20,3.5,1,6.9,2025-02-27,2025-03-19
60597,University Health Partners,M2,Trauma-Informed Care & Communication,Digital Workbook,72.9,,In Progress,,2.7,2,1.5,2025-04-25,
60597,University Health Partners,M2,De-escalation Micro-Skills for Acute Distress,Gamified Microlearning,67.4,91.7,Completed,3,4.6,1,1.3,2025-01-13,2025-01-16
60597,University Health Partners,M2,Empathic Communication Quick Course,Gamified Microlearning,69.1,89.4,Completed,4,5.0,2,1.7,2025-08-30,2025-09-03
60597,University Health Partners,M2,Physician Wellness & Burnout Prevention,Teacher-Led Virtual,48.2,70.7,Completed,17,4.1,1,4.8,2025-03-09,2025-03-26
60598,Lakeside Medical Center,M1,Psychiatric Interviewing & Mental Status Examination,Digital Workbook,51.2,56.4,Completed,17,3.1,1,7.1,2025-08-04,2025-08-21
60598,Lakeside Medical Center,M1,"Recognizing Depression, Anxiety & Suicide Risk",Digital Workbook,54.8,,Dropped,,2.0,1,1.4,2025-03-04,
60598,Lakeside Medical Center,M1,Trauma-Informed Care & Communication,Digital Workbook,57.7,,Not Started,,,0,0.0,2025-09-11,
60598,Lakeside Medical Center,M1,De-escalation Micro-Skills for Acute Distress,Gamified Microlearning,52.0,65.2,Completed,3,4.8,1,0.9,2025-11-04,2025-11-07
60598,Lakeside Medical Center,M1,Empathic Communication Quick Course,Gamified Microlearning,49.3,64.1,Completed,3,4.6,2,1.7,2025-09-02,2025-09-05
60598,Lakeside Medical Center,M1,Understanding Implicit Bias in Clinical Decision-Making,Digital Workbook,47.4,59.8,Completed,8,4.7,1,3.8,2025-08-08,2025-08-16
60598,Lakeside Medical Center,M1,Physician Wellness & Burnout Prevention,Teacher-Led Virtual,51.0,,Not Started,,,0,0.0,2025-07-01,
60598,Lakeside Medical Center,M1,Intro to Cognitive Behavioral Therapy for Primary Care,Teacher-Led Virtual,52.9,72.7,Completed,14,3.6,1,3.0,2025-06-28,2025-07-12
60599,Community Health Institute,M1,Psychiatric Interviewing & Mental Status Examination,Digital Workbook,48.7,,In Progress,,2.9,2,4.2,2025-10-27,
60599,Community Health Institute,M1,"Recognizing Depression, Anxiety & Suicide Risk",Digital Workbook,56.2,63.9,Completed,29,3.1,2,5.9,2025-01-08,2025-02-06
60599,Community Health Institute,M1,Trauma-Informed Care & Communication,Digital Workbook,47.1,,Dropped,,1.5,2,1.6,2025-07-18,
60599,Community Health Institute,M1,De-escalation Micro-Skills for Acute Distress,Gamified Microlearning,57.7,76.2,Completed,3,4.0,1,1.2,2025-08-28,2025-08-31
60599,Community Health Institute,M1,Empathic Communication Quick Course,Gamified Microlearning,51.8,63.2,Completed,6,4.5,1,1.7,2025-05-10,2025-05-16
60599,Community Health Institute,M1,Understanding Implicit Bias in Clinical Decision-Making,Digital Workbook,42.4,61.7,Completed,13,3.8,3,3.9,2025-09-27,2025-10-10
60600,University Health Partners,M4,Psychiatric Interviewing & Mental Status Examination,Digital Workbook,52.4,,In Progress,,2.7,2,3.5,2025-04-07,
60600,University Health Partners,M4,"Recognizing Depression, Anxiety & Suicide Risk",Digital Workbook,77.8,,In Progress,,2.9,2,1.6,2025-11-02,
60600,University Health Partners,M4,Trauma-Informed Care & Communication,Digital Workbook,51.4,69.3,Completed,11,4.7,2,3.9,2025-09-30,2025-10-11
60600,University Health Partners,M4,De-escalation Micro-Skills for Acute Distress,Gamified Microlearning,55.3,70.6,Completed,4,3.7,1,1.1,2025-02-13,2025-02-17
60600,University Health Partners,M4,Empathic Communication Quick Course,Gamified Microlearning,70.3,90.0,Completed,5,4.3,1,1.5,2025-09-01,2025-09-06
60600,University Health Partners,M4,Intro to Cognitive Behavioral Therapy for Primary Care,Teacher-Led Virtual,71.7,81.4,Completed,11,3.9,2,3.3,2025-04-04,2025-04-15
60600,University Health Partners,M4,Motivational Interviewing Workshop,Blended,49.6,61.8,Completed,8,3.9,1,2.4,2025-10-14,2025-10-22
60600,University Health Partners,M4,Physician Wellness & Burnout Prevention,Teacher-Led Virtual,48.3,67.8,Completed,10,3.9,2,5.1,2025-02-26,2025-03-08
60601,Community Health Institute,M3,Psychiatric Interviewing & Mental Status Examination,Digital Workbook,46.6,53.7,Completed,20,3.2,2,6.5,2025-02-04,2025-02-24
60601,Community Health Institute,M3,"Recognizing Depression, Anxiety & Suicide Risk",Digital Workbook,31.8,35.9,Completed,12,3.3,2,6.3,2025-06-22,2025-07-04
60601,Community Health Institute,M3,Trauma-Informed Care & Communication,Digital Workbook,34.7,33.5,Completed,15,3.1,1,3.9,2025-04-01,2025-04-16
60601,Community Health Institute,M3,De-escalation Micro-Skills for Acute Distress,Gamified Microlearning,50.6,63.5,Completed,3,4.6,2,1.3,2025-08-02,2025-08-05
60601,Community Health Institute,M3,Empathic Communication Quick Course,Gamified Microlearning,42.6,49.4,Completed,3,4.0,1,1.8,2025-11-14,2025-11-17
60601,Community Health Institute,M3,Physician Wellness & Burnout Prevention,Teacher-Led Virtual,29.1,36.5,Completed,4,3.6,2,4.1,2025-07-20,2025-07-24
60601,Community Health Institute,M3,Peer Mentorship & Clinical Team Communication,Blended,42.8,49.8,Completed,23,4.3,3,5.8,2025-02-25,2025-03-20
60602,Lakeside Medical Center,M4,Psychiatric Interviewing & Mental Status Examination,Digital Workbook,76.3,,In Progress,,3.4,1,2.4,2025-10-24,
60602,Lakeside Medical Center,M4,"Recognizing Depression, Anxiety & Suicide Risk",Digital Workbook,80.1,,In Progress,,2.3,1,2.8,2025-03-02,
60602,Lakeside Medical Center,M4,Trauma-Informed Care & Communication,Digital Workbook,82.3,87.1,Completed,19,2.9,1,3.9,2025-09-08,2025-09-27
60602,Lakeside Medical Center,M4,De-escalation Micro-Skills for Acute Distress,Gamified Microlearning,53.0,81.6,Completed,3,4.8,1,1.0,2025-02-25,2025-02-28
60602,Lakeside Medical Center,M4,Empathic Communication Quick Course,Gamified Microlearning,87.7,100.0,Completed,4,4.5,2,1.4,2025-05-15,2025-05-19
60602,Lakeside Medical Center,M4,Understanding Implicit Bias in Clinical Decision-Making,Digital Workbook,67.8,90.9,Completed,11,4.2,1,3.4,2025-06-01,2025-06-12
60602,Lakeside Medical Center,M4,Motivational Interviewing Workshop,Blended,65.1,90.7,Completed,4,4.3,1,2.6,2025-09-05,2025-09-09
60602,Lakeside Medical Center,M4,Peer Mentorship & Clinical Team Communication,Blended,83.9,100.0,Completed,5,3.7,2,6.0,2025-09-11,2025-09-16
60603,Riverside Teaching Hospital,M4,Psychiatric Interviewing & Mental Status Examination,Digital Workbook,75.2,84.0,Completed,13,3.7,1,5.9,2025-05-13,2025-05-26
60603,Riverside Teaching Hospital,M4,"Recognizing Depression, Anxiety & Suicide Risk",Digital Workbook,81.4,93.1,Completed,22,3.3,2,6.9,2025-06-08,2025-06-30
60603,Riverside Teaching Hospital,M4,Trauma-Informed Care & Communication,Digital Workbook,57.4,,In Progress,,2.0,2,2.1,2025-02-20,
60603,Riverside Teaching Hospital,M4,De-escalation Micro-Skills for Acute Distress,Gamified Microlearning,73.1,94.7,Completed,2,3.5,1,1.2,2025-02-08,2025-02-10
60603,Riverside Teaching Hospital,M4,Empathic Communication Quick Course,Gamified Microlearning,49.4,67.9,Completed,2,4.3,2,1.8,2025-06-10,2025-06-12
60603,Riverside Teaching Hospital,M4,Peer Mentorship & Clinical Team Communication,Blended,68.5,89.6,Completed,25,4.4,2,6.6,2025-01-10,2025-02-04
60604,Lakeside Medical Center,M3,Psychiatric Interviewing & Mental Status Examination,Digital Workbook,38.7,,In Progress,,2.5,3,3.6,2025-05-21,
60604,Lakeside Medical Center,M3,"Recognizing Depression, Anxiety & Suicide Risk",Digital Workbook,55.3,53.3,Completed,13,2.9,3,7.1,2025-02-09,2025-02-22
60604,Lakeside Medical Center,M3,Trauma-Informed Care & Communication,Digital Workbook,42.1,36.1,Completed,17,2.8,1,5.6,2025-05-23,2025-06-09
60604,Lakeside Medical Center,M3,De-escalation Micro-Skills for Acute Distress,Gamified Microlearning,39.9,53.6,Completed,1,4.7,1,0.9,2025-06-13,2025-06-14
60604,Lakeside Medical Center,M3,Empathic Communication Quick Course,Gamified Microlearning,45.0,64.9,Completed,7,4.6,3,1.9,2025-03-12,2025-03-19
60604,Lakeside Medical Center,M3,Physician Wellness & Burnout Prevention,Teacher-Led Virtual,48.8,54.4,Completed,18,4.1,3,3.9,2025-10-22,2025-11-09
60605,Meridian Main Campus,M4,Psychiatric Interviewing & Mental Status Examination,Digital Workbook,63.7,67.6,Completed,13,3.7,1,5.3,2025-09-22,2025-10-05
60605,Meridian Main Campus,M4,"Recognizing Depression, Anxiety & Suicide Risk",Digital Workbook,75.4,,Not Started,,,0,0.0,2025-06-20,
60605,Meridian Main Campus,M4,Trauma-Informed Care & Communication,Digital Workbook,57.6,,In Progress,,3.1,2,2.2,2025-06-27,
60605,Meridian Main Campus,M4,De-escalation Micro-Skills for Acute Distress,Gamified Microlearning,46.2,63.2,Completed,2,4.3,2,1.1,2025-01-17,2025-01-19
60605,Meridian Main Campus,M4,Empathic Communication Quick Course,Gamified Microlearning,55.6,74.1,Completed,5,4.4,3,1.3,2025-04-19,2025-04-24
60605,Meridian Main Campus,M4,Motivational Interviewing Workshop,Blended,40.5,,In Progress,,3.8,2,1.6,2025-10-09,
60606,Meridian Main Campus,M2,Psychiatric Interviewing & Mental Status Examination,Digital Workbook,50.4,,Not Started,,,0,0.0,2025-09-19,
60606,Meridian Main Campus,M2,"Recognizing Depression, Anxiety & Suicide Risk",Digital Workbook,72.2,84.9,Completed,24,3.3,3,6.5,2025-06-26,2025-07-20
60606,Meridian Main Campus,M2,Trauma-Informed Care & Communication,Digital Workbook,63.0,,Dropped,,2.2,1,1.5,2025-03-04,
60606,Meridian Main Campus,M2,De-escalation Micro-Skills for Acute Distress,Gamified Microlearning,65.9,85.7,Completed,3,4.3,1,1.3,2025-02-04,2025-02-07
60606,Meridian Main Campus,M2,Empathic Communication Quick Course,Gamified Microlearning,54.6,71.0,Completed,5,3.9,2,1.8,2025-05-02,2025-05-07
60606,Meridian Main Campus,M2,Understanding Implicit Bias in Clinical Decision-Making,Digital Workbook,60.8,74.8,Completed,6,3.4,2,3.5,2025-01-17,2025-01-23
60607,Lakeside Medical Center,M2,Psychiatric Interviewing & Mental Status Examination,Digital Workbook,79.3,,In Progress,,3.2,2,2.7,2025-01-26,
60607,Lakeside Medical Center,M2,"Recognizing Depression, Anxiety & Suicide Risk",Digital Workbook,71.4,80.9,Completed,17,3.6,3,4.8,2025-04-26,2025-05-13
60607,Lakeside Medical Center,M2,Trauma-Informed Care & Communication,Digital Workbook,71.8,86.0,Completed,15,4.1,2,4.6,2025-09-16,2025-10-01
60607,Lakeside Medical Center,M2,De-escalation Micro-Skills for Acute Distress,Gamified Microlearning,69.8,86.4,Completed,2,4.6,1,1.1,2025-11-08,2025-11-10
60607,Lakeside Medical Center,M2,Empathic Communication Quick Course,Gamified Microlearning,59.4,84.6,Completed,6,5.0,1,1.9,2025-01-16,2025-01-22
60607,Lakeside Medical Center,M2,Intro to Cognitive Behavioral Therapy for Primary Care,Teacher-Led Virtual,61.8,78.2,Completed,7,3.5,1,3.1,2025-10-12,2025-10-19
60607,Lakeside Medical Center,M2,Motivational Interviewing Workshop,Blended,64.6,85.2,Completed,8,4.2,1,3.0,2025-07-16,2025-07-24
60608,Riverside Teaching Hospital,M3,Psychiatric Interviewing & Mental Status Examination,Digital Workbook,42.2,,In Progress,,2.1,3,2.8,2025-03-09,
60608,Riverside Teaching Hospital,M3,"Recognizing Depression, Anxiety & Suicide Risk",Digital Workbook,58.4,69.2,Completed,17,3.0,2,5.3,2025-02-09,2025-02-26
60608,Riverside Teaching Hospital,M3,Trauma-Informed Care & Communication,Digital Workbook,50.0,61.5,Completed,20,2.7,2,4.4,2025-08-22,2025-09-11
60608,Riverside Teaching Hospital,M3,De-escalation Micro-Skills for Acute Distress,Gamified Microlearning,52.3,68.4,Completed,2,4.2,1,1.1,2025-08-12,2025-08-14
60608,Riverside Teaching Hospital,M3,Empathic Communication Quick Course,Gamified Microlearning,54.3,74.5,Completed,6,5.0,2,1.3,2025-03-24,2025-03-30
60608,Riverside Teaching Hospital,M3,Understanding Implicit Bias in Clinical Decision-Making,Digital Workbook,59.1,72.4,Completed,7,4.1,2,2.7,2025-01-21,2025-01-28
60608,Riverside Teaching Hospital,M3,Intro to Cognitive Behavioral Therapy for Primary Care,Teacher-Led Virtual,52.8,67.4,Completed,8,3.9,2,2.6,2025-10-14,2025-10-22
60608,Riverside Teaching Hospital,M3,Peer Mentorship & Clinical Team Communication,Blended,72.1,81.7,Completed,22,4.4,3,6.5,2025-06-15,2025-07-07
60609,Community Health Institute,M4,Psychiatric Interviewing & Mental Status Examination,Digital Workbook,45.2,48.2,Completed,22,3.3,2,7.7,2025-04-11,2025-05-03
60609,Community Health Institute,M4,"Recognizing Depression, Anxiety & Suicide Risk",Digital Workbook,40.5,43.4,Completed,17,3.3,3,5.0,2025-09-25,2025-10-12
60609,Community Health Institute,M4,Trauma-Informed Care & Communication,Digital Workbook,57.2,59.0,Completed,13,3.5,2,5.4,2025-11-09,2025-11-22
60609,Community Health Institute,M4,De-escalation Micro-Skills for Acute Distress,Gamified Microlearning,52.7,60.8,Completed,1,4.9,1,1.2,2025-05-03,2025-05-04
60609,Community Health Institute,M4,Empathic Communication Quick Course,Gamified Microlearning,31.6,51.4,Completed,7,3.7,1,1.3,2025-10-07,2025-10-14
60609,Community Health Institute,M4,Motivational Interviewing Workshop,Blended,47.9,63.0,Completed,8,4.8,3,3.0,2025-02-26,2025-03-06
60609,Community Health Institute,M4,Intro to Cognitive Behavioral Therapy for Primary Care,Teacher-Led Virtual,51.4,67.6,Completed,3,3.8,2,3.3,2025-10-12,2025-10-15
60610,Community Health Institute,M3,Psychiatric Interviewing & Mental Status Examination,Digital Workbook,54.8,48.3,Completed,18,3.7,1,6.2,2025-03-11,2025-03-29
60610,Community Health Institute,M3,"Recognizing Depression, Anxiety & Suicide Risk",Digital Workbook,20.0,21.9,Completed,15,3.9,2,5.4,2025-09-11,2025-09-26
60610,Community Health Institute,M3,Trauma-Informed Care & Communication,Digital Workbook,44.5,44.7,Completed,8,2.4,2,5.5,2025-03-24,2025-04-01
60610,Community Health Institute,M3,De-escalation Micro-Skills for Acute Distress,Gamified Microlearning,50.0,64.6,Completed,2,4.7,2,1.0,2025-10-13,2025-10-15
60610,Community Health Institute,M3,Empathic Communication Quick Course,Gamified Microlearning,29.8,39.3,Completed,8,4.6,1,1.4,2025-04-17,2025-04-25
60610,Community Health Institute,M3,Understanding Implicit Bias in Clinical Decision-Making,Digital Workbook,53.6,65.7,Completed,6,3.8,2,3.1,2025-02-18,2025-02-24
60610,Community Health Institute,M3,Peer Mentorship & Clinical Team Communication,Blended,45.3,51.6,Completed,24,4.8,2,5.8,2025-08-31,2025-09-24
60611,Meridian Main Campus,M2,Psychiatric Interviewing & Mental Status Examination,Digital Workbook,52.9,51.3,Completed,26,3.3,1,6.5,2025-04-27,2025-05-23
60611,Meridian Main Campus,M2,"Recognizing Depression, Anxiety & Suicide Risk",Digital Workbook,53.2,60.2,Completed,18,2.9,2,7.1,2025-07-23,2025-08-10
60611,Meridian Main Campus,M2,Trauma-Informed Care & Communication,Digital Workbook,51.4,56.0,Completed,6,3.3,1,5.5,2025-01-19,2025-01-25
60611,Meridian Main Campus,M2,De-escalation Micro-Skills for Acute Distress,Gamified Microlearning,44.3,62.6,Completed,3,4.4,3,1.0,2025-04-22,2025-04-25
60611,Meridian Main Campus,M2,Empathic Communication Quick Course,Gamified Microlearning,46.5,54.1,Completed,3,4.4,1,1.9,2025-11-01,2025-11-04
60611,Meridian Main Campus,M2,Understanding Implicit Bias in Clinical Decision-Making,Digital Workbook,37.5,46.8,Completed,8,4.2,1,3.3,2025-09-28,2025-10-06
60611,Meridian Main Campus,M2,Motivational Interviewing Workshop,Blended,47.6,62.5,Completed,9,4.3,2,3.2,2025-09-24,2025-10-03
60612,University Health Partners,M1,Psychiatric Interviewing & Mental Status Examination,Digital Workbook,46.9,50.5,Completed,8,3.5,2,5.6,2025-03-03,2025-03-11
60612,University Health Partners,M1,"Recognizing Depression, Anxiety & Suicide Risk",Digital Workbook,54.8,55.8,Completed,15,3.5,2,6.8,2025-10-31,2025-11-15
60612,University Health Partners,M1,Trauma-Informed Care & Communication,Digital Workbook,70.1,,In Progress,,2.3,2,2.5,2025-06-09,
60612,University Health Partners,M1,De-escalation Micro-Skills for Acute Distress,Gamified Microlearning,44.1,60.9,Completed,3,4.8,2,0.9,2025-07-18,2025-07-21
60612,University Health Partners,M1,Empathic Communication Quick Course,Gamified Microlearning,44.7,62.9,Completed,4,4.9,2,1.3,2025-08-13,2025-08-17
60612,University Health Partners,M1,Peer Mentorship & Clinical Team Communication,Blended,57.9,,In Progress,,3.0,2,3.6,2025-09-07,
60612,University Health Partners,M1,Physician Wellness & Burnout Prevention,Teacher-Led Virtual,53.8,69.7,Completed,15,4.5,2,4.0,2025-08-31,2025-09-15
60613,University Health Partners,M1,Psychiatric Interviewing & Mental Status Examination,Digital Workbook,43.0,,Dropped,,2.1,2,1.0,2025-08-26,
60613,University Health Partners,M1,"Recognizing Depression, Anxiety & Suicide Risk",Digital Workbook,53.1,60.1,Completed,12,3.0,3,6.2,2025-06-18,2025-06-30
60613,University Health Partners,M1,Trauma-Informed Care & Communication,Digital Workbook,56.3,,Dropped,,1.4,2,0.8,2025-06-02,
60613,University Health Partners,M1,De-escalation Micro-Skills for Acute Distress,Gamified Microlearning,66.1,88.0,Completed,3,4.5,1,0.9,2025-07-28,2025-07-31
60613,University Health Partners,M1,Empathic Communication Quick Course,Gamified Microlearning,64.5,80.5,Completed,2,5.0,1,1.9,2025-09-20,2025-09-22
60613,University Health Partners,M1,Motivational Interviewing Workshop,Blended,55.0,70.3,Completed,6,4.1,1,2.8,2025-04-23,2025-04-29
60613,University Health Partners,M1,Peer Mentorship & Clinical Team Communication,Blended,38.1,52.3,Completed,14,4.7,2,6.7,2025-04-23,2025-05-07
60613,University Health Partners,M1,Understanding Implicit Bias in Clinical Decision-Making,Digital Workbook,70.0,85.7,Completed,13,4.7,2,2.7,2025-07-28,2025-08-10
60614,Community Health Institute,M1,Psychiatric Interviewing & Mental Status Examination,Digital Workbook,53.1,52.7,Completed,15,2.9,2,5.7,2025-11-13,2025-11-28
60614,Community Health Institute,M1,"Recognizing Depression, Anxiety & Suicide Risk",Digital Workbook,34.7,41.9,Completed,20,2.6,3,6.7,2025-06-23,2025-07-13
60614,Community Health Institute,M1,Trauma-Informed Care & Communication,Digital Workbook,39.3,42.1,Completed,13,3.5,1,4.6,2025-05-09,2025-05-22
60614,Community Health Institute,M1,De-escalation Micro-Skills for Acute Distress,Gamified Microlearning,28.2,36.0,Completed,2,4.4,1,1.3,2025-01-11,2025-01-13
60614,Community Health Institute,M1,Empathic Communication Quick Course,Gamified Microlearning,58.0,62.8,Completed,5,4.1,3,1.3,2025-07-21,2025-07-26
60614,Community Health Institute,M1,Peer Mentorship & Clinical Team Communication,Blended,52.4,62.6,Completed,10,3.4,3,5.6,2025-06-28,2025-07-08
60614,Community Health Institute,M1,Motivational Interviewing Workshop,Blended,49.6,60.3,Completed,10,3.5,1,2.3,2025-05-19,2025-05-29
60615,University Health Partners,M1,Psychiatric Interviewing & Mental Status Examination,Digital Workbook,43.9,,In Progress,,1.8,2,1.8,2025-11-06,
60615,University Health Partners,M1,"Recognizing Depression, Anxiety & Suicide Risk",Digital Workbook,59.3,,In Progress,,2.6,2,2.8,2025-10-25,
60615,University Health Partners,M1,Trauma-Informed Care & Communication,Digital Workbook,53.1,,Not Started,,,0,0.0,2025-03-16,
60615,University Health Partners,M1,De-escalation Micro-Skills for Acute Distress,Gamified Microlearning,60.7,83.4,Completed,4,4.5,1,1.2,2025-09-05,2025-09-09
60615,University Health Partners,M1,Empathic Communication Quick Course,Gamified Microlearning,66.7,86.6,Completed,4,4.4,1,1.3,2025-06-28,2025-07-02
60615,University Health Partners,M1,Peer Mentorship & Clinical Team Communication,Blended,84.2,100.0,Completed,9,4.6,1,7.0,2025-08-08,2025-08-17
60616,Lakeside Medical Center,M4,Psychiatric Interviewing & Mental Status Examination,Digital Workbook,66.3,73.1,Completed,15,3.1,1,6.6,2025-01-20,2025-02-04
60616,Lakeside Medical Center,M4,"Recognizing Depression, Anxiety & Suicide Risk",Digital Workbook,70.3,,In Progress,,2.6,2,2.1,2025-05-23,
60616,Lakeside Medical Center,M4,Trauma-Informed Care & Communication,Digital Workbook,57.9,74.9,Completed,17,3.9,2,4.3,2025-06-25,2025-07-12
60616,Lakeside Medical Center,M4,De-escalation Micro-Skills for Acute Distress,Gamified Microlearning,83.8,100.0,Completed,4,4.6,1,1.0,2025-08-14,2025-08-18
60616,Lakeside Medical Center,M4,Empathic Communication Quick Course,Gamified Microlearning,67.8,86.9,Completed,4,4.9,1,1.4,2025-08-19,2025-08-23
60616,Lakeside Medical Center,M4,Peer Mentorship & Clinical Team Communication,Blended,83.2,,Not Started,,,0,0.0,2025-01-07,
60616,Lakeside Medical Center,M4,Physician Wellness & Burnout Prevention,Teacher-Led Virtual,67.1,,In Progress,,3.6,2,2.4,2025-01-22,
60617,Community Health Institute,M2,Psychiatric Interviewing & Mental Status Examination,Digital Workbook,54.4,69.2,Completed,27,3.3,1,7.0,2025-01-17,2025-02-13
60617,Community Health Institute,M2,"Recognizing Depression, Anxiety & Suicide Risk",Digital Workbook,64.8,,Not Started,,,0,0.0,2025-02-02,
60617,Community Health Institute,M2,Trauma-Informed Care & Communication,Digital Workbook,61.6,60.7,Completed,9,3.6,1,5.5,2025-02-02,2025-02-11
60617,Community Health Institute,M2,De-escalation Micro-Skills for Acute Distress,Gamified Microlearning,79.2,100.0,Completed,1,5.0,2,1.0,2025-07-05,2025-07-06
60617,Community Health Institute,M2,Empathic Communication Quick Course,Gamified Microlearning,61.8,81.1,Completed,3,4.4,1,1.8,2025-06-17,2025-06-20
60617,Community Health Institute,M2,Motivational Interviewing Workshop,Blended,65.2,79.1,Completed,11,4.6,2,2.9,2025-09-02,2025-09-13
60618,Meridian Main Campus,M2,Psychiatric Interviewing & Mental Status Examination,Digital Workbook,46.0,,Dropped,,2.1,3,0.4,2025-07-08,
60618,Meridian Main Campus,M2,"Recognizing Depression, Anxiety & Suicide Risk",Digital Workbook,45.1,,In Progress,,2.0,1,2.3,2025-01-23,
60618,Meridian Main Campus,M2,Trauma-Informed Care & Communication,Digital Workbook,49.7,,Not Started,,,0,0.0,2025-11-04,
60618,Meridian Main Campus,M2,De-escalation Micro-Skills for Acute Distress,Gamified Microlearning,50.9,68.4,Completed,2,4.9,1,1.0,2025-08-31,2025-09-02
60618,Meridian Main Campus,M2,Empathic Communication Quick Course,Gamified Microlearning,54.6,74.7,Completed,2,4.1,2,1.5,2025-03-11,2025-03-13
60618,Meridian Main Campus,M2,Motivational Interviewing Workshop,Blended,66.4,75.6,Completed,7,4.3,2,2.4,2025-03-30,2025-04-06
60618,Meridian Main Campus,M2,Intro to Cognitive Behavioral Therapy for Primary Care,Teacher-Led Virtual,79.7,86.7,Completed,11,3.9,3,3.5,2025-02-09,2025-02-20
60619,Lakeside Medical Center,M1,Psychiatric Interviewing & Mental Status Examination,Digital Workbook,70.9,73.7,Completed,24,3.4,2,6.0,2025-06-02,2025-06-26
60619,Lakeside Medical Center,M1,"Recognizing Depression, Anxiety & Suicide Risk",Digital Workbook,51.0,,In Progress,,2.3,2,3.0,2025-04-22,
60619,Lakeside Medical Center,M1,Trauma-Informed Care & Communication,Digital Workbook,51.3,55.2,Completed,3,3.4,1,5.7,2025-04-20,2025-04-23
60619,Lakeside Medical Center,M1,De-escalation Micro-Skills for Acute Distress,Gamified Microlearning,52.1,58.5,Completed,2,4.1,1,1.1,2025-02-12,2025-02-14
60619,Lakeside Medical Center,M1,Empathic Communication Quick Course,Gamified Microlearning,58.8,69.1,Completed,4,4.6,1,1.3,2025-09-05,2025-09-09
60619,Lakeside Medical Center,M1,Physician Wellness & Burnout Prevention,Teacher-Led Virtual,45.0,57.5,Completed,19,4.0,1,3.6,2025-11-01,2025-11-20
60619,Lakeside Medical Center,M1,Understanding Implicit Bias in Clinical Decision-Making,Digital Workbook,45.1,54.6,Completed,11,3.6,3,3.4,2025-10-07,2025-10-18
60619,Lakeside Medical Center,M1,Motivational Interviewing Workshop,Blended,69.5,86.2,Completed,8,4.6,1,2.7,2025-01-18,2025-01-26
60620,University Health Partners,M4,Psychiatric Interviewing & Mental Status Examination,Digital Workbook,80.0,83.3,Completed,18,3.2,2,5.5,2025-06-28,2025-07-16
60620,University Health Partners,M4,"Recognizing Depression, Anxiety & Suicide Risk",Digital Workbook,53.6,,Dropped,,2.3,2,2.1,2025-11-13,
60620,University Health Partners,M4,Trauma-Informed Care & Communication,Digital Workbook,71.1,,In Progress,,2.7,1,1.9,2025-09-29,
60620,University Health Partners,M4,De-escalation Micro-Skills for Acute Distress,Gamified Microlearning,50.1,66.7,Completed,1,5.0,1,1.0,2025-05-04,2025-05-05
60620,University Health Partners,M4,Empathic Communication Quick Course,Gamified Microlearning,69.9,88.6,Completed,4,4.0,2,1.6,2025-08-19,2025-08-23
60620,University Health Partners,M4,Motivational Interviewing Workshop,Blended,63.0,78.5,Completed,5,4.4,1,3.1,2025-02-01,2025-02-06
60620,University Health Partners,M4,Intro to Cognitive Behavioral Therapy for Primary Care,Teacher-Led Virtual,71.9,,In Progress,,3.5,1,1.0,2025-02-25,
60621,University Health Partners,M1,Psychiatric Interviewing & Mental Status Examination,Digital Workbook,61.0,,Not Started,,,0,0.0,2025-07-01,
60621,University Health Partners,M1,"Recognizing Depression, Anxiety & Suicide Risk",Digital Workbook,59.6,54.2,Completed,17,3.1,2,5.1,2025-03-15,2025-04-01
60621,University Health Partners,M1,Trauma-Informed Care & Communication,Digital Workbook,84.0,88.4,Completed,15,3.1,2,5.3,2025-04-02,2025-04-17
60621,University Health Partners,M1,De-escalation Micro-Skills for Acute Distress,Gamified Microlearning,50.8,71.4,Completed,1,4.5,2,1.0,2025-11-04,2025-11-05
60621,University Health Partners,M1,Empathic Communication Quick Course,Gamified Microlearning,81.3,100.0,Completed,5,3.8,1,1.6,2025-06-25,2025-06-30
60621,University Health Partners,M1,Understanding Implicit Bias in Clinical Decision-Making,Digital Workbook,61.0,71.3,Completed,16,3.9,1,3.7,2025-08-05,2025-08-21
60621,University Health Partners,M1,Motivational Interviewing Workshop,Blended,41.0,47.5,Completed,8,4.1,1,3.2,2025-09-28,2025-10-06
60622,University Health Partners,M4,Psychiatric Interviewing & Mental Status Examination,Digital Workbook,55.0,,In Progress,,3.0,2,1.9,2025-10-09,
60622,University Health Partners,M4,"Recognizing Depression, Anxiety & Suicide Risk",Digital Workbook,65.8,69.5,Completed,17,4.1,1,6.6,2025-07-30,2025-08-16
60622,University Health Partners,M4,Trauma-Informed Care & Communication,Digital Workbook,44.0,,Dropped,,2.2,2,0.4,2025-06-16,
60622,University Health Partners,M4,De-escalation Micro-Skills for Acute Distress,Gamified Microlearning,56.7,76.9,Completed,2,4.9,2,1.1,2025-06-21,2025-06-23
60622,University Health Partners,M4,Empathic Communication Quick Course,Gamified Microlearning,58.3,71.2,Completed,4,4.6,3,1.3,2025-02-24,2025-02-28
60622,University Health Partners,M4,Peer Mentorship & Clinical Team Communication,Blended,48.7,60.8,Completed,15,4.6,1,7.1,2025-10-29,2025-11-13
60623,University Health Partners,M1,Psychiatric Interviewing & Mental Status Examination,Digital Workbook,44.5,,In Progress,,2.6,3,1.7,2025-01-18,
60623,University Health Partners,M1,"Recognizing Depression, Anxiety & Suicide Risk",Digital Workbook,52.7,57.2,Completed,13,3.0,3,5.4,2025-02-01,2025-02-14
60623,University Health Partners,M1,Trauma-Informed Care & Communication,Digital Workbook,39.9,51.8,Completed,6,1.8,3,5.4,2025-11-07,2025-11-13
60623,University Health Partners,M1,De-escalation Micro-Skills for Acute Distress,Gamified Microlearning,41.6,59.0,Completed,1,4.1,1,1.2,2025-03-05,2025-03-06
60623,University Health Partners,M1,Empathic Communication Quick Course,Gamified Microlearning,50.8,73.2,Completed,2,4.2,1,1.8,2025-05-09,2025-05-11
60623,University Health Partners,M1,Physician Wellness & Burnout Prevention,Teacher-Led Virtual,50.8,63.6,Completed,11,4.0,1,4.0,2025-02-03,2025-02-14
60624,Lakeside Medical Center,M2,Psychiatric Interviewing & Mental Status Examination,Digital Workbook,54.6,51.5,Completed,5,3.1,2,7.1,2025-11-10,2025-11-15
60624,Lakeside Medical Center,M2,"Recognizing Depression, Anxiety & Suicide Risk",Digital Workbook,63.6,,Dropped,,1.9,1,1.6,2025-08-07,
60624,Lakeside Medical Center,M2,Trauma-Informed Care & Communication,Digital Workbook,52.0,47.0,Completed,17,2.9,2,4.3,2025-06-03,2025-06-20
60624,Lakeside Medical Center,M2,De-escalation Micro-Skills for Acute Distress,Gamified Microlearning,47.7,60.3,Completed,1,5.0,1,1.1,2025-02-28,2025-03-01
60624,Lakeside Medical Center,M2,Empathic Communication Quick Course,Gamified Microlearning,46.3,63.7,Completed,4,4.9,2,1.5,2025-05-06,2025-05-10
60624,Lakeside Medical Center,M2,Physician Wellness & Burnout Prevention,Teacher-Led Virtual,48.0,64.9,Completed,11,4.5,3,3.5,2025-01-17,2025-01-28
60624,Lakeside Medical Center,M2,Understanding Implicit Bias in Clinical Decision-Making,Digital Workbook,40.7,50.3,Completed,12,4.1,2,3.6,2025-11-09,2025-11-21
60625,Riverside Teaching Hospital,M1,Psychiatric Interviewing & Mental Status Examination,Digital Workbook,54.1,50.5,Completed,15,2.8,2,7.0,2025-11-12,2025-11-27
60625,Riverside Teaching Hospital,M1,"Recognizing Depression, Anxiety & Suicide Risk",Digital Workbook,47.9,,In Progress,,3.0,1,3.0,2025-07-08,
60625,Riverside Teaching Hospital,M1,Trauma-Informed Care & Communication,Digital Workbook,59.7,,Not Started,,,0,0.0,2025-09-03,
60625,Riverside Teaching Hospital,M1,De-escalation Micro-Skills for Acute Distress,Gamified Microlearning,44.4,,In Progress,,3.8,2,0.6,2025-04-06,
60625,Riverside Teaching Hospital,M1,Empathic Communication Quick Course,Gamified Microlearning,53.6,66.2,Completed,5,4.4,2,1.5,2025-08-23,2025-08-28
60625,Riverside Teaching Hospital,M1,Physician Wellness & Burnout Prevention,Teacher-Led Virtual,58.3,74.9,Completed,14,3.9,3,4.3,2025-04-13,2025-04-27
60625,Riverside Teaching Hospital,M1,Intro to Cognitive Behavioral Therapy for Primary Care,Teacher-Led Virtual,42.9,52.3,Completed,9,4.4,2,3.2,2025-07-18,2025-07-27
60625,Riverside Teaching Hospital,M1,Motivational Interviewing Workshop,Blended,77.0,91.2,Completed,9,4.5,2,2.4,2025-08-06,2025-08-15
60626,University Health Partners,M2,Psychiatric Interviewing & Mental Status Examination,Digital Workbook,53.3,,Not Started,,,0,0.0,2025-09-15,
60626,University Health Partners,M2,"Recognizing Depression, Anxiety & Suicide Risk",Digital Workbook,47.3,51.2,Completed,22,3.6,2,5.8,2025-04-02,2025-04-24
60626,University Health Partners,M2,Trauma-Informed Care & Communication,Digital Workbook,62.5,64.1,Completed,15,2.8,4,4.7,2025-10-17,2025-11-01
60626,University Health Partners,M2,De-escalation Micro-Skills for Acute Distress,Gamified Microlearning,55.1,78.2,Completed,3,5.0,1,0.9,2025-07-05,2025-07-08
60626,University Health Partners,M2,Empathic Communication Quick Course,Gamified Microlearning,58.3,71.3,Completed,5,4.0,2,1.5,2025-04-27,2025-05-02
60626,University Health Partners,M2,Motivational Interviewing Workshop,Blended,56.3,67.2,Completed,3,3.9,1,2.7,2025-09-08,2025-09-11
60626,University Health Partners,M2,Physician Wellness & Burnout Prevention,Teacher-Led Virtual,44.1,61.6,Completed,12,4.5,2,4.1,2025-03-05,2025-03-17
60627,Community Health Institute,M3,Psychiatric Interviewing & Mental Status Examination,Digital Workbook,61.6,66.1,Completed,22,2.7,3,6.8,2025-11-18,2025-12-10
60627,Community Health Institute,M3,"Recognizing Depression, Anxiety & Suicide Risk",Digital Workbook,75.0,,In Progress,,2.5,2,3.7,2025-08-13,
60627,Community Health Institute,M3,Trauma-Informed Care & Communication,Digital Workbook,56.9,56.0,Completed,13,3.9,1,4.1,2025-03-25,2025-04-07
60627,Community Health Institute,M3,De-escalation Micro-Skills for Acute Distress,Gamified Microlearning,56.9,71.9,Completed,3,4.8,2,1.1,2025-08-03,2025-08-06
60627,Community Health Institute,M3,Empathic Communication Quick Course,Gamified Microlearning,62.8,74.0,Completed,3,5.0,1,1.8,2025-05-14,2025-05-17
60627,Community Health Institute,M3,Intro to Cognitive Behavioral Therapy for Primary Care,Teacher-Led Virtual,59.4,76.3,Completed,4,3.7,2,3.7,2025-04-07,2025-04-11
60627,Community Health Institute,M3,Physician Wellness & Burnout Prevention,Teacher-Led Virtual,62.4,77.0,Completed,11,4.1,1,4.8,2025-08-05,2025-08-16
60628,Lakeside Medical Center,M4,Psychiatric Interviewing & Mental Status Examination,Digital Workbook,68.2,81.7,Completed,26,3.2,2,5.9,2025-10-30,2025-11-25
60628,Lakeside Medical Center,M4,"Recognizing Depression, Anxiety & Suicide Risk",Digital Workbook,58.3,,In Progress,,3.2,1,2.8,2025-07-27,
60628,Lakeside Medical Center,M4,Trauma-Informed Care & Communication,Digital Workbook,26.7,,Dropped,,2.3,1,1.3,2025-04-15,
60628,Lakeside Medical Center,M4,De-escalation Micro-Skills for Acute Distress,Gamified Microlearning,43.3,56.1,Completed,3,4.4,1,1.0,2025-02-23,2025-02-26
60628,Lakeside Medical Center,M4,Empathic Communication Quick Course,Gamified Microlearning,34.4,55.0,Completed,6,4.8,3,1.3,2025-01-15,2025-01-21
60628,Lakeside Medical Center,M4,Intro to Cognitive Behavioral Therapy for Primary Care,Teacher-Led Virtual,47.9,59.2,Completed,12,4.1,1,2.7,2025-05-28,2025-06-09
60628,Lakeside Medical Center,M4,Physician Wellness & Burnout Prevention,Teacher-Led Virtual,72.2,,Not Started,,,0,0.0,2025-04-05,
60628,Lakeside Medical Center,M4,Motivational Interviewing Workshop,Blended,66.8,82.3,Completed,5,4.4,3,2.7,2025-07-15,2025-07-20
60629,Community Health Institute,M4,Psychiatric Interviewing & Mental Status Examination,Digital Workbook,72.7,,In Progress,,2.8,1,3.1,2025-01-17,
60629,Community Health Institute,M4,"Recognizing Depression, Anxiety & Suicide Risk",Digital Workbook,67.0,,In Progress,,3.1,3,3.6,2025-03-22,
60629,Community Health Institute,M4,Trauma-Informed Care & Communication,Digital Workbook,54.2,66.3,Completed,14,3.3,2,4.4,2025-08-28,2025-09-11
60629,Community Health Institute,M4,De-escalation Micro-Skills for Acute Distress,Gamified Microlearning,53.6,73.7,Completed,3,4.2,2,1.0,2025-03-28,2025-03-31
60629,Community Health Institute,M4,Empathic Communication Quick Course,Gamified Microlearning,47.3,64.4,Completed,3,4.4,2,1.8,2025-01-10,2025-01-13
60629,Community Health Institute,M4,Motivational Interviewing Workshop,Blended,46.7,66.7,Completed,8,4.5,1,2.2,2025-07-14,2025-07-22
60630,Lakeside Medical Center,M1,Psychiatric Interviewing & Mental Status Examination,Digital Workbook,60.1,,In Progress,,2.8,2,4.0,2025-05-08,
60630,Lakeside Medical Center,M1,"Recognizing Depression, Anxiety & Suicide Risk",Digital Workbook,63.8,61.5,Completed,20,3.8,3,5.0,2025-10-07,2025-10-27
60630,Lakeside Medical Center,M1,Trauma-Informed Care & Communication,Digital Workbook,62.4,61.8,Completed,13,2.8,1,5.4,2025-03-04,2025-03-17
60630,Lakeside Medical Center,M1,De-escalation Micro-Skills for Acute Distress,Gamified Microlearning,52.8,75.6,Completed,2,4.4,1,0.9,2025-04-21,2025-04-23
60630,Lakeside Medical Center,M1,Empathic Communication Quick Course,Gamified Microlearning,61.7,77.7,Completed,4,4.8,1,1.8,2025-05-13,2025-05-17
60630,Lakeside Medical Center,M1,Motivational Interviewing Workshop,Blended,24.0,44.0,Completed,8,4.3,1,2.8,2025-06-21,2025-06-29
60631,Meridian Main Campus,M4,Psychiatric Interviewing & Mental Status Examination,Digital Workbook,44.7,48.8,Completed,11,3.7,2,7.6,2025-05-02,2025-05-13
60631,Meridian Main Campus,M4,"Recognizing Depression, Anxiety & Suicide Risk",Digital Workbook,43.5,52.1,Completed,15,3.3,2,5.9,2025-11-11,2025-11-26
60631,Meridian Main Campus,M4,Trauma-Informed Care & Communication,Digital Workbook,75.5,,Not Started,,,0,0.0,2025-04-20,
60631,Meridian Main Campus,M4,De-escalation Micro-Skills for Acute Distress,Gamified Microlearning,81.8,92.3,Completed,3,4.5,2,1.2,2025-03-18,2025-03-21
60631,Meridian Main Campus,M4,Empathic Communication Quick Course,Gamified Microlearning,64.4,89.3,Completed,2,5.0,2,1.3,2025-07-08,2025-07-10
60631,Meridian Main Campus,M4,Intro to Cognitive Behavioral Therapy for Primary Care,Teacher-Led Virtual,69.1,89.0,Completed,7,4.4,1,2.6,2025-03-31,2025-04-07
60631,Meridian Main Campus,M4,Peer Mentorship & Clinical Team Communication,Blended,57.6,74.5,Completed,23,4.2,1,7.0,2025-01-13,2025-02-05
60632,Meridian Main Campus,M3,Psychiatric Interviewing & Mental Status Examination,Digital Workbook,64.4,,Dropped,,1.9,1,1.6,2025-02-16,
60632,Meridian Main Campus,M3,"Recognizing Depression, Anxiety & Suicide Risk",Digital Workbook,75.9,77.9,Completed,18,3.1,2,6.6,2025-06-09,2025-06-27
60632,Meridian Main Campus,M3,Trauma-Informed Care & Communication,Digital Workbook,55.3,59.4,Completed,5,3.1,1,4.5,2025-01-30,2025-02-04
60632,Meridian Main Campus,M3,De-escalation Micro-Skills for Acute Distress,Gamified Microlearning,52.2,67.8,Completed,2,4.2,2,1.1,2025-03-08,2025-03-10
60632,Meridian Main Campus,M3,Empathic Communication Quick Course,Gamified Microlearning,52.7,67.3,Completed,8,4.6,2,1.8,2025-07-05,2025-07-13
60632,Meridian Main Campus,M3,Physician Wellness & Burnout Prevention,Teacher-Led Virtual,57.6,59.3,Completed,14,4.1,2,5.0,2025-06-17,2025-07-01
60632,Meridian Main Campus,M3,Peer Mentorship & Clinical Team Communication,Blended,55.4,68.8,Completed,18,4.1,2,5.8,2025-02-14,2025-03-04
60633,Riverside Teaching Hospital,M2,Psychiatric Interviewing & Mental Status Examination,Digital Workbook,69.5,,Dropped,,1.5,2,1.4,2025-01-08,
60633,Riverside Teaching Hospital,M2,"Recognizing Depression, Anxiety & Suicide Risk",Digital Workbook,91.7,,Not Started,,,0,0.0,2025-02-02,
60633,Riverside Teaching Hospital,M2,Trauma-Informed Care & Communication,Digital Workbook,79.5,86.2,Completed,10,3.3,1,3.9,2025-02-08,2025-02-18
60633,Riverside Teaching Hospital,M2,De-escalation Micro-Skills for Acute Distress,Gamified Microlearning,57.1,76.3,Completed,4,4.3,2,1.1,2025-05-25,2025-05-29
60633,Riverside Teaching Hospital,M2,Empathic Communication Quick Course,Gamified Microlearning,56.9,79.7,Completed,4,5.0,2,1.9,2025-02-06,2025-02-10
60633,Riverside Teaching Hospital,M2,Peer Mentorship & Clinical Team Communication,Blended,74.4,99.5,Completed,20,4.8,1,6.0,2025-11-19,2025-12-09
60633,Riverside Teaching Hospital,M2,Physician Wellness & Burnout Prevention,Teacher-Led Virtual,69.5,84.9,Completed,17,4.2,1,3.7,2025-11-06,2025-11-23
60634,Meridian Main Campus,M1,Psychiatric Interviewing & Mental Status Examination,Digital Workbook,76.9,94.0,Completed,18,4.1,2,6.9,2025-10-25,2025-11-12
60634,Meridian Main Campus,M1,"Recognizing Depression, Anxiety & Suicide Risk",Digital Workbook,57.0,70.3,Completed,12,3.2,1,5.7,2025-05-17,2025-05-29
60634,Meridian Main Campus,M1,Trauma-Informed Care & Communication,Digital Workbook,61.2,,In Progress,,2.6,1,2.9,2025-10-11,
60634,Meridian Main Campus,M1,De-escalation Micro-Skills for Acute Distress,Gamified Microlearning,71.4,94.6,Completed,4,5.0,1,1.2,2025-04-04,2025-04-08
60634,Meridian Main Campus,M1,Empathic Communication Quick Course,Gamified Microlearning,80.3,100.0,Completed,4,4.0,3,1.5,2025-01-12,2025-01-16
60634,Meridian Main Campus,M1,Peer Mentorship & Clinical Team Communication,Blended,51.5,80.4,Completed,29,4.3,1,6.9,2025-03-22,2025-04-20
60634,Meridian Main Campus,M1,Intro to Cognitive Behavioral Therapy for Primary Care,Teacher-Led Virtual,79.5,94.4,Completed,11,4.2,1,3.9,2025-09-27,2025-10-08
60635,Riverside Teaching Hospital,M1,Psychiatric Interviewing & Mental Status Examination,Digital Workbook,74.1,84.6,Completed,12,2.8,2,7.1,2025-05-24,2025-06-05
60635,Riverside Teaching Hospital,M1,"Recognizing Depression, Anxiety & Suicide Risk",Digital Workbook,58.2,69.1,Completed,29,3.8,1,5.9,2025-11-03,2025-12-02
60635,Riverside Teaching Hospital,M1,Trauma-Informed Care & Communication,Digital Workbook,68.3,88.4,Completed,16,2.9,1,5.0,2025-07-19,2025-08-04
60635,Riverside Teaching Hospital,M1,De-escalation Micro-Skills for Acute Distress,Gamified Microlearning,74.3,98.5,Completed,3,4.7,1,1.0,2025-04-07,2025-04-10
60635,Riverside Teaching Hospital,M1,Empathic Communication Quick Course,Gamified Microlearning,77.4,100.0,Completed,6,4.8,1,1.8,2025-06-09,2025-06-15
60635,Riverside Teaching Hospital,M1,Intro to Cognitive Behavioral Therapy for Primary Care,Teacher-Led Virtual,69.2,87.2,Completed,6,4.6,1,2.8,2025-03-07,2025-03-13
60635,Riverside Teaching Hospital,M1,Understanding Implicit Bias in Clinical Decision-Making,Digital Workbook,69.0,82.0,Completed,7,3.5,1,2.8,2025-08-04,2025-08-11
60636,Meridian Main Campus,M1,Psychiatric Interviewing & Mental Status Examination,Digital Workbook,68.2,,In Progress,,3.0,1,3.9,2025-09-09,
60636,Meridian Main Campus,M1,"Recognizing Depression, Anxiety & Suicide Risk",Digital Workbook,65.8,71.6,Completed,16,3.9,2,6.5,2025-01-14,2025-01-30
60636,Meridian Main Campus,M1,Trauma-Informed Care & Communication,Digital Workbook,52.1,,Not Started,,,0,0.0,2025-06-04,
60636,Meridian Main Campus,M1,De-escalation Micro-Skills for Acute Distress,Gamified Microlearning,62.3,78.2,Completed,3,4.4,2,1.0,2025-06-01,2025-06-04
60636,Meridian Main Campus,M1,Empathic Communication Quick Course,Gamified Microlearning,61.3,,Not Started,,,0,0.0,2025-07-23,
60636,Meridian Main Campus,M1,Understanding Implicit Bias in Clinical Decision-Making,Digital Workbook,68.4,74.1,Completed,6,3.8,1,3.0,2025-11-04,2025-11-10
60637,Community Health Institute,M4,Psychiatric Interviewing & Mental Status Examination,Digital Workbook,58.8,62.5,Completed,26,2.7,3,5.4,2025-08-06,2025-09-01
60637,Community Health Institute,M4,"Recognizing Depression, Anxiety & Suicide Risk",Digital Workbook,39.3,46.2,Completed,27,3.7,3,5.0,2025-04-19,2025-05-16
60637,Community Health Institute,M4,Trauma-Informed Care & Communication,Digital Workbook,46.4,51.0,Completed,4,3.2,3,5.5,2025-06-05,2025-06-09
60637,Community Health Institute,M4,De-escalation Micro-Skills for Acute Distress,Gamified Microlearning,39.1,54.4,Completed,3,4.0,1,1.0,2025-09-11,2025-09-14
60637,Community Health Institute,M4,Empathic Communication Quick Course,Gamified Microlearning,48.0,62.2,Completed,3,4.4,1,1.7,2025-09-26,2025-09-29
60637,Community Health Institute,M4,Understanding Implicit Bias in Clinical Decision-Making,Digital Workbook,64.3,83.6,Completed,8,3.4,1,2.9,2025-02-21,2025-03-01
60637,Community Health Institute,M4,Peer Mentorship & Clinical Team Communication,Blended,46.8,52.6,Completed,15,4.3,3,6.9,2025-08-12,2025-08-27
60637,Community Health Institute,M4,Motivational Interviewing Workshop,Blended,53.4,72.1,Completed,8,3.7,1,2.9,2025-06-03,2025-06-11
60638,University Health Partners,M1,Psychiatric Interviewing & Mental Status Examination,Digital Workbook,77.8,89.0,Completed,29,2.7,1,7.5,2025-07-07,2025-08-05
60638,University Health Partners,M1,"Recognizing Depression, Anxiety & Suicide Risk",Digital Workbook,57.4,64.8,Completed,11,3.7,2,5.1,2025-03-15,2025-03-26
60638,University Health Partners,M1,Trauma-Informed Care & Communication,Digital Workbook,49.2,,Dropped,,2.1,2,1.7,2025-04-14,
60638,University Health Partners,M1,De-escalation Micro-Skills for Acute Distress,Gamified Microlearning,66.5,96.2,Completed,3,3.9,1,1.2,2025-09-15,2025-09-18
60638,University Health Partners,M1,Empathic Communication Quick Course,Gamified Microlearning,77.6,96.4,Completed,6,4.3,2,1.5,2025-10-01,2025-10-07
60638,University Health Partners,M1,Physician Wellness & Burnout Prevention,Teacher-Led Virtual,46.5,,Dropped,,2.5,1,1.4,2025-04-28,
60638,University Health Partners,M1,Understanding Implicit Bias in Clinical Decision-Making,Digital Workbook,52.8,71.2,Completed,17,3.0,1,2.8,2025-02-10,2025-02-27
60639,University Health Partners,M3,Psychiatric Interviewing & Mental Status Examination,Digital Workbook,62.1,70.0,Completed,15,2.8,1,5.4,2025-10-29,2025-11-13
60639,University Health Partners,M3,"Recognizing Depression, Anxiety & Suicide Risk",Digital Workbook,56.3,72.3,Completed,11,3.2,1,6.2,2025-02-04,2025-02-15
60639,University Health Partners,M3,Trauma-Informed Care & Communication,Digital Workbook,75.7,94.0,Completed,18,3.0,1,5.3,2025-05-24,2025-06-11
60639,University Health Partners,M3,De-escalation Micro-Skills for Acute Distress,Gamified Microlearning,88.5,100.0,Completed,3,4.5,1,0.9,2025-04-27,2025-04-30
60639,University Health Partners,M3,Empathic Communication Quick Course,Gamified Microlearning,68.1,91.9,Completed,5,4.7,1,1.7,2025-11-07,2025-11-12
60639,University Health Partners,M3,Understanding Implicit Bias in Clinical Decision-Making,Digital Workbook,55.1,69.6,Completed,14,4.6,3,3.4,2025-08-29,2025-09-12
60640,University Health Partners,M2,Psychiatric Interviewing & Mental Status Examination,Digital Workbook,67.5,76.6,Completed,22,3.5,2,6.4,2025-03-27,2025-04-18
60640,University Health Partners,M2,"Recognizing Depression, Anxiety & Suicide Risk",Digital Workbook,57.3,65.9,Completed,10,3.1,1,5.4,2025-07-15,2025-07-25
60640,University Health Partners,M2,Trauma-Informed Care & Communication,Digital Workbook,57.0,61.2,Completed,20,3.0,1,5.8,2025-06-24,2025-07-14
60640,University Health Partners,M2,De-escalation Micro-Skills for Acute Distress,Gamified Microlearning,61.3,70.6,Completed,3,3.9,2,1.1,2025-01-25,2025-01-28
60640,University Health Partners,M2,Empathic Communication Quick Course,Gamified Microlearning,69.3,88.7,Completed,7,4.4,1,1.4,2025-08-03,2025-08-10
60640,University Health Partners,M2,Intro to Cognitive Behavioral Therapy for Primary Care,Teacher-Led Virtual,65.3,82.9,Completed,5,3.9,1,3.4,2025-01-28,2025-02-02
60640,University Health Partners,M2,Peer Mentorship & Clinical Team Communication,Blended,69.2,95.3,Completed,18,4.3,3,7.6,2025-06-11,2025-06-29
60641,Lakeside Medical Center,M3,Psychiatric Interviewing & Mental Status Examination,Digital Workbook,60.2,63.3,Completed,21,3.8,2,7.5,2025-08-08,2025-08-29
60641,Lakeside Medical Center,M3,"Recognizing Depression, Anxiety & Suicide Risk",Digital Workbook,53.5,,In Progress,,2.4,1,2.4,2025-07-24,
60641,Lakeside Medical Center,M3,Trauma-Informed Care & Communication,Digital Workbook,56.9,63.2,Completed,16,3.4,2,4.8,2025-02-02,2025-02-18
60641,Lakeside Medical Center,M3,De-escalation Micro-Skills for Acute Distress,Gamified Microlearning,55.1,82.0,Completed,3,4.0,1,1.0,2025-07-29,2025-08-01
60641,Lakeside Medical Center,M3,Empathic Communication Quick Course,Gamified Microlearning,53.5,66.1,Completed,4,4.3,2,1.8,2025-03-08,2025-03-12
60641,Lakeside Medical Center,M3,Understanding Implicit Bias in Clinical Decision-Making,Digital Workbook,47.0,54.3,Completed,11,3.9,2,3.3,2025-03-30,2025-04-10
60641,Lakeside Medical Center,M3,Intro to Cognitive Behavioral Therapy for Primary Care,Teacher-Led Virtual,59.7,77.6,Completed,7,4.0,2,3.3,2025-02-15,2025-02-22
60641,Lakeside Medical Center,M3,Motivational Interviewing Workshop,Blended,50.3,62.2,Completed,6,4.8,2,3.0,2025-10-27,2025-11-02
60642,Meridian Main Campus,M1,Psychiatric Interviewing & Mental Status Examination,Digital Workbook,58.1,75.8,Completed,18,3.0,3,5.5,2025-10-28,2025-11-15
60642,Meridian Main Campus,M1,"Recognizing Depression, Anxiety & Suicide Risk",Digital Workbook,60.0,59.5,Completed,19,3.7,2,5.6,2025-06-01,2025-06-20
60642,Meridian Main Campus,M1,Trauma-Informed Care & Communication,Digital Workbook,64.8,,Dropped,,2.0,2,1.2,2025-02-21,
60642,Meridian Main Campus,M1,De-escalation Micro-Skills for Acute Distress,Gamified Microlearning,61.4,82.6,Completed,2,4.3,2,1.1,2025-04-03,2025-04-05
60642,Meridian Main Campus,M1,Empathic Communication Quick Course,Gamified Microlearning,56.9,66.9,Completed,2,5.0,2,1.6,2025-07-20,2025-07-22
60642,Meridian Main Campus,M1,Understanding Implicit Bias in Clinical Decision-Making,Digital Workbook,33.3,34.5,Completed,10,3.9,3,3.9,2025-01-08,2025-01-18
60642,Meridian Main Campus,M1,Physician Wellness & Burnout Prevention,Teacher-Led Virtual,44.5,51.4,Completed,8,3.4,2,3.8,2025-04-10,2025-04-18
60642,Meridian Main Campus,M1,Intro to Cognitive Behavioral Therapy for Primary Care,Teacher-Led Virtual,62.2,,Not Started,,,0,0.0,2025-11-13,
60643,Community Health Institute,M2,Psychiatric Interviewing & Mental Status Examination,Digital Workbook,55.2,65.9,Completed,20,3.1,1,5.6,2025-03-28,2025-04-17
60643,Community Health Institute,M2,"Recognizing Depression, Anxiety & Suicide Risk",Digital Workbook,31.9,37.0,Completed,18,3.5,1,4.7,2025-04-27,2025-05-15
60643,Community Health Institute,M2,Trauma-Informed Care & Communication,Digital Workbook,50.8,55.3,Completed,15,3.6,3,5.6,2025-05-13,2025-05-28
60643,Community Health Institute,M2,De-escalation Micro-Skills for Acute Distress,Gamified Microlearning,67.8,75.5,Completed,1,4.0,2,1.0,2025-08-26,2025-08-27
60643,Community Health Institute,M2,Empathic Communication Quick Course,Gamified Microlearning,59.8,78.1,Completed,5,4.1,2,1.6,2025-02-11,2025-02-16
60643,Community Health Institute,M2,Physician Wellness & Burnout Prevention,Teacher-Led Virtual,57.0,60.6,Completed,19,4.2,1,4.0,2025-11-06,2025-11-25
60643,Community Health Institute,M2,Intro to Cognitive Behavioral Therapy for Primary Care,Teacher-Led Virtual,48.4,65.1,Completed,7,4.2,2,3.8,2025-09-08,2025-09-15
60644,Meridian Main Campus,M1,Psychiatric Interviewing & Mental Status Examination,Digital Workbook,59.4,,Not Started,,,0,0.0,2025-08-22,
60644,Meridian Main Campus,M1,"Recognizing Depression, Anxiety & Suicide Risk",Digital Workbook,43.7,45.8,Completed,10,3.0,2,5.5,2025-10-28,2025-11-07
60644,Meridian Main Campus,M1,Trauma-Informed Care & Communication,Digital Workbook,39.5,35.1,Completed,21,2.6,1,4.2,2025-03-04,2025-03-25
60644,Meridian Main Campus,M1,De-escalation Micro-Skills for Acute Distress,Gamified Microlearning,52.1,62.2,Completed,3,3.9,1,1.0,2025-08-05,2025-08-08
60644,Meridian Main Campus,M1,Empathic Communication Quick Course,Gamified Microlearning,55.9,72.7,Completed,4,4.7,1,1.4,2025-05-10,2025-05-14
60644,Meridian Main Campus,M1,Physician Wellness & Burnout Prevention,Teacher-Led Virtual,53.0,68.0,Completed,11,4.6,2,3.9,2025-01-16,2025-01-27
60644,Meridian Main Campus,M1,Peer Mentorship & Clinical Team Communication,Blended,63.5,,Not Started,,,0,0.0,2025-05-05,
60644,Meridian Main Campus,M1,Intro to Cognitive Behavioral Therapy for Primary Care,Teacher-Led Virtual,59.8,74.6,Completed,9,4.1,1,3.3,2025-04-12,2025-04-21
60645,Riverside Teaching Hospital,M1,Psychiatric Interviewing & Mental Status Examination,Digital Workbook,65.9,72.8,Completed,26,3.6,3,7.6,2025-10-06,2025-11-01
60645,Riverside Teaching Hospital,M1,"Recognizing Depression, Anxiety & Suicide Risk",Digital Workbook,62.7,,Dropped,,2.5,1,1.8,2025-05-27,
60645,Riverside Teaching Hospital,M1,Trauma-Informed Care & Communication,Digital Workbook,77.5,86.1,Completed,4,3.5,1,4.7,2025-09-22,2025-09-26
60645,Riverside Teaching Hospital,M1,De-escalation Micro-Skills for Acute Distress,Gamified Microlearning,73.6,97.6,Completed,1,4.4,1,0.9,2025-05-23,2025-05-24
60645,Riverside Teaching Hospital,M1,Empathic Communication Quick Course,Gamified Microlearning,47.6,68.8,Completed,4,4.0,2,1.8,2025-02-03,2025-02-07
60645,Riverside Teaching Hospital,M1,Physician Wellness & Burnout Prevention,Teacher-Led Virtual,65.6,86.2,Completed,16,4.2,3,3.8,2025-06-13,2025-06-29
60646,University Health Partners,M2,Psychiatric Interviewing & Mental Status Examination,Digital Workbook,51.2,60.2,Completed,13,3.4,2,6.8,2025-04-08,2025-04-21
60646,University Health Partners,M2,"Recognizing Depression, Anxiety & Suicide Risk",Digital Workbook,59.6,,Dropped,,1.9,1,0.4,2025-06-11,
60646,University Health Partners,M2,Trauma-Informed Care & Communication,Digital Workbook,67.9,78.0,Completed,17,3.0,2,5.2,2025-03-01,2025-03-18
60646,University Health Partners,M2,De-escalation Micro-Skills for Acute Distress,Gamified Microlearning,56.6,79.8,Completed,2,3.6,2,0.9,2025-02-02,2025-02-04
60646,University Health Partners,M2,Empathic Communication Quick Course,Gamified Microlearning,54.5,67.3,Completed,3,4.8,1,1.8,2025-05-23,2025-05-26
60646,University Health Partners,M2,Physician Wellness & Burnout Prevention,Teacher-Led Virtual,60.1,82.7,Completed,11,4.1,1,5.1,2025-04-30,2025-05-11
60647,Riverside Teaching Hospital,M4,Psychiatric Interviewing & Mental Status Examination,Digital Workbook,60.4,,Not Started,,,0,0.0,2025-09-07,
60647,Riverside Teaching Hospital,M4,"Recognizing Depression, Anxiety & Suicide Risk",Digital Workbook,71.2,72.9,Completed,14,3.6,1,5.6,2025-04-17,2025-05-01
60647,Riverside Teaching Hospital,M4,Trauma-Informed Care & Communication,Digital Workbook,73.9,79.0,Completed,11,3.1,1,4.7,2025-08-24,2025-09-04
60647,Riverside Teaching Hospital,M4,De-escalation Micro-Skills for Acute Distress,Gamified Microlearning,46.4,66.9,Completed,2,4.5,1,1.1,2025-05-11,2025-05-13
60647,Riverside Teaching Hospital,M4,Empathic Communication Quick Course,Gamified Microlearning,64.8,78.0,Completed,4,4.2,1,1.5,2025-06-18,2025-06-22
60647,Riverside Teaching Hospital,M4,Understanding Implicit Bias in Clinical Decision-Making,Digital Workbook,77.2,96.2,Completed,17,4.1,2,2.7,2025-06-04,2025-06-21
60647,Riverside Teaching Hospital,M4,Motivational Interviewing Workshop,Blended,71.4,95.3,Completed,4,4.4,1,3.2,2025-04-21,2025-04-25
60647,Riverside Teaching Hospital,M4,Physician Wellness & Burnout Prevention,Teacher-Led Virtual,62.7,87.4,Completed,10,4.0,2,3.8,2025-11-05,2025-11-15
60648,University Health Partners,M4,Psychiatric Interviewing & Mental Status Examination,Digital Workbook,88.7,94.1,Completed,18,3.0,2,7.3,2025-10-09,2025-10-27
60648,University Health Partners,M4,"Recognizing Depression, Anxiety & Suicide Risk",Digital Workbook,65.5,72.9,Completed,14,3.0,1,7.0,2025-06-09,2025-06-23
60648,University Health Partners,M4,Trauma-Informed Care & Communication,Digital Workbook,57.8,70.2,Completed,4,3.1,2,5.8,2025-10-23,2025-10-27
60648,University Health Partners,M4,De-escalation Micro-Skills for Acute Distress,Gamified Microlearning,66.5,97.2,Completed,2,4.7,2,1.0,2025-05-22,2025-05-24
60648,University Health Partners,M4,Empathic Communication Quick Course,Gamified Microlearning,57.6,78.5,Completed,8,4.0,1,1.4,2025-08-02,2025-08-10
60648,University Health Partners,M4,Intro to Cognitive Behavioral Therapy for Primary Care,Teacher-Led Virtual,38.2,48.4,Completed,7,4.6,2,2.9,2025-09-23,2025-09-30
60648,University Health Partners,M4,Physician Wellness & Burnout Prevention,Teacher-Led Virtual,59.7,75.9,Completed,7,4.0,2,3.7,2025-06-29,2025-07-06
60649,Lakeside Medical Center,M1,Psychiatric Interviewing & Mental Status Examination,Digital Workbook,65.1,,Dropped,,2.1,1,2.1,2025-02-09,
60649,Lakeside Medical Center,M1,"Recognizing Depression, Anxiety & Suicide Risk",Digital Workbook,47.4,,In Progress,,1.9,2,1.8,2025-03-08,
60649,Lakeside Medical Center,M1,Trauma-Informed Care & Communication,Digital Workbook,57.9,61.2,Completed,18,3.6,2,4.9,2025-05-12,2025-05-30
60649,Lakeside Medical Center,M1,De-escalation Micro-Skills for Acute Distress,Gamified Microlearning,86.8,100.0,Completed,1,4.6,2,1.3,2025-02-12,2025-02-13
60649,Lakeside Medical Center,M1,Empathic Communication Quick Course,Gamified Microlearning,82.5,97.9,Completed,5,4.4,1,1.9,2025-05-14,2025-05-19
60649,Lakeside Medical Center,M1,Peer Mentorship & Clinical Team Communication,Blended,55.0,,In Progress,,4.0,1,2.2,2025-09-13,
60649,Lakeside Medical Center,M1,Physician Wellness & Burnout Prevention,Teacher-Led Virtual,69.0,87.6,Completed,11,3.9,1,4.5,2025-04-24,2025-05-05
60650,Meridian Main Campus,M1,Psychiatric Interviewing & Mental Status Examination,Digital Workbook,61.2,62.4,Completed,4,2.9,2,6.8,2025-10-30,2025-11-03
60650,Meridian Main Campus,M1,"Recognizing Depression, Anxiety & Suicide Risk",Digital Workbook,46.7,,Not Started,,,0,0.0,2025-03-09,
60650,Meridian Main Campus,M1,Trauma-Informed Care & Communication,Digital Workbook,62.9,72.6,Completed,21,2.9,1,5.5,2025-03-21,2025-04-11
60650,Meridian Main Campus,M1,De-escalation Micro-Skills for Acute Distress,Gamified Microlearning,53.8,64.0,Completed,2,4.3,1,0.9,2025-01-11,2025-01-13
60650,Meridian Main Campus,M1,Empathic Communication Quick Course,Gamified Microlearning,41.5,56.5,Completed,4,4.1,3,1.5,2025-05-11,2025-05-15
60650,Meridian Main Campus,M1,Physician Wellness & Burnout Prevention,Teacher-Led Virtual,51.2,,In Progress,,4.0,1,2.0,2025-03-31,
60650,Meridian Main Campus,M1,Understanding Implicit Bias in Clinical Decision-Making,Digital Workbook,49.9,62.6,Completed,7,3.6,2,3.6,2025-01-17,2025-01-24
60651,University Health Partners,M1,Psychiatric Interviewing & Mental Status Examination,Digital Workbook,56.8,62.6,Completed,19,3.3,1,6.1,2025-08-24,2025-09-12
60651,University Health Partners,M1,"Recognizing Depression, Anxiety & Suicide Risk",Digital Workbook,52.6,55.6,Completed,21,3.9,2,7.0,2025-02-28,2025-03-21
60651,University Health Partners,M1,Trauma-Informed Care & Communication,Digital Workbook,40.7,52.9,Completed,13,3.5,2,4.6,2025-11-14,2025-11-27
60651,University Health Partners,M1,De-escalation Micro-Skills for Acute Distress,Gamified Microlearning,50.6,62.6,Completed,4,4.7,1,0.9,2025-09-05,2025-09-09
60651,University Health Partners,M1,Empathic Communication Quick Course,Gamified Microlearning,50.0,66.4,Completed,7,4.5,1,1.4,2025-04-18,2025-04-25
60651,University Health Partners,M1,Intro to Cognitive Behavioral Therapy for Primary Care,Teacher-Led Virtual,65.8,71.3,Completed,11,3.4,3,3.4,2025-08-31,2025-09-11
60651,University Health Partners,M1,Motivational Interviewing Workshop,Blended,61.5,83.2,Completed,7,4.2,1,2.4,2025-05-13,2025-05-20
60652,Community Health Institute,M3,Psychiatric Interviewing & Mental Status Examination,Digital Workbook,50.5,57.9,Completed,10,3.1,3,6.4,2025-02-12,2025-02-22
60652,Community Health Institute,M3,"Recognizing Depression, Anxiety & Suicide Risk",Digital Workbook,78.2,91.8,Completed,20,3.3,3,5.8,2025-06-17,2025-07-07
60652,Community Health Institute,M3,Trauma-Informed Care & Communication,Digital Workbook,37.2,43.7,Completed,17,3.5,2,5.7,2025-09-23,2025-10-10
60652,Community Health Institute,M3,De-escalation Micro-Skills for Acute Distress,Gamified Microlearning,35.1,54.4,Completed,2,4.7,1,1.2,2025-10-23,2025-10-25
60652,Community Health Institute,M3,Empathic Communication Quick Course,Gamified Microlearning,31.2,50.2,Completed,3,4.3,2,1.4,2025-02-10,2025-02-13
60652,Community Health Institute,M3,Intro to Cognitive Behavioral Therapy for Primary Care,Teacher-Led Virtual,53.4,63.3,Completed,10,3.8,2,3.6,2025-07-26,2025-08-05
60652,Community Health Institute,M3,Physician Wellness & Burnout Prevention,Teacher-Led Virtual,61.1,73.0,Completed,8,4.4,2,4.4,2025-03-02,2025-03-10
60652,Community Health Institute,M3,Understanding Implicit Bias in Clinical Decision-Making,Digital Workbook,55.1,66.6,Completed,6,4.1,2,2.6,2025-11-14,2025-11-20
60653,Community Health Institute,M3,Psychiatric Interviewing & Mental Status Examination,Digital Workbook,79.2,89.1,Completed,17,3.2,1,5.4,2025-02-20,2025-03-09
60653,Community Health Institute,M3,"Recognizing Depression, Anxiety & Suicide Risk",Digital Workbook,75.4,,In Progress,,2.4,1,3.1,2025-07-01,
60653,Community Health Institute,M3,Trauma-Informed Care & Communication,Digital Workbook,73.6,86.8,Completed,14,3.0,1,4.3,2025-08-29,2025-09-12
60653,Community Health Institute,M3,De-escalation Micro-Skills for Acute Distress,Gamified Microlearning,79.3,96.8,Completed,2,4.2,2,1.2,2025-07-11,2025-07-13
60653,Community Health Institute,M3,Empathic Communication Quick Course,Gamified Microlearning,75.5,95.3,Completed,1,4.4,1,1.8,2025-03-13,2025-03-14
60653,Community Health Institute,M3,Understanding Implicit Bias in Clinical Decision-Making,Digital Workbook,85.3,100.0,Completed,9,3.5,1,3.7,2025-05-30,2025-06-08
60653,Community Health Institute,M3,Physician Wellness & Burnout Prevention,Teacher-Led Virtual,69.7,90.6,Completed,16,4.4,1,3.6,2025-10-06,2025-10-22
60653,Community Health Institute,M3,Peer Mentorship & Clinical Team Communication,Blended,71.3,87.4,Completed,3,4.5,2,5.7,2025-08-09,2025-08-12
60654,Riverside Teaching Hospital,M2,Psychiatric Interviewing & Mental Status Examination,Digital Workbook,53.8,,Dropped,,2.4,4,1.7,2025-07-05,
60654,Riverside Teaching Hospital,M2,"Recognizing Depression, Anxiety & Suicide Risk",Digital Workbook,61.4,,In Progress,,2.7,2,1.6,2025-09-19,
60654,Riverside Teaching Hospital,M2,Trauma-Informed Care & Communication,Digital Workbook,72.8,74.1,Completed,9,3.3,1,5.7,2025-03-02,2025-03-11
60654,Riverside Teaching Hospital,M2,De-escalation Micro-Skills for Acute Distress,Gamified Microlearning,64.1,93.5,Completed,2,3.8,1,1.1,2025-07-08,2025-07-10
60654,Riverside Teaching Hospital,M2,Empathic Communication Quick Course,Gamified Microlearning,74.8,92.8,Completed,5,4.6,2,1.5,2025-08-29,2025-09-03
60654,Riverside Teaching Hospital,M2,Intro to Cognitive Behavioral Therapy for Primary Care,Teacher-Led Virtual,72.5,91.7,Completed,13,3.7,2,2.8,2025-05-02,2025-05-15
60655,Riverside Teaching Hospital,M4,Psychiatric Interviewing & Mental Status Examination,Digital Workbook,36.8,33.2,Completed,16,3.3,1,6.3,2025-04-16,2025-05-02
60655,Riverside Teaching Hospital,M4,"Recognizing Depression, Anxiety & Suicide Risk",Digital Workbook,50.1,,In Progress,,2.8,1,2.9,2025-10-04,
60655,Riverside Teaching Hospital,M4,Trauma-Informed Care & Communication,Digital Workbook,42.2,41.9,Completed,10,3.3,2,3.8,2025-06-10,2025-06-20
60655,Riverside Teaching Hospital,M4,De-escalation Micro-Skills for Acute Distress,Gamified Microlearning,62.6,78.5,Completed,3,4.8,2,0.9,2025-09-17,2025-09-20
60655,Riverside Teaching Hospital,M4,Empathic Communication Quick Course,Gamified Microlearning,31.5,43.0,Completed,5,3.8,1,1.6,2025-06-11,2025-06-16
60655,Riverside Teaching Hospital,M4,Physician Wellness & Burnout Prevention,Teacher-Led Virtual,34.1,33.9,Completed,15,4.0,2,4.5,2025-09-04,2025-09-19
60655,Riverside Teaching Hospital,M4,Motivational Interviewing Workshop,Blended,45.5,57.3,Completed,8,3.1,1,3.1,2025-09-01,2025-09-09
60656,University Health Partners,M1,Psychiatric Interviewing & Mental Status Examination,Digital Workbook,61.0,77.4,Completed,17,3.0,1,6.7,2025-10-01,2025-10-18
60656,University Health Partners,M1,"Recognizing Depression, Anxiety & Suicide Risk",Digital Workbook,71.5,,In Progress,,2.5,2,3.2,2025-02-14,
60656,University Health Partners,M1,Trauma-Informed Care & Communication,Digital Workbook,69.6,82.1,Completed,14,3.3,1,5.6,2025-09-21,2025-10-05
60656,University Health Partners,M1,De-escalation Micro-Skills for Acute Distress,Gamified Microlearning,69.0,94.6,Completed,2,3.8,1,1.2,2025-04-20,2025-04-22
60656,University Health Partners,M1,Empathic Communication Quick Course,Gamified Microlearning,77.9,98.9,Completed,6,5.0,1,1.8,2025-09-25,2025-10-01
60656,University Health Partners,M1,Intro to Cognitive Behavioral Therapy for Primary Care,Teacher-Led Virtual,72.0,93.4,Completed,12,3.6,1,3.6,2025-01-30,2025-02-11
60656,University Health Partners,M1,Understanding Implicit Bias in Clinical Decision-Making,Digital Workbook,73.2,81.6,Completed,10,4.2,1,3.1,2025-02-23,2025-03-05
60657,University Health Partners,M2,Psychiatric Interviewing & Mental Status Examination,Digital Workbook,73.3,81.7,Completed,18,3.8,2,6.9,2025-01-15,2025-02-02
60657,University Health Partners,M2,"Recognizing Depression, Anxiety & Suicide Risk",Digital Workbook,67.7,74.4,Completed,12,2.4,3,6.9,2025-01-13,2025-01-25
60657,University Health Partners,M2,Trauma-Informed Care & Communication,Digital Workbook,57.3,52.4,Completed,9,3.9,2,4.6,2025-07-10,2025-07-19
60657,University Health Partners,M2,De-escalation Micro-Skills for Acute Distress,Gamified Microlearning,66.0,76.6,Completed,2,4.1,2,1.1,2025-03-18,2025-03-20
60657,University Health Partners,M2,Empathic Communication Quick Course,Gamified Microlearning,49.6,67.9,Completed,6,4.2,1,1.9,2025-05-30,2025-06-05
60657,University Health Partners,M2,Intro to Cognitive Behavioral Therapy for Primary Care,Teacher-Led Virtual,56.2,75.3,Completed,10,3.9,1,3.5,2025-05-17,2025-05-27
60657,University Health Partners,M2,Peer Mentorship & Clinical Team Communication,Blended,55.6,71.1,Completed,15,3.6,1,6.8,2025-02-12,2025-02-27
60658,University Health Partners,M1,Psychiatric Interviewing & Mental Status Examination,Digital Workbook,64.5,63.0,Completed,21,4.0,1,6.1,2025-03-17,2025-04-07
60658,University Health Partners,M1,"Recognizing Depression, Anxiety & Suicide Risk",Digital Workbook,35.4,41.2,Completed,28,3.2,2,4.7,2025-06-15,2025-07-13
60658,University Health Partners,M1,Trauma-Informed Care & Communication,Digital Workbook,52.8,63.6,Completed,10,3.8,3,5.5,2025-02-10,2025-02-20
60658,University Health Partners,M1,De-escalation Micro-Skills for Acute Distress,Gamified Microlearning,59.6,76.0,Completed,3,4.2,2,1.3,2025-03-02,2025-03-05
60658,University Health Partners,M1,Empathic Communication Quick Course,Gamified Microlearning,59.2,79.5,Completed,4,5.0,1,1.8,2025-10-12,2025-10-16
60658,University Health Partners,M1,Motivational Interviewing Workshop,Blended,41.5,54.6,Completed,7,4.7,1,2.1,2025-11-05,2025-11-12
60658,University Health Partners,M1,Understanding Implicit Bias in Clinical Decision-Making,Digital Workbook,51.0,71.4,Completed,5,3.3,2,3.4,2025-02-08,2025-02-13
60659,University Health Partners,M2,Psychiatric Interviewing & Mental Status Examination,Digital Workbook,55.6,65.4,Completed,15,2.7,2,6.3,2025-05-24,2025-06-08
60659,University Health Partners,M2,"Recognizing Depression, Anxiety & Suicide Risk",Digital Workbook,81.2,94.4,Completed,16,3.3,2,6.0,2025-07-28,2025-08-13
60659,University Health Partners,M2,Trauma-Informed Care & Communication,Digital Workbook,74.4,75.7,Completed,17,2.9,1,5.4,2025-09-03,2025-09-20
60659,University Health Partners,M2,De-escalation Micro-Skills for Acute Distress,Gamified Microlearning,50.2,69.3,Completed,3,3.7,1,1.1,2025-04-06,2025-04-09
60659,University Health Partners,M2,Empathic Communication Quick Course,Gamified Microlearning,65.6,87.9,Completed,2,4.1,1,1.5,2025-07-27,2025-07-29
60659,University Health Partners,M2,Peer Mentorship & Clinical Team Communication,Blended,46.8,72.5,Completed,11,4.5,2,7.3,2025-04-17,2025-04-28
60659,University Health Partners,M2,Motivational Interviewing Workshop,Blended,59.6,71.9,Completed,8,5.0,1,2.9,2025-01-09,2025-01-17
60659,University Health Partners,M2,Intro to Cognitive Behavioral Therapy for Primary Care,Teacher-Led Virtual,57.6,70.8,Completed,1,4.7,4,3.9,2025-05-01,2025-05-02
60660,Riverside Teaching Hospital,M3,Psychiatric Interviewing & Mental Status Examination,Digital Workbook,65.6,,Not Started,,,0,0.0,2025-07-30,
60660,Riverside Teaching Hospital,M3,"Recognizing Depression, Anxiety & Suicide Risk",Digital Workbook,54.9,,In Progress,,3.2,2,2.5,2025-07-01,
60660,Riverside Teaching Hospital,M3,Trauma-Informed Care & Communication,Digital Workbook,53.4,,In Progress,,3.0,1,2.7,2025-03-02,
60660,Riverside Teaching Hospital,M3,De-escalation Micro-Skills for Acute Distress,Gamified Microlearning,62.1,80.2,Completed,4,4.5,1,1.2,2025-09-06,2025-09-10
60660,Riverside Teaching Hospital,M3,Empathic Communication Quick Course,Gamified Microlearning,38.6,51.9,Completed,6,3.9,3,1.3,2025-02-08,2025-02-14
60660,Riverside Teaching Hospital,M3,Intro to Cognitive Behavioral Therapy for Primary Care,Teacher-Led Virtual,47.1,69.1,Completed,12,3.9,2,3.8,2025-10-01,2025-10-13
60660,Riverside Teaching Hospital,M3,Motivational Interviewing Workshop,Blended,48.3,63.4,Completed,7,4.2,1,2.9,2025-04-19,2025-04-26
60660,Riverside Teaching Hospital,M3,Physician Wellness & Burnout Prevention,Teacher-Led Virtual,56.6,72.0,Completed,12,3.7,2,4.3,2025-10-08,2025-10-20
60661,Riverside Teaching Hospital,M1,Psychiatric Interviewing & Mental Status Examination,Digital Workbook,35.7,,Not Started,,,0,0.0,2025-06-14,
60661,Riverside Teaching Hospital,M1,"Recognizing Depression, Anxiety & Suicide Risk",Digital Workbook,31.2,,Not Started,,,0,0.0,2025-06-19,
60661,Riverside Teaching Hospital,M1,Trauma-Informed Care & Communication,Digital Workbook,34.1,,Dropped,,2.0,3,0.3,2025-02-05,
60661,Riverside Teaching Hospital,M1,De-escalation Micro-Skills for Acute Distress,Gamified Microlearning,48.0,53.0,Completed,2,5.0,2,1.1,2025-08-19,2025-08-21
60661,Riverside Teaching Hospital,M1,Empathic Communication Quick Course,Gamified Microlearning,55.0,60.6,Completed,2,4.7,2,1.9,2025-04-30,2025-05-02
60661,Riverside Teaching Hospital,M1,Understanding Implicit Bias in Clinical Decision-Making,Digital Workbook,45.1,54.5,Completed,10,4.3,2,3.8,2025-07-05,2025-07-15
60661,Riverside Teaching Hospital,M1,Motivational Interviewing Workshop,Blended,51.7,58.0,Completed,10,3.9,1,2.7,2025-03-19,2025-03-29
60662,Community Health Institute,M3,Psychiatric Interviewing & Mental Status Examination,Digital Workbook,70.2,80.7,Completed,23,2.9,2,6.0,2025-04-09,2025-05-02
60662,Community Health Institute,M3,"Recognizing Depression, Anxiety & Suicide Risk",Digital Workbook,78.8,82.5,Completed,10,3.2,1,5.1,2025-04-17,2025-04-27
60662,Community Health Institute,M3,Trauma-Informed Care & Communication,Digital Workbook,71.5,77.1,Completed,12,2.9,2,5.5,2025-08-30,2025-09-11
60662,Community Health Institute,M3,De-escalation Micro-Skills for Acute Distress,Gamified Microlearning,57.4,80.6,Completed,1,4.4,1,1.2,2025-10-24,2025-10-25
60662,Community Health Institute,M3,Empathic Communication Quick Course,Gamified Microlearning,56.5,77.4,Completed,3,3.8,1,1.7,2025-03-24,2025-03-27
60662,Community Health Institute,M3,Motivational Interviewing Workshop,Blended,64.5,77.0,Completed,8,4.5,2,2.8,2025-03-02,2025-03-10
60662,Community Health Institute,M3,Intro to Cognitive Behavioral Therapy for Primary Care,Teacher-Led Virtual,69.1,92.1,Completed,7,3.9,1,2.8,2025-04-27,2025-05-04
60663,Lakeside Medical Center,M1,Psychiatric Interviewing & Mental Status Examination,Digital Workbook,63.9,,Not Started,,,0,0.0,2025-11-04,
60663,Lakeside Medical Center,M1,"Recognizing Depression, Anxiety & Suicide Risk",Digital Workbook,53.1,56.8,Completed,16,3.1,2,6.8,2025-10-31,2025-11-16
60663,Lakeside Medical Center,M1,Trauma-Informed Care & Communication,Digital Workbook,79.3,84.2,Completed,13,3.7,2,5.6,2025-01-08,2025-01-21
60663,Lakeside Medical Center,M1,De-escalation Micro-Skills for Acute Distress,Gamified Microlearning,51.9,67.4,Completed,4,5.0,1,1.0,2025-09-27,2025-10-01
60663,Lakeside Medical Center,M1,Empathic Communication Quick Course,Gamified Microlearning,50.5,67.1,Completed,5,4.5,1,1.7,2025-11-04,2025-11-09
60663,Lakeside Medical Center,M1,Peer Mentorship & Clinical Team Communication,Blended,52.2,61.2,Completed,21,4.1,3,6.9,2025-09-12,2025-10-03
60663,Lakeside Medical Center,M1,Understanding Implicit Bias in Clinical Decision-Making,Digital Workbook,62.3,82.5,Completed,6,3.7,1,2.7,2025-04-22,2025-04-28
60664,Meridian Main Campus,M4,Psychiatric Interviewing & Mental Status Examination,Digital Workbook,61.9,,Not Started,,,0,0.0,2025-01-28,
60664,Meridian Main Campus,M4,"Recognizing Depression, Anxiety & Suicide Risk",Digital Workbook,71.6,,Dropped,,1.7,2,0.4,2025-08-12,
60664,Meridian Main Campus,M4,Trauma-Informed Care & Communication,Digital Workbook,62.9,71.0,Completed,18,3.1,2,4.7,2025-07-09,2025-07-27
60664,Meridian Main Campus,M4,De-escalation Micro-Skills for Acute Distress,Gamified Microlearning,44.3,71.7,Completed,3,4.7,1,1.0,2025-01-14,2025-01-17
60664,Meridian Main Campus,M4,Empathic Communication Quick Course,Gamified Microlearning,45.6,55.3,Completed,3,4.4,1,1.5,2025-07-21,2025-07-24
60664,Meridian Main Campus,M4,Intro to Cognitive Behavioral Therapy for Primary Care,Teacher-Led Virtual,60.5,78.8,Completed,3,3.6,1,2.6,2025-07-07,2025-07-10
60664,Meridian Main Campus,M4,Understanding Implicit Bias in Clinical Decision-Making,Digital Workbook,59.4,,In Progress,,3.4,2,1.2,2025-06-09,
60665,Community Health Institute,M4,Psychiatric Interviewing & Mental Status Examination,Digital Workbook,64.3,,In Progress,,2.8,2,2.8,2025-06-10,
60665,Community Health Institute,M4,"Recognizing Depression, Anxiety & Suicide Risk",Digital Workbook,71.9,93.2,Completed,24,2.0,2,5.3,2025-03-04,2025-03-28
60665,Community Health Institute,M4,Trauma-Informed Care & Communication,Digital Workbook,66.6,72.4,Completed,10,3.5,1,4.7,2025-02-19,2025-03-01
60665,Community Health Institute,M4,De-escalation Micro-Skills for Acute Distress,Gamified Microlearning,50.4,71.3,Completed,1,4.5,2,1.2,2025-07-18,2025-07-19
60665,Community Health Institute,M4,Empathic Communication Quick Course,Gamified Microlearning,69.6,85.3,Completed,3,4.8,1,1.4,2025-01-27,2025-01-30
60665,Community Health Institute,M4,Intro to Cognitive Behavioral Therapy for Primary Care,Teacher-Led Virtual,72.8,88.5,Completed,11,3.5,1,2.9,2025-09-01,2025-09-12
60665,Community Health Institute,M4,Peer Mentorship & Clinical Team Communication,Blended,61.5,91.8,Completed,5,4.4,1,5.8,2025-09-11,2025-09-16
60665,Community Health Institute,M4,Physician Wellness & Burnout Prevention,Teacher-Led Virtual,68.5,80.8,Completed,14,4.2,1,4.3,2025-02-15,2025-03-01
60666,Meridian Main Campus,M2,Psychiatric Interviewing & Mental Status Examination,Digital Workbook,77.9,,Not Started,,,0,0.0,2025-11-03,
60666,Meridian Main Campus,M2,"Recognizing Depression, Anxiety & Suicide Risk",Digital Workbook,92.7,,In Progress,,2.4,2,2.8,2025-08-20,
60666,Meridian Main Campus,M2,Trauma-Informed Care & Communication,Digital Workbook,76.6,86.1,Completed,12,3.5,1,4.2,2025-06-25,2025-07-07
60666,Meridian Main Campus,M2,De-escalation Micro-Skills for Acute Distress,Gamified Microlearning,89.8,100.0,Completed,3,4.4,1,1.0,2025-08-12,2025-08-15
60666,Meridian Main Campus,M2,Empathic Communication Quick Course,Gamified Microlearning,54.2,70.7,Completed,3,4.3,1,1.3,2025-06-04,2025-06-07
60666,Meridian Main Campus,M2,Motivational Interviewing Workshop,Blended,78.1,100.0,Completed,6,4.0,1,3.1,2025-02-02,2025-02-08
60666,Meridian Main Campus,M2,Understanding Implicit Bias in Clinical Decision-Making,Digital Workbook,73.4,93.4,Completed,12,3.2,1,3.8,2025-08-19,2025-08-31
60667,Lakeside Medical Center,M3,Psychiatric Interviewing & Mental Status Examination,Digital Workbook,45.0,,Not Started,,,0,0.0,2025-09-01,
60667,Lakeside Medical Center,M3,"Recognizing Depression, Anxiety & Suicide Risk",Digital Workbook,38.0,,Not Started,,,0,0.0,2025-01-06,
60667,Lakeside Medical Center,M3,Trauma-Informed Care & Communication,Digital Workbook,49.2,49.9,Completed,11,4.2,3,5.8,2025-11-18,2025-11-29
60667,Lakeside Medical Center,M3,De-escalation Micro-Skills for Acute Distress,Gamified Microlearning,52.5,62.7,Completed,3,4.5,2,1.2,2025-06-19,2025-06-22
60667,Lakeside Medical Center,M3,Empathic Communication Quick Course,Gamified Microlearning,55.7,71.7,Completed,5,4.4,2,1.7,2025-09-08,2025-09-13
60667,Lakeside Medical Center,M3,Peer Mentorship & Clinical Team Communication,Blended,58.7,75.3,Completed,20,3.9,2,6.5,2025-07-18,2025-08-07
60667,Lakeside Medical Center,M3,Intro to Cognitive Behavioral Therapy for Primary Care,Teacher-Led Virtual,54.8,60.9,Completed,9,3.6,2,2.8,2025-08-14,2025-08-23
60668,University Health Partners,M4,Psychiatric Interviewing & Mental Status Examination,Digital Workbook,55.4,,In Progress,,2.9,2,1.9,2025-02-27,
60668,University Health Partners,M4,"Recognizing Depression, Anxiety & Suicide Risk",Digital Workbook,52.1,,In Progress,,2.2,3,1.6,2025-05-12,
60668,University Health Partners,M4,Trauma-Informed Care & Communication,Digital Workbook,60.8,62.6,Completed,19,2.7,2,4.6,2025-05-10,2025-05-29
60668,University Health Partners,M4,De-escalation Micro-Skills for Acute Distress,Gamified Microlearning,54.2,67.5,Completed,1,4.1,2,1.2,2025-01-25,2025-01-26
60668,University Health Partners,M4,Empathic Communication Quick Course,Gamified Microlearning,51.8,74.3,Completed,4,5.0,3,1.8,2025-08-18,2025-08-22
60668,University Health Partners,M4,Understanding Implicit Bias in Clinical Decision-Making,Digital Workbook,21.8,29.0,Completed,4,3.6,1,3.1,2025-05-15,2025-05-19
60668,University Health Partners,M4,Intro to Cognitive Behavioral Therapy for Primary Care,Teacher-Led Virtual,68.1,72.9,Completed,8,3.8,1,3.4,2025-04-01,2025-04-09
60669,Riverside Teaching Hospital,M1,Psychiatric Interviewing & Mental Status Examination,Digital Workbook,77.3,83.4,Completed,24,3.2,2,5.4,2025-10-31,2025-11-24
60669,Riverside Teaching Hospital,M1,"Recognizing Depression, Anxiety & Suicide Risk",Digital Workbook,60.9,73.1,Completed,17,3.8,2,6.6,2025-05-13,2025-05-30
60669,Riverside Teaching Hospital,M1,Trauma-Informed Care & Communication,Digital Workbook,59.5,,In Progress,,2.7,1,2.1,2025-05-10,
60669,Riverside Teaching Hospital,M1,De-escalation Micro-Skills for Acute Distress,Gamified Microlearning,71.6,98.2,Completed,4,3.8,1,1.2,2025-10-04,2025-10-08
60669,Riverside Teaching Hospital,M1,Empathic Communication Quick Course,Gamified Microlearning,51.9,78.8,Completed,2,4.5,2,1.3,2025-01-20,2025-01-22
60669,Riverside Teaching Hospital,M1,Peer Mentorship & Clinical Team Communication,Blended,60.9,83.4,Completed,25,4.2,1,6.9,2025-06-11,2025-07-06
60669,Riverside Teaching Hospital,M1,Motivational Interviewing Workshop,Blended,85.8,100.0,Completed,7,4.1,2,3.2,2025-03-09,2025-03-16
60670,Community Health Institute,M1,Psychiatric Interviewing & Mental Status Examination,Digital Workbook,48.0,57.8,Completed,19,3.3,3,5.9,2025-02-24,2025-03-15
60670,Community Health Institute,M1,"Recognizing Depression, Anxiety & Suicide Risk",Digital Workbook,72.9,73.7,Completed,28,3.5,1,5.9,2025-04-07,2025-05-05
60670,Community Health Institute,M1,Trauma-Informed Care & Communication,Digital Workbook,54.0,,In Progress,,2.3,2,1.4,2025-04-02,
60670,Community Health Institute,M1,De-escalation Micro-Skills for Acute Distress,Gamified Microlearning,57.5,68.9,Completed,3,4.2,2,1.1,2025-08-07,2025-08-10
60670,Community Health Institute,M1,Empathic Communication Quick Course,Gamified Microlearning,45.6,64.1,Completed,7,3.9,2,1.6,2025-08-05,2025-08-12
60670,Community Health Institute,M1,Intro to Cognitive Behavioral Therapy for Primary Care,Teacher-Led Virtual,46.4,57.2,Completed,11,4.2,2,2.8,2025-09-04,2025-09-15
60671,Community Health Institute,M4,Psychiatric Interviewing & Mental Status Examination,Digital Workbook,62.0,,In Progress,,3.5,2,3.9,2025-05-06,
60671,Community Health Institute,M4,"Recognizing Depression, Anxiety & Suicide Risk",Digital Workbook,56.3,76.6,Completed,17,2.7,1,5.3,2025-09-12,2025-09-29
60671,Community Health Institute,M4,Trauma-Informed Care & Communication,Digital Workbook,54.4,,Dropped,,1.8,2,0.9,2025-05-10,
60671,Community Health Institute,M4,De-escalation Micro-Skills for Acute Distress,Gamified Microlearning,51.4,65.1,Completed,3,4.6,3,1.0,2025-06-30,2025-07-03
60671,Community Health Institute,M4,Empathic Communication Quick Course,Gamified Microlearning,48.0,64.0,Completed,5,4.7,2,1.3,2025-06-13,2025-06-18
60671,Community Health Institute,M4,Intro to Cognitive Behavioral Therapy for Primary Care,Teacher-Led Virtual,58.3,83.6,Completed,10,4.5,2,3.6,2025-10-16,2025-10-26
60671,Community Health Institute,M4,Motivational Interviewing Workshop,Blended,47.3,59.3,Completed,7,4.1,2,3.1,2025-06-19,2025-06-26
60672,Riverside Teaching Hospital,M1,Psychiatric Interviewing & Mental Status Examination,Digital Workbook,78.7,,Dropped,,2.6,2,1.4,2025-06-16,
60672,Riverside Teaching Hospital,M1,"Recognizing Depression, Anxiety & Suicide Risk",Digital Workbook,50.5,,In Progress,,2.1,1,2.5,2025-03-07,
60672,Riverside Teaching Hospital,M1,Trauma-Informed Care & Communication,Digital Workbook,75.7,85.5,Completed,16,3.2,1,5.8,2025-11-09,2025-11-25
60672,Riverside Teaching Hospital,M1,De-escalation Micro-Skills for Acute Distress,Gamified Microlearning,65.3,81.0,Completed,4,4.5,1,1.1,2025-08-04,2025-08-08
60672,Riverside Teaching Hospital,M1,Empathic Communication Quick Course,Gamified Microlearning,75.7,95.0,Completed,5,4.1,2,1.9,2025-09-08,2025-09-13
60672,Riverside Teaching Hospital,M1,Motivational Interviewing Workshop,Blended,64.0,70.0,Completed,9,3.9,1,2.2,2025-03-01,2025-03-10
60673,Riverside Teaching Hospital,M2,Psychiatric Interviewing & Mental Status Examination,Digital Workbook,49.0,53.0,Completed,30,3.8,1,6.5,2025-09-13,2025-10-13
60673,Riverside Teaching Hospital,M2,"Recognizing Depression, Anxiety & Suicide Risk",Digital Workbook,65.9,,In Progress,,3.0,2,2.8,2025-03-31,
60673,Riverside Teaching Hospital,M2,Trauma-Informed Care & Communication,Digital Workbook,42.3,57.9,Completed,7,3.1,2,4.6,2025-06-29,2025-07-06
60673,Riverside Teaching Hospital,M2,De-escalation Micro-Skills for Acute Distress,Gamified Microlearning,84.3,96.1,Completed,4,4.8,1,1.2,2025-02-02,2025-02-06
60673,Riverside Teaching Hospital,M2,Empathic Communication Quick Course,Gamified Microlearning,53.2,73.5,Completed,6,4.4,1,1.6,2025-08-12,2025-08-18
60673,Riverside Teaching Hospital,M2,Peer Mentorship & Clinical Team Communication,Blended,67.6,76.2,Completed,17,4.0,2,6.0,2025-11-01,2025-11-18
60673,Riverside Teaching Hospital,M2,Understanding Implicit Bias in Clinical Decision-Making,Digital Workbook,74.5,92.4,Completed,6,3.6,1,2.8,2025-07-18,2025-07-24
60673,Riverside Teaching Hospital,M2,Intro to Cognitive Behavioral Therapy for Primary Care,Teacher-Led Virtual,63.1,83.9,Completed,14,3.7,1,2.8,2025-10-08,2025-10-22
60674,University Health Partners,M2,Psychiatric Interviewing & Mental Status Examination,Digital Workbook,58.3,71.2,Completed,14,3.6,1,6.1,2025-09-14,2025-09-28
60674,University Health Partners,M2,"Recognizing Depression, Anxiety & Suicide Risk",Digital Workbook,58.6,65.5,Completed,28,2.6,3,5.5,2025-07-17,2025-08-14
60674,University Health Partners,M2,Trauma-Informed Care & Communication,Digital Workbook,54.6,,In Progress,,2.2,3,1.4,2025-07-28,
60674,University Health Partners,M2,De-escalation Micro-Skills for Acute Distress,Gamified Microlearning,63.6,83.7,Completed,3,4.8,2,0.9,2025-05-14,2025-05-17
60674,University Health Partners,M2,Empathic Communication Quick Course,Gamified Microlearning,61.4,81.0,Completed,4,4.6,2,1.6,2025-10-23,2025-10-27
60674,University Health Partners,M2,Intro to Cognitive Behavioral Therapy for Primary Care,Teacher-Led Virtual,51.8,59.1,Completed,6,3.9,2,2.9,2025-10-15,2025-10-21
60674,University Health Partners,M2,Understanding Implicit Bias in Clinical Decision-Making,Digital Workbook,59.4,72.2,Completed,5,3.2,1,2.6,2025-01-25,2025-01-30
60674,University Health Partners,M2,Peer Mentorship & Clinical Team Communication,Blended,46.8,,In Progress,,3.2,3,3.6,2025-05-28,
60675,Lakeside Medical Center,M4,Psychiatric Interviewing & Mental Status Examination,Digital Workbook,57.7,66.5,Completed,16,3.4,2,7.7,2025-02-27,2025-03-15
60675,Lakeside Medical Center,M4,"Recognizing Depression, Anxiety & Suicide Risk",Digital Workbook,59.8,64.5,Completed,16,3.0,1,6.7,2025-09-02,2025-09-18
60675,Lakeside Medical Center,M4,Trauma-Informed Care & Communication,Digital Workbook,48.3,55.3,Completed,24,4.2,1,4.4,2025-02-02,2025-02-26
60675,Lakeside Medical Center,M4,De-escalation Micro-Skills for Acute Distress,Gamified Microlearning,67.3,85.1,Completed,2,5.0,1,1.0,2025-04-15,2025-04-17
60675,Lakeside Medical Center,M4,Empathic Communication Quick Course,Gamified Microlearning,63.8,79.4,Completed,4,4.5,2,1.9,2025-02-19,2025-02-23
60675,Lakeside Medical Center,M4,Peer Mentorship & Clinical Team Communication,Blended,66.4,73.6,Completed,27,4.6,1,6.7,2025-03-17,2025-04-13
60675,Lakeside Medical Center,M4,Understanding Implicit Bias in Clinical Decision-Making,Digital Workbook,52.3,59.5,Completed,11,3.5,1,3.2,2025-07-29,2025-08-09
60676,Riverside Teaching Hospital,M1,Psychiatric Interviewing & Mental Status Examination,Digital Workbook,72.7,79.2,Completed,7,3.6,2,6.9,2025-01-26,2025-02-02
60676,Riverside Teaching Hospital,M1,"Recognizing Depression, Anxiety & Suicide Risk",Digital Workbook,29.2,40.3,Completed,13,2.6,2,6.6,2025-03-24,2025-04-06
60676,Riverside Teaching Hospital,M1,Trauma-Informed Care & Communication,Digital Workbook,51.4,56.2,Completed,24,3.0,1,4.1,2025-10-05,2025-10-29
60676,Riverside Teaching Hospital,M1,De-escalation Micro-Skills for Acute Distress,Gamified Microlearning,54.2,69.0,Completed,2,4.3,2,1.2,2025-11-17,2025-11-19
60676,Riverside Teaching Hospital,M1,Empathic Communication Quick Course,Gamified Microlearning,50.7,72.0,Completed,5,3.9,1,1.5,2025-03-21,2025-03-26
60676,Riverside Teaching Hospital,M1,Intro to Cognitive Behavioral Therapy for Primary Care,Teacher-Led Virtual,55.9,64.4,Completed,6,3.9,1,3.6,2025-05-20,2025-05-26
60676,Riverside Teaching Hospital,M1,Motivational Interviewing Workshop,Blended,43.7,53.4,Completed,4,3.8,2,2.7,2025-08-10,2025-08-14
60676,Riverside Teaching Hospital,M1,Peer Mentorship & Clinical Team Communication,Blended,70.4,,Dropped,,3.2,3,2.1,2025-09-23,
60677,Lakeside Medical Center,M2,Psychiatric Interviewing & Mental Status Examination,Digital Workbook,64.9,,Dropped,,2.4,1,1.9,2025-08-30,
60677,Lakeside Medical Center,M2,"Recognizing Depression, Anxiety & Suicide Risk",Digital Workbook,55.8,,In Progress,,3.2,2,3.0,2025-11-16,
60677,Lakeside Medical Center,M2,Trauma-Informed Care & Communication,Digital Workbook,58.0,,In Progress,,2.1,2,1.3,2025-04-13,
60677,Lakeside Medical Center,M2,De-escalation Micro-Skills for Acute Distress,Gamified Microlearning,39.7,64.6,Completed,5,4.0,1,1.2,2025-10-31,2025-11-05
60677,Lakeside Medical Center,M2,Empathic Communication Quick Course,Gamified Microlearning,49.0,57.6,Completed,2,4.2,2,1.7,2025-05-22,2025-05-24
60677,Lakeside Medical Center,M2,Peer Mentorship & Clinical Team Communication,Blended,51.8,75.3,Completed,23,3.9,1,6.6,2025-05-15,2025-06-07
60678,University Health Partners,M2,Psychiatric Interviewing & Mental Status Examination,Digital Workbook,74.9,,Not Started,,,0,0.0,2025-04-17,
60678,University Health Partners,M2,"Recognizing Depression, Anxiety & Suicide Risk",Digital Workbook,74.9,,In Progress,,2.7,2,2.4,2025-05-31,
60678,University Health Partners,M2,Trauma-Informed Care & Communication,Digital Workbook,73.9,,Not Started,,,0,0.0,2025-05-03,
60678,University Health Partners,M2,De-escalation Micro-Skills for Acute Distress,Gamified Microlearning,78.5,91.7,Completed,4,3.9,1,1.0,2025-08-16,2025-08-20
60678,University Health Partners,M2,Empathic Communication Quick Course,Gamified Microlearning,64.9,80.2,Completed,2,4.4,1,1.9,2025-06-21,2025-06-23
60678,University Health Partners,M2,Understanding Implicit Bias in Clinical Decision-Making,Digital Workbook,63.2,81.4,Completed,9,3.9,2,3.2,2025-07-29,2025-08-07
60679,Lakeside Medical Center,M3,Psychiatric Interviewing & Mental Status Examination,Digital Workbook,52.0,59.6,Completed,21,3.3,3,7.1,2025-02-22,2025-03-15
60679,Lakeside Medical Center,M3,"Recognizing Depression, Anxiety & Suicide Risk",Digital Workbook,67.9,77.7,Completed,13,2.8,2,5.8,2025-03-17,2025-03-30
60679,Lakeside Medical Center,M3,Trauma-Informed Care & Communication,Digital Workbook,83.3,86.7,Completed,13,3.3,1,5.6,2025-06-22,2025-07-05
60679,Lakeside Medical Center,M3,De-escalation Micro-Skills for Acute Distress,Gamified Microlearning,55.3,63.9,Completed,1,4.4,1,1.3,2025-08-17,2025-08-18
60679,Lakeside Medical Center,M3,Empathic Communication Quick Course,Gamified Microlearning,54.9,83.9,Completed,2,4.9,1,1.8,2025-04-15,2025-04-17
60679,Lakeside Medical Center,M3,Understanding Implicit Bias in Clinical Decision-Making,Digital Workbook,65.1,78.2,Completed,10,3.8,1,3.6,2025-02-11,2025-02-21
60679,Lakeside Medical Center,M3,Peer Mentorship & Clinical Team Communication,Blended,60.5,,In Progress,,3.4,2,3.1,2025-09-12,
60680,University Health Partners,M4,Psychiatric Interviewing & Mental Status Examination,Digital Workbook,50.8,59.3,Completed,25,3.1,2,7.5,2025-03-02,2025-03-27
60680,University Health Partners,M4,"Recognizing Depression, Anxiety & Suicide Risk",Digital Workbook,63.2,74.4,Completed,16,3.7,1,7.1,2025-05-25,2025-06-10
60680,University Health Partners,M4,Trauma-Informed Care & Communication,Digital Workbook,77.4,,Not Started,,,0,0.0,2025-07-24,
60680,University Health Partners,M4,De-escalation Micro-Skills for Acute Distress,Gamified Microlearning,82.9,96.3,Completed,3,4.1,1,1.0,2025-06-18,2025-06-21
60680,University Health Partners,M4,Empathic Communication Quick Course,Gamified Microlearning,59.2,78.7,Completed,6,4.7,1,1.5,2025-01-17,2025-01-23
60680,University Health Partners,M4,Motivational Interviewing Workshop,Blended,84.6,99.6,Completed,6,4.5,1,3.1,2025-02-02,2025-02-08
60681,University Health Partners,M2,Psychiatric Interviewing & Mental Status Examination,Digital Workbook,72.7,76.9,Completed,19,3.6,2,6.4,2025-10-08,2025-10-27
60681,University Health Partners,M2,"Recognizing Depression, Anxiety & Suicide Risk",Digital Workbook,84.1,,Not Started,,,0,0.0,2025-05-21,
60681,University Health Partners,M2,Trauma-Informed Care & Communication,Digital Workbook,80.2,94.4,Completed,17,2.9,2,4.0,2025-03-14,2025-03-31
60681,University Health Partners,M2,De-escalation Micro-Skills for Acute Distress,Gamified Microlearning,85.5,100.0,Completed,2,4.5,2,0.9,2025-08-07,2025-08-09
60681,University Health Partners,M2,Empathic Communication Quick Course,Gamified Microlearning,83.8,100.0,Completed,2,4.6,1,1.8,2025-07-10,2025-07-12
60681,University Health Partners,M2,Physician Wellness & Burnout Prevention,Teacher-Led Virtual,61.8,76.1,Completed,11,4.4,2,4.7,2025-06-14,2025-06-25
60682,Community Health Institute,M2,Psychiatric Interviewing & Mental Status Examination,Digital Workbook,65.0,,In Progress,,2.5,2,1.6,2025-06-06,
60682,Community Health Institute,M2,"Recognizing Depression, Anxiety & Suicide Risk",Digital Workbook,44.4,,In Progress,,2.1,2,3.2,2025-08-10,
60682,Community Health Institute,M2,Trauma-Informed Care & Communication,Digital Workbook,61.2,67.7,Completed,5,3.4,3,4.5,2025-03-18,2025-03-23
60682,Community Health Institute,M2,De-escalation Micro-Skills for Acute Distress,Gamified Microlearning,59.7,97.3,Completed,3,4.2,1,1.1,2025-06-05,2025-06-08
60682,Community Health Institute,M2,Empathic Communication Quick Course,Gamified Microlearning,61.1,76.7,Completed,5,5.0,1,1.5,2025-02-14,2025-02-19
60682,Community Health Institute,M2,Peer Mentorship & Clinical Team Communication,Blended,78.7,,Dropped,,2.7,2,0.8,2025-11-02,
60682,Community Health Institute,M2,Intro to Cognitive Behavioral Therapy for Primary Care,Teacher-Led Virtual,72.6,88.3,Completed,3,4.1,3,3.6,2025-01-28,2025-01-31
60683,Lakeside Medical Center,M1,Psychiatric Interviewing & Mental Status Examination,Digital Workbook,61.8,,Dropped,,1.6,1,1.1,2025-06-09,
60683,Lakeside Medical Center,M1,"Recognizing Depression, Anxiety & Suicide Risk",Digital Workbook,53.1,66.4,Completed,32,2.8,3,5.9,2025-02-16,2025-03-20
60683,Lakeside Medical Center,M1,Trauma-Informed Care & Communication,Digital Workbook,74.9,85.7,Completed,14,2.6,1,5.6,2025-06-29,2025-07-13
60683,Lakeside Medical Center,M1,De-escalation Micro-Skills for Acute Distress,Gamified Microlearning,70.3,85.1,Completed,1,4.2,2,1.3,2025-07-19,2025-07-20
60683,Lakeside Medical Center,M1,Empathic Communication Quick Course,Gamified Microlearning,52.6,80.8,Completed,4,5.0,1,1.8,2025-02-06,2025-02-10
60683,Lakeside Medical Center,M1,Understanding Implicit Bias in Clinical Decision-Making,Digital Workbook,62.3,71.3,Completed,8,3.5,1,2.8,2025-02-02,2025-02-10
60683,Lakeside Medical Center,M1,Motivational Interviewing Workshop,Blended,55.0,85.1,Completed,11,4.1,2,2.2,2025-11-18,2025-11-29
60683,Lakeside Medical Center,M1,Intro to Cognitive Behavioral Therapy for Primary Care,Teacher-Led Virtual,65.1,81.0,Completed,13,3.5,2,2.7,2025-02-13,2025-02-26
60684,Riverside Teaching Hospital,M4,Psychiatric Interviewing & Mental Status Examination,Digital Workbook,72.2,,Not Started,,,0,0.0,2025-09-18,
60684,Riverside Teaching Hospital,M4,"Recognizing Depression, Anxiety & Suicide Risk",Digital Workbook,54.6,,Not Started,,,0,0.0,2025-01-14,
60684,Riverside Teaching Hospital,M4,Trauma-Informed Care & Communication,Digital Workbook,70.9,,Not Started,,,0,0.0,2025-04-11,
60684,Riverside Teaching Hospital,M4,De-escalation Micro-Skills for Acute Distress,Gamified Microlearning,83.3,100.0,Completed,3,4.9,1,1.2,2025-04-11,2025-04-14
60684,Riverside Teaching Hospital,M4,Empathic Communication Quick Course,Gamified Microlearning,60.6,82.0,Completed,8,4.2,2,1.8,2025-02-24,2025-03-04
60684,Riverside Teaching Hospital,M4,Intro to Cognitive Behavioral Therapy for Primary Care,Teacher-Led Virtual,69.6,96.1,Completed,7,4.2,1,3.2,2025-07-07,2025-07-14
60684,Riverside Teaching Hospital,M4,Understanding Implicit Bias in Clinical Decision-Making,Digital Workbook,76.9,95.4,Completed,6,3.7,1,3.7,2025-01-11,2025-01-17
60685,University Health Partners,M3,Psychiatric Interviewing & Mental Status Examination,Digital Workbook,55.7,51.9,Completed,15,3.5,1,6.4,2025-01-31,2025-02-15
60685,University Health Partners,M3,"Recognizing Depression, Anxiety & Suicide Risk",Digital Workbook,55.2,66.4,Completed,17,2.8,2,5.8,2025-04-07,2025-04-24
60685,University Health Partners,M3,Trauma-Informed Care & Communication,Digital Workbook,50.0,56.7,Completed,15,3.6,1,5.0,2025-06-29,2025-07-14
60685,University Health Partners,M3,De-escalation Micro-Skills for Acute Distress,Gamified Microlearning,56.2,79.0,Completed,4,5.0,2,0.9,2025-02-22,2025-02-26
60685,University Health Partners,M3,Empathic Communication Quick Course,Gamified Microlearning,59.3,73.7,Completed,5,4.5,2,1.9,2025-01-26,2025-01-31
60685,University Health Partners,M3,Physician Wellness & Burnout Prevention,Teacher-Led Virtual,41.5,52.2,Completed,10,3.7,3,4.8,2025-03-31,2025-04-10
60686,Meridian Main Campus,M2,Psychiatric Interviewing & Mental Status Examination,Digital Workbook,65.4,,Not Started,,,0,0.0,2025-07-02,
60686,Meridian Main Campus,M2,"Recognizing Depression, Anxiety & Suicide Risk",Digital Workbook,62.6,,Not Started,,,0,0.0,2025-05-01,
60686,Meridian Main Campus,M2,Trauma-Informed Care & Communication,Digital Workbook,79.4,,In Progress,,2.5,2,2.9,2025-09-29,
60686,Meridian Main Campus,M2,De-escalation Micro-Skills for Acute Distress,Gamified Microlearning,74.6,,In Progress,,4.4,1,0.7,2025-11-19,
60686,Meridian Main Campus,M2,Empathic Communication Quick Course,Gamified Microlearning,68.6,90.9,Completed,4,4.9,1,1.3,2025-02-22,2025-02-26
60686,Meridian Main Campus,M2,Motivational Interviewing Workshop,Blended,43.9,64.0,Completed,8,3.3,1,3.0,2025-08-31,2025-09-08
60687,Community Health Institute,M2,Psychiatric Interviewing & Mental Status Examination,Digital Workbook,42.4,,In Progress,,2.6,2,3.5,2025-05-27,
60687,Community Health Institute,M2,"Recognizing Depression, Anxiety & Suicide Risk",Digital Workbook,45.7,,In Progress,,2.7,3,3.2,2025-04-23,
60687,Community Health Institute,M2,Trauma-Informed Care & Communication,Digital Workbook,51.9,,Not Started,,,0,0.0,2025-05-06,
60687,Community Health Institute,M2,De-escalation Micro-Skills for Acute Distress,Gamified Microlearning,53.4,75.5,Completed,2,4.9,1,0.9,2025-08-02,2025-08-04
60687,Community Health Institute,M2,Empathic Communication Quick Course,Gamified Microlearning,53.8,69.6,Completed,1,4.3,1,1.7,2025-08-29,2025-08-30
60687,Community Health Institute,M2,Physician Wellness & Burnout Prevention,Teacher-Led Virtual,50.0,61.8,Completed,18,4.2,2,4.4,2025-08-10,2025-08-28
60687,Community Health Institute,M2,Motivational Interviewing Workshop,Blended,62.1,,In Progress,,4.0,2,1.0,2025-09-06,
60688,Meridian Main Campus,M3,Psychiatric Interviewing & Mental Status Examination,Digital Workbook,41.8,41.1,Completed,19,3.0,2,7.6,2025-03-24,2025-04-12
60688,Meridian Main Campus,M3,"Recognizing Depression, Anxiety & Suicide Risk",Digital Workbook,77.8,,Not Started,,,0,0.0,2025-03-17,
60688,Meridian Main Campus,M3,Trauma-Informed Care & Communication,Digital Workbook,58.5,70.3,Completed,10,2.5,2,4.3,2025-10-31,2025-11-10
60688,Meridian Main Campus,M3,De-escalation Micro-Skills for Acute Distress,Gamified Microlearning,66.4,85.8,Completed,6,3.9,1,1.1,2025-10-06,2025-10-12
60688,Meridian Main Campus,M3,Empathic Communication Quick Course,Gamified Microlearning,60.3,77.6,Completed,3,4.1,1,1.4,2025-06-15,2025-06-18
60688,Meridian Main Campus,M3,Understanding Implicit Bias in Clinical Decision-Making,Digital Workbook,60.2,77.9,Completed,5,3.5,1,3.1,2025-06-01,2025-06-06
60688,Meridian Main Campus,M3,Intro to Cognitive Behavioral Therapy for Primary Care,Teacher-Led Virtual,51.5,70.1,Completed,13,4.6,1,3.6,2025-03-17,2025-03-30
60689,Community Health Institute,M4,Psychiatric Interviewing & Mental Status Examination,Digital Workbook,73.6,83.2,Completed,29,2.8,2,6.3,2025-09-28,2025-10-27
60689,Community Health Institute,M4,"Recognizing Depression, Anxiety & Suicide Risk",Digital Workbook,60.3,65.1,Completed,15,3.9,3,6.6,2025-03-04,2025-03-19
60689,Community Health Institute,M4,Trauma-Informed Care & Communication,Digital Workbook,67.6,79.4,Completed,17,3.0,2,5.7,2025-09-29,2025-10-16
60689,Community Health Institute,M4,De-escalation Micro-Skills for Acute Distress,Gamified Microlearning,69.3,87.2,Completed,4,3.9,1,0.9,2025-06-04,2025-06-08
60689,Community Health Institute,M4,Empathic Communication Quick Course,Gamified Microlearning,54.7,72.5,Completed,4,4.9,1,1.4,2025-05-24,2025-05-28
60689,Community Health Institute,M4,Peer Mentorship & Clinical Team Communication,Blended,54.9,,Dropped,,2.7,3,0.6,2025-04-30,
60689,Community Health Institute,M4,Physician Wellness & Burnout Prevention,Teacher-Led Virtual,58.2,63.2,Completed,4,3.5,2,3.6,2025-03-11,2025-03-15
60689,Community Health Institute,M4,Motivational Interviewing Workshop,Blended,51.8,65.2,Completed,11,4.4,1,2.5,2025-08-10,2025-08-21
60690,Community Health Institute,M4,Psychiatric Interviewing & Mental Status Examination,Digital Workbook,67.9,71.4,Completed,17,3.2,1,6.5,2025-05-20,2025-06-06
60690,Community Health Institute,M4,"Recognizing Depression, Anxiety & Suicide Risk",Digital Workbook,53.0,,In Progress,,2.0,2,3.1,2025-02-16,
60690,Community Health Institute,M4,Trauma-Informed Care & Communication,Digital Workbook,83.1,88.9,Completed,11,2.9,1,5.7,2025-11-14,2025-11-25
60690,Community Health Institute,M4,De-escalation Micro-Skills for Acute Distress,Gamified Microlearning,61.9,80.7,Completed,3,5.0,1,1.0,2025-09-21,2025-09-24
60690,Community Health Institute,M4,Empathic Communication Quick Course,Gamified Microlearning,66.6,91.8,Completed,7,4.3,1,1.7,2025-10-18,2025-10-25
60690,Community Health Institute,M4,Physician Wellness & Burnout Prevention,Teacher-Led Virtual,80.8,,Not Started,,,0,0.0,2025-03-03,
60691,Riverside Teaching Hospital,M2,Psychiatric Interviewing & Mental Status Examination,Digital Workbook,46.9,52.2,Completed,22,3.5,2,6.5,2025-05-05,2025-05-27
60691,Riverside Teaching Hospital,M2,"Recognizing Depression, Anxiety & Suicide Risk",Digital Workbook,71.0,73.1,Completed,20,2.4,3,7.0,2025-09-28,2025-10-18
60691,Riverside Teaching Hospital,M2,Trauma-Informed Care & Communication,Digital Workbook,44.1,40.9,Completed,18,3.5,3,4.1,2025-05-06,2025-05-24
60691,Riverside Teaching Hospital,M2,De-escalation Micro-Skills for Acute Distress,Gamified Microlearning,41.6,47.7,Completed,3,4.6,2,1.0,2025-05-21,2025-05-24
60691,Riverside Teaching Hospital,M2,Empathic Communication Quick Course,Gamified Microlearning,43.3,64.6,Completed,4,4.7,1,1.8,2025-01-06,2025-01-10
60691,Riverside Teaching Hospital,M2,Physician Wellness & Burnout Prevention,Teacher-Led Virtual,45.6,62.7,Completed,11,3.9,3,3.5,2025-03-12,2025-03-23
60691,Riverside Teaching Hospital,M2,Motivational Interviewing Workshop,Blended,55.7,73.9,Completed,5,3.7,3,2.8,2025-03-21,2025-03-26
60691,Riverside Teaching Hospital,M2,Intro to Cognitive Behavioral Therapy for Primary Care,Teacher-Led Virtual,38.5,40.6,Completed,11,4.2,2,3.6,2025-07-08,2025-07-19
60692,Riverside Teaching Hospital,M4,Psychiatric Interviewing & Mental Status Examination,Digital Workbook,42.6,36.7,Completed,24,3.4,1,5.2,2025-10-07,2025-10-31
60692,Riverside Teaching Hospital,M4,"Recognizing Depression, Anxiety & Suicide Risk",Digital Workbook,69.4,,In Progress,,2.5,2,1.9,2025-01-14,
60692,Riverside Teaching Hospital,M4,Trauma-Informed Care & Communication,Digital Workbook,34.0,36.6,Completed,15,3.6,2,5.4,2025-01-07,2025-01-22
60692,Riverside Teaching Hospital,M4,De-escalation Micro-Skills for Acute Distress,Gamified Microlearning,56.5,68.3,Completed,3,4.1,2,1.2,2025-06-27,2025-06-30
60692,Riverside Teaching Hospital,M4,Empathic Communication Quick Course,Gamified Microlearning,45.0,58.0,Completed,6,4.8,1,1.6,2025-01-23,2025-01-29
60692,Riverside Teaching Hospital,M4,Peer Mentorship & Clinical Team Communication,Blended,38.7,,Dropped,,3.0,2,0.7,2025-05-16,
60692,Riverside Teaching Hospital,M4,Understanding Implicit Bias in Clinical Decision-Making,Digital Workbook,48.7,61.0,Completed,9,4.2,1,3.9,2025-06-27,2025-07-06
60692,Riverside Teaching Hospital,M4,Physician Wellness & Burnout Prevention,Teacher-Led Virtual,57.7,,In Progress,,2.7,2,2.0,2025-10-11,
60693,Lakeside Medical Center,M4,Psychiatric Interviewing & Mental Status Examination,Digital Workbook,72.6,82.4,Completed,17,3.8,2,7.0,2025-01-26,2025-02-12
60693,Lakeside Medical Center,M4,"Recognizing Depression, Anxiety & Suicide Risk",Digital Workbook,71.0,89.2,Completed,21,3.1,1,6.5,2025-04-26,2025-05-17
60693,Lakeside Medical Center,M4,Trauma-Informed Care & Communication,Digital Workbook,68.5,78.4,Completed,16,2.9,1,5.8,2025-05-24,2025-06-09
60693,Lakeside Medical Center,M4,De-escalation Micro-Skills for Acute Distress,Gamified Microlearning,72.5,91.9,Completed,5,4.9,1,0.9,2025-04-17,2025-04-22
60693,Lakeside Medical Center,M4,Empathic Communication Quick Course,Gamified Microlearning,88.1,100.0,Completed,3,5.0,3,1.8,2025-03-24,2025-03-27
60693,Lakeside Medical Center,M4,Understanding Implicit Bias in Clinical Decision-Making,Digital Workbook,60.9,83.0,Completed,11,4.5,1,2.8,2025-06-25,2025-07-06
60694,University Health Partners,M2,Psychiatric Interviewing & Mental Status Examination,Digital Workbook,60.1,70.0,Completed,5,3.6,1,5.9,2025-03-08,2025-03-13
60694,University Health Partners,M2,"Recognizing Depression, Anxiety & Suicide Risk",Digital Workbook,32.4,36.0,Completed,15,4.1,2,4.8,2025-07-30,2025-08-14
60694,University Health Partners,M2,Trauma-Informed Care & Communication,Digital Workbook,53.1,56.2,Completed,19,2.9,2,4.4,2025-03-24,2025-04-12
60694,University Health Partners,M2,De-escalation Micro-Skills for Acute Distress,Gamified Microlearning,64.4,73.9,Completed,1,4.7,2,1.0,2025-01-11,2025-01-12
60694,University Health Partners,M2,Empathic Communication Quick Course,Gamified Microlearning,44.8,59.6,Completed,7,4.3,3,1.5,2025-08-21,2025-08-28
60694,University Health Partners,M2,Peer Mentorship & Clinical Team Communication,Blended,55.4,70.1,Completed,23,4.8,2,5.7,2025-08-04,2025-08-27
60694,University Health Partners,M2,Intro to Cognitive Behavioral Therapy for Primary Care,Teacher-Led Virtual,53.6,61.1,Completed,9,4.4,3,2.6,2025-10-26,2025-11-04
60695,University Health Partners,M3,Psychiatric Interviewing & Mental Status Examination,Digital Workbook,54.4,55.6,Completed,16,3.5,2,5.3,2025-11-17,2025-12-03
60695,University Health Partners,M3,"Recognizing Depression, Anxiety & Suicide Risk",Digital Workbook,50.2,,In Progress,,3.1,2,2.4,2025-05-25,
60695,University Health Partners,M3,Trauma-Informed Care & Communication,Digital Workbook,50.1,60.4,Completed,18,2.8,3,4.0,2025-02-06,2025-02-24
60695,University Health Partners,M3,De-escalation Micro-Skills for Acute Distress,Gamified Microlearning,51.0,75.2,Completed,1,4.7,2,1.0,2025-02-09,2025-02-10
60695,University Health Partners,M3,Empathic Communication Quick Course,Gamified Microlearning,51.5,74.1,Completed,5,3.9,1,1.9,2025-05-08,2025-05-13
60695,University Health Partners,M3,Intro to Cognitive Behavioral Therapy for Primary Care,Teacher-Led Virtual,55.6,,Not Started,,,0,0.0,2025-02-28,
60695,University Health Partners,M3,Understanding Implicit Bias in Clinical Decision-Making,Digital Workbook,40.6,51.6,Completed,5,3.4,2,3.7,2025-04-23,2025-04-28
60696,Lakeside Medical Center,M1,Psychiatric Interviewing & Mental Status Examination,Digital Workbook,53.4,,In Progress,,3.0,2,3.3,2025-01-17,
60696,Lakeside Medical Center,M1,"Recognizing Depression, Anxiety & Suicide Risk",Digital Workbook,44.0,,Not Started,,,0,0.0,2025-04-12,
60696,Lakeside Medical Center,M1,Trauma-Informed Care & Communication,Digital Workbook,80.0,82.4,Completed,7,3.0,2,4.8,2025-05-14,2025-05-21
60696,Lakeside Medical Center,M1,De-escalation Micro-Skills for Acute Distress,Gamified Microlearning,47.5,63.8,Completed,3,4.5,1,1.1,2025-08-12,2025-08-15
60696,Lakeside Medical Center,M1,Empathic Communication Quick Course,Gamified Microlearning,60.3,84.2,Completed,2,4.8,1,1.7,2025-11-13,2025-11-15
60696,Lakeside Medical Center,M1,Understanding Implicit Bias in Clinical Decision-Making,Digital Workbook,51.9,66.8,Completed,8,3.5,2,2.9,2025-01-23,2025-01-31
60697,Community Health Institute,M4,Psychiatric Interviewing & Mental Status Examination,Digital Workbook,57.3,62.7,Completed,13,2.8,3,5.7,2025-05-18,2025-05-31
60697,Community Health Institute,M4,"Recognizing Depression, Anxiety & Suicide Risk",Digital Workbook,59.8,65.1,Completed,15,3.4,2,6.8,2025-02-04,2025-02-19
60697,Community Health Institute,M4,Trauma-Informed Care & Communication,Digital Workbook,47.0,,In Progress,,2.6,2,2.1,2025-10-07,
60697,Community Health Institute,M4,De-escalation Micro-Skills for Acute Distress,Gamified Microlearning,48.9,70.2,Completed,3,4.0,3,0.9,2025-08-06,2025-08-09
60697,Community Health Institute,M4,Empathic Communication Quick Course,Gamified Microlearning,55.3,75.2,Completed,7,4.4,1,1.8,2025-07-08,2025-07-15
60697,Community Health Institute,M4,Peer Mentorship & Clinical Team Communication,Blended,55.8,69.7,Completed,20,4.5,1,6.9,2025-04-07,2025-04-27
60697,Community Health Institute,M4,Understanding Implicit Bias in Clinical Decision-Making,Digital Workbook,51.3,72.7,Completed,8,4.0,3,2.7,2025-10-05,2025-10-13
60697,Community Health Institute,M4,Motivational Interviewing Workshop,Blended,53.1,68.1,Completed,8,4.1,2,3.1,2025-04-29,2025-05-07
60698,Meridian Main Campus,M2,Psychiatric Interviewing & Mental Status Examination,Digital Workbook,36.1,42.0,Completed,17,2.9,2,7.1,2025-04-23,2025-05-10
60698,Meridian Main Campus,M2,"Recognizing Depression, Anxiety & Suicide Risk",Digital Workbook,54.9,,In Progress,,3.0,2,2.8,2025-04-21,
60698,Meridian Main Campus,M2,Trauma-Informed Care & Communication,Digital Workbook,33.5,,In Progress,,2.7,2,1.3,2025-03-18,
60698,Meridian Main Campus,M2,De-escalation Micro-Skills for Acute Distress,Gamified Microlearning,54.0,76.4,Completed,4,4.3,2,1.1,2025-10-02,2025-10-06
60698,Meridian Main Campus,M2,Empathic Communication Quick Course,Gamified Microlearning,52.5,68.9,Completed,8,4.7,1,1.7,2025-10-13,2025-10-21
60698,Meridian Main Campus,M2,Understanding Implicit Bias in Clinical Decision-Making,Digital Workbook,50.3,66.3,Completed,9,3.2,1,3.1,2025-09-15,2025-09-24
60698,Meridian Main Campus,M2,Physician Wellness & Burnout Prevention,Teacher-Led Virtual,34.6,43.9,Completed,7,3.7,2,3.5,2025-02-11,2025-02-18
60698,Meridian Main Campus,M2,Intro to Cognitive Behavioral Therapy for Primary Care,Teacher-Led Virtual,36.8,52.9,Completed,13,3.3,3,2.7,2025-09-29,2025-10-12
60699,Lakeside Medical Center,M3,Psychiatric Interviewing & Mental Status Examination,Digital Workbook,62.5,70.3,Completed,16,3.3,2,6.6,2025-07-20,2025-08-05
60699,Lakeside Medical Center,M3,"Recognizing Depression, Anxiety & Suicide Risk",Digital Workbook,74.1,77.7,Completed,16,3.1,1,5.9,2025-05-29,2025-06-14
60699,Lakeside Medical Center,M3,Trauma-Informed Care & Communication,Digital Workbook,66.0,66.0,Completed,10,4.4,1,4.3,2025-11-15,2025-11-25
60699,Lakeside Medical Center,M3,De-escalation Micro-Skills for Acute Distress,Gamified Microlearning,69.1,86.8,Completed,3,4.8,1,1.2,2025-06-14,2025-06-17
60699,Lakeside Medical Center,M3,Empathic Communication Quick Course,Gamified Microlearning,58.1,81.1,Completed,4,4.3,1,1.4,2025-10-21,2025-10-25
60699,Lakeside Medical Center,M3,Understanding Implicit Bias in Clinical Decision-Making,Digital Workbook,69.1,95.2,Completed,14,4.0,2,3.2,2025-05-01,2025-05-15
60699,Lakeside Medical Center,M3,Motivational Interviewing Workshop,Blended,53.6,74.7,Completed,12,3.9,1,2.8,2025-06-15,2025-06-27
60700,Community Health Institute,M2,Psychiatric Interviewing & Mental Status Examination,Digital Workbook,68.2,76.6,Completed,6,3.1,2,5.5,2025-01-21,2025-01-27
60700,Community Health Institute,M2,"Recognizing Depression, Anxiety & Suicide Risk",Digital Workbook,68.9,,In Progress,,2.8,2,3.8,2025-10-08,
60700,Community Health Institute,M2,Trauma-Informed Care & Communication,Digital Workbook,51.0,,Not Started,,,0,0.0,2025-04-23,
60700,Community Health Institute,M2,De-escalation Micro-Skills for Acute Distress,Gamified Microlearning,56.7,76.7,Completed,3,4.1,1,1.2,2025-08-12,2025-08-15
60700,Community Health Institute,M2,Empathic Communication Quick Course,Gamified Microlearning,69.7,88.6,Completed,4,5.0,1,1.3,2025-07-05,2025-07-09
60700,Community Health Institute,M2,Understanding Implicit Bias in Clinical Decision-Making,Digital Workbook,57.2,74.4,Completed,5,4.3,3,3.5,2025-09-14,2025-09-19
60700,Community Health Institute,M2,Motivational Interviewing Workshop,Blended,73.2,92.4,Completed,4,3.7,2,2.6,2025-09-02,2025-09-06
60700,Community Health Institute,M2,Intro to Cognitive Behavioral Therapy for Primary Care,Teacher-Led Virtual,75.1,93.3,Completed,2,3.7,2,3.2,2025-03-26,2025-03-28
60701,Community Health Institute,M2,Psychiatric Interviewing & Mental Status Examination,Digital Workbook,73.2,89.3,Completed,32,3.7,2,6.7,2025-09-28,2025-10-30
60701,Community Health Institute,M2,"Recognizing Depression, Anxiety & Suicide Risk",Digital Workbook,64.4,,Dropped,,2.1,2,0.4,2025-06-07,
60701,Community Health Institute,M2,Trauma-Informed Care & Communication,Digital Workbook,60.3,75.8,Completed,10,3.1,2,5.0,2025-09-13,2025-09-23
60701,Community Health Institute,M2,De-escalation Micro-Skills for Acute Distress,Gamified Microlearning,68.0,83.3,Completed,2,4.7,2,1.2,2025-08-27,2025-08-29
60701,Community Health Institute,M2,Empathic Communication Quick Course,Gamified Microlearning,71.3,93.0,Completed,6,4.4,1,1.5,2025-04-18,2025-04-24
60701,Community Health Institute,M2,Motivational Interviewing Workshop,Blended,67.0,73.4,Completed,6,3.6,1,2.8,2025-10-07,2025-10-13
60702,University Health Partners,M3,Psychiatric Interviewing & Mental Status Examination,Digital Workbook,63.4,,In Progress,,2.6,3,4.1,2025-04-09,
60702,University Health Partners,M3,"Recognizing Depression, Anxiety & Suicide Risk",Digital Workbook,54.4,,Not Started,,,0,0.0,2025-05-13,
60702,University Health Partners,M3,Trauma-Informed Care & Communication,Digital Workbook,64.1,62.6,Completed,11,2.5,1,4.3,2025-03-03,2025-03-14
60702,University Health Partners,M3,De-escalation Micro-Skills for Acute Distress,Gamified Microlearning,52.9,65.9,Completed,4,4.8,3,1.2,2025-03-15,2025-03-19
60702,University Health Partners,M3,Empathic Communication Quick Course,Gamified Microlearning,69.8,81.9,Completed,4,3.9,1,1.4,2025-04-08,2025-04-12
60702,University Health Partners,M3,Physician Wellness & Burnout Prevention,Teacher-Led Virtual,49.1,68.8,Completed,6,3.7,2,4.3,2025-07-16,2025-07-22
60703,University Health Partners,M3,Psychiatric Interviewing & Mental Status Examination,Digital Workbook,61.1,62.2,Completed,19,2.7,3,5.4,2025-05-22,2025-06-10
60703,University Health Partners,M3,"Recognizing Depression, Anxiety & Suicide Risk",Digital Workbook,51.8,57.0,Completed,11,3.2,2,7.1,2025-05-21,2025-06-01
60703,University Health Partners,M3,Trauma-Informed Care & Communication,Digital Workbook,41.7,49.7,Completed,16,3.6,1,4.4,2025-06-23,2025-07-09
60703,University Health Partners,M3,De-escalation Micro-Skills for Acute Distress,Gamified Microlearning,57.8,69.9,Completed,3,4.1,2,1.1,2025-03-09,2025-03-12
60703,University Health Partners,M3,Empathic Communication Quick Course,Gamified Microlearning,70.9,84.9,Completed,7,4.6,1,1.3,2025-10-20,2025-10-27
60703,University Health Partners,M3,Physician Wellness & Burnout Prevention,Teacher-Led Virtual,57.3,75.5,Completed,12,3.8,4,4.5,2025-07-06,2025-07-18
60703,University Health Partners,M3,Intro to Cognitive Behavioral Therapy for Primary Care,Teacher-Led Virtual,42.8,,In Progress,,3.7,2,0.8,2025-02-10,
60704,Riverside Teaching Hospital,M4,Psychiatric Interviewing & Mental Status Examination,Digital Workbook,83.2,94.7,Completed,32,3.2,2,7.4,2025-03-26,2025-04-27
60704,Riverside Teaching Hospital,M4,"Recognizing Depression, Anxiety & Suicide Risk",Digital Workbook,75.9,86.0,Completed,1,3.2,1,4.9,2025-10-07,2025-10-08
60704,Riverside Teaching Hospital,M4,Trauma-Informed Care & Communication,Digital Workbook,61.6,79.3,Completed,19,3.4,2,5.1,2025-09-25,2025-10-14
60704,Riverside Teaching Hospital,M4,De-escalation Micro-Skills for Acute Distress,Gamified Microlearning,64.8,79.3,Completed,3,4.0,1,1.3,2025-06-01,2025-06-04
60704,Riverside Teaching Hospital,M4,Empathic Communication Quick Course,Gamified Microlearning,57.5,70.4,Completed,7,4.1,1,1.6,2025-01-22,2025-01-29
60704,Riverside Teaching Hospital,M4,Intro to Cognitive Behavioral Therapy for Primary Care,Teacher-Led Virtual,60.5,77.4,Completed,5,3.4,1,3.8,2025-08-10,2025-08-15
60704,Riverside Teaching Hospital,M4,Understanding Implicit Bias in Clinical Decision-Making,Digital Workbook,62.4,67.9,Completed,7,3.8,1,2.7,2025-04-23,2025-04-30
60705,Meridian Main Campus,M2,Psychiatric Interviewing & Mental Status Examination,Digital Workbook,82.0,100.0,Completed,13,2.7,1,5.7,2025-08-06,2025-08-19
60705,Meridian Main Campus,M2,"Recognizing Depression, Anxiety & Suicide Risk",Digital Workbook,60.7,,In Progress,,2.3,2,3.4,2025-01-18,
60705,Meridian Main Campus,M2,Trauma-Informed Care & Communication,Digital Workbook,71.0,78.5,Completed,8,3.5,2,4.4,2025-03-15,2025-03-23
60705,Meridian Main Campus,M2,De-escalation Micro-Skills for Acute Distress,Gamified Microlearning,80.2,100.0,Completed,4,4.6,1,1.3,2025-07-23,2025-07-27
60705,Meridian Main Campus,M2,Empathic Communication Quick Course,Gamified Microlearning,69.9,92.4,Completed,5,4.2,1,1.8,2025-03-30,2025-04-04
60705,Meridian Main Campus,M2,Motivational Interviewing Workshop,Blended,62.1,74.2,Completed,6,4.8,1,2.8,2025-11-03,2025-11-09
60705,Meridian Main Campus,M2,Intro to Cognitive Behavioral Therapy for Primary Care,Teacher-Led Virtual,78.6,97.7,Completed,11,4.2,2,2.7,2025-10-21,2025-11-01
60705,Meridian Main Campus,M2,Understanding Implicit Bias in Clinical Decision-Making,Digital Workbook,70.0,82.7,Completed,11,3.3,2,3.2,2025-01-20,2025-01-31
60706,Riverside Teaching Hospital,M4,Psychiatric Interviewing & Mental Status Examination,Digital Workbook,82.2,,In Progress,,3.4,1,3.1,2025-03-24,
60706,Riverside Teaching Hospital,M4,"Recognizing Depression, Anxiety & Suicide Risk",Digital Workbook,69.6,73.9,Completed,21,3.3,2,5.1,2025-07-17,2025-08-07
60706,Riverside Teaching Hospital,M4,Trauma-Informed Care & Communication,Digital Workbook,66.7,,In Progress,,2.9,2,1.5,2025-01-28,
60706,Riverside Teaching Hospital,M4,De-escalation Micro-Skills for Acute Distress,Gamified Microlearning,66.8,87.1,Completed,2,5.0,1,0.9,2025-11-18,2025-11-20
60706,Riverside Teaching Hospital,M4,Empathic Communication Quick Course,Gamified Microlearning,64.2,85.6,Completed,2,4.5,1,1.4,2025-01-27,2025-01-29
60706,Riverside Teaching Hospital,M4,Peer Mentorship & Clinical Team Communication,Blended,66.8,89.8,Completed,12,4.2,1,6.7,2025-01-20,2025-02-01
60707,Riverside Teaching Hospital,M2,Psychiatric Interviewing & Mental Status Examination,Digital Workbook,40.9,38.5,Completed,15,3.1,2,6.7,2025-06-19,2025-07-04
60707,Riverside Teaching Hospital,M2,"Recognizing Depression, Anxiety & Suicide Risk",Digital Workbook,37.6,31.4,Completed,24,3.1,1,6.3,2025-04-25,2025-05-19
60707,Riverside Teaching Hospital,M2,Trauma-Informed Care & Communication,Digital Workbook,53.3,46.9,Completed,13,3.2,2,5.6,2025-08-13,2025-08-26
60707,Riverside Teaching Hospital,M2,De-escalation Micro-Skills for Acute Distress,Gamified Microlearning,34.2,48.3,Completed,3,3.9,1,1.0,2025-10-07,2025-10-10
60707,Riverside Teaching Hospital,M2,Empathic Communication Quick Course,Gamified Microlearning,60.6,76.9,Completed,3,4.4,1,1.3,2025-03-30,2025-04-02
60707,Riverside Teaching Hospital,M2,Peer Mentorship & Clinical Team Communication,Blended,36.9,,In Progress,,3.6,2,2.9,2025-08-10,
60708,Community Health Institute,M2,Psychiatric Interviewing & Mental Status Examination,Digital Workbook,52.6,60.3,Completed,32,3.7,2,5.6,2025-10-24,2025-11-25
60708,Community Health Institute,M2,"Recognizing Depression, Anxiety & Suicide Risk",Digital Workbook,36.8,38.4,Completed,15,3.1,1,7.1,2025-07-08,2025-07-23
60708,Community Health Institute,M2,Trauma-Informed Care & Communication,Digital Workbook,58.6,66.6,Completed,12,3.5,2,5.7,2025-04-20,2025-05-02
60708,Community Health Institute,M2,De-escalation Micro-Skills for Acute Distress,Gamified Microlearning,66.1,84.4,Completed,3,4.7,2,1.2,2025-02-07,2025-02-10
60708,Community Health Institute,M2,Empathic Communication Quick Course,Gamified Microlearning,60.0,76.2,Completed,6,4.2,1,1.9,2025-07-10,2025-07-16
60708,Community Health Institute,M2,Motivational Interviewing Workshop,Blended,45.8,53.1,Completed,3,4.1,2,2.6,2025-10-16,2025-10-19
60709,Community Health Institute,M1,Psychiatric Interviewing & Mental Status Examination,Digital Workbook,52.3,63.5,Completed,23,3.4,1,6.5,2025-09-19,2025-10-12
60709,Community Health Institute,M1,"Recognizing Depression, Anxiety & Suicide Risk",Digital Workbook,42.5,42.2,Completed,19,3.6,1,5.2,2025-01-26,2025-02-14
60709,Community Health Institute,M1,Trauma-Informed Care & Communication,Digital Workbook,58.6,70.7,Completed,11,3.3,2,4.6,2025-03-24,2025-04-04
60709,Community Health Institute,M1,De-escalation Micro-Skills for Acute Distress,Gamified Microlearning,42.6,52.4,Completed,5,4.6,1,1.1,2025-01-28,2025-02-02
60709,Community Health Institute,M1,Empathic Communication Quick Course,Gamified Microlearning,47.3,68.1,Completed,6,4.4,2,1.9,2025-08-10,2025-08-16
60709,Community Health Institute,M1,Motivational Interviewing Workshop,Blended,67.2,80.6,Completed,11,3.7,1,3.1,2025-05-21,2025-06-01
60710,University Health Partners,M1,Psychiatric Interviewing & Mental Status Examination,Digital Workbook,56.6,59.5,Completed,12,3.2,2,5.2,2025-05-09,2025-05-21
60710,University Health Partners,M1,"Recognizing Depression, Anxiety & Suicide Risk",Digital Workbook,51.6,53.5,Completed,10,3.2,2,6.0,2025-04-30,2025-05-10
60710,University Health Partners,M1,Trauma-Informed Care & Communication,Digital Workbook,42.9,,In Progress,,2.8,1,2.2,2025-10-13,
60710,University Health Partners,M1,De-escalation Micro-Skills for Acute Distress,Gamified Microlearning,53.5,66.7,Completed,4,4.8,2,1.2,2025-06-03,2025-06-07
60710,University Health Partners,M1,Empathic Communication Quick Course,Gamified Microlearning,47.0,65.6,Completed,4,5.0,1,1.6,2025-04-13,2025-04-17
60710,University Health Partners,M1,Physician Wellness & Burnout Prevention,Teacher-Led Virtual,57.7,63.0,Completed,7,4.4,2,5.0,2025-01-18,2025-01-25
60710,University Health Partners,M1,Intro to Cognitive Behavioral Therapy for Primary Care,Teacher-Led Virtual,62.1,80.2,Completed,9,4.0,1,3.2,2025-01-07,2025-01-16
60711,Lakeside Medical Center,M3,Psychiatric Interviewing & Mental Status Examination,Digital Workbook,42.6,48.8,Completed,18,2.9,1,7.7,2025-07-09,2025-07-27
60711,Lakeside Medical Center,M3,"Recognizing Depression, Anxiety & Suicide Risk",Digital Workbook,55.9,,Dropped,,1.4,2,2.1,2025-05-26,
60711,Lakeside Medical Center,M3,Trauma-Informed Care & Communication,Digital Workbook,71.2,72.8,Completed,22,3.7,3,5.3,2025-10-19,2025-11-10
60711,Lakeside Medical Center,M3,De-escalation Micro-Skills for Acute Distress,Gamified Microlearning,67.4,81.7,Completed,2,5.0,2,1.0,2025-04-16,2025-04-18
60711,Lakeside Medical Center,M3,Empathic Communication Quick Course,Gamified Microlearning,47.6,63.9,Completed,6,3.6,1,1.4,2025-09-04,2025-09-10
60711,Lakeside Medical Center,M3,Peer Mentorship & Clinical Team Communication,Blended,80.8,97.4,Completed,8,5.0,1,5.8,2025-10-21,2025-10-29
60712,Lakeside Medical Center,M4,Psychiatric Interviewing & Mental Status Examination,Digital Workbook,85.2,93.0,Completed,29,2.9,1,6.4,2025-08-14,2025-09-12
60712,Lakeside Medical Center,M4,"Recognizing Depression, Anxiety & Suicide Risk",Digital Workbook,79.3,85.8,Completed,11,3.3,1,5.9,2025-10-11,2025-10-22
60712,Lakeside Medical Center,M4,Trauma-Informed Care & Communication,Digital Workbook,64.2,63.0,Completed,16,2.7,1,5.2,2025-05-28,2025-06-13
60712,Lakeside Medical Center,M4,De-escalation Micro-Skills for Acute Distress,Gamified Microlearning,67.8,89.0,Completed,4,5.0,2,1.1,2025-06-26,2025-06-30
60712,Lakeside Medical Center,M4,Empathic Communication Quick Course,Gamified Microlearning,72.7,93.3,Completed,3,4.3,1,1.4,2025-04-02,2025-04-05
60712,Lakeside Medical Center,M4,Understanding Implicit Bias in Clinical Decision-Making,Digital Workbook,62.2,79.2,Completed,7,4.1,1,3.2,2025-04-21,2025-04-28
60712,Lakeside Medical Center,M4,Peer Mentorship & Clinical Team Communication,Blended,42.6,58.9,Completed,18,4.0,2,6.2,2025-10-07,2025-10-25
60713,Lakeside Medical Center,M4,Psychiatric Interviewing & Mental Status Examination,Digital Workbook,74.3,81.5,Completed,18,3.2,2,5.9,2025-03-05,2025-03-23
60713,Lakeside Medical Center,M4,"Recognizing Depression, Anxiety & Suicide Risk",Digital Workbook,72.5,92.0,Completed,23,3.5,1,5.7,2025-08-19,2025-09-11
60713,Lakeside Medical Center,M4,Trauma-Informed Care & Communication,Digital Workbook,60.2,67.2,Completed,12,3.7,1,4.1,2025-05-10,2025-05-22
60713,Lakeside Medical Center,M4,De-escalation Micro-Skills for Acute Distress,Gamified Microlearning,40.5,50.9,Completed,2,4.5,1,1.2,2025-04-27,2025-04-29
60713,Lakeside Medical Center,M4,Empathic Communication Quick Course,Gamified Microlearning,54.4,78.8,Completed,5,3.9,2,1.6,2025-02-17,2025-02-22
60713,Lakeside Medical Center,M4,Peer Mentorship & Clinical Team Communication,Blended,61.2,,Not Started,,,0,0.0,2025-07-01,
60713,Lakeside Medical Center,M4,Physician Wellness & Burnout Prevention,Teacher-Led Virtual,66.0,87.8,Completed,16,3.8,2,3.8,2025-05-06,2025-05-22
60713,Lakeside Medical Center,M4,Understanding Implicit Bias in Clinical Decision-Making,Digital Workbook,54.8,72.5,Completed,7,3.3,1,3.8,2025-05-24,2025-05-31
60714,Riverside Teaching Hospital,M2,Psychiatric Interviewing & Mental Status Examination,Digital Workbook,70.0,72.4,Completed,28,3.7,1,7.6,2025-01-10,2025-02-07
60714,Riverside Teaching Hospital,M2,"Recognizing Depression, Anxiety & Suicide Risk",Digital Workbook,68.8,77.6,Completed,20,2.7,1,6.3,2025-09-08,2025-09-28
60714,Riverside Teaching Hospital,M2,Trauma-Informed Care & Communication,Digital Workbook,63.1,77.1,Completed,10,4.6,1,4.2,2025-06-16,2025-06-26
60714,Riverside Teaching Hospital,M2,De-escalation Micro-Skills for Acute Distress,Gamified Microlearning,55.2,83.5,Completed,2,4.9,1,1.0,2025-04-14,2025-04-16
60714,Riverside Teaching Hospital,M2,Empathic Communication Quick Course,Gamified Microlearning,76.7,100.0,Completed,6,4.9,1,1.7,2025-06-03,2025-06-09
60714,Riverside Teaching Hospital,M2,Motivational Interviewing Workshop,Blended,66.5,90.7,Completed,6,3.8,3,2.9,2025-09-04,2025-09-10
60714,Riverside Teaching Hospital,M2,Physician Wellness & Burnout Prevention,Teacher-Led Virtual,70.0,93.5,Completed,12,4.0,1,3.5,2025-01-13,2025-01-25
60715,Meridian Main Campus,M3,Psychiatric Interviewing & Mental Status Examination,Digital Workbook,47.2,59.1,Completed,18,3.7,2,7.7,2025-03-29,2025-04-16
60715,Meridian Main Campus,M3,"Recognizing Depression, Anxiety & Suicide Risk",Digital Workbook,37.7,47.9,Completed,17,3.2,1,6.0,2025-07-04,2025-07-21
60715,Meridian Main Campus,M3,Trauma-Informed Care & Communication,Digital Workbook,55.0,,In Progress,,2.4,1,2.9,2025-10-26,
60715,Meridian Main Campus,M3,De-escalation Micro-Skills for Acute Distress,Gamified Microlearning,43.1,63.1,Completed,3,4.4,2,1.3,2025-02-25,2025-02-28
60715,Meridian Main Campus,M3,Empathic Communication Quick Course,Gamified Microlearning,52.9,66.3,Completed,5,5.0,1,1.7,2025-01-17,2025-01-22
60715,Meridian Main Campus,M3,Physician Wellness & Burnout Prevention,Teacher-Led Virtual,49.0,67.3,Completed,9,4.3,1,4.0,2025-05-18,2025-05-27
60715,Meridian Main Campus,M3,Peer Mentorship & Clinical Team Communication,Blended,59.1,,In Progress,,3.8,2,2.0,2025-04-14,
60716,University Health Partners,M2,Psychiatric Interviewing & Mental Status Examination,Digital Workbook,83.0,,Not Started,,,0,0.0,2025-07-30,
60716,University Health Partners,M2,"Recognizing Depression, Anxiety & Suicide Risk",Digital Workbook,65.1,,In Progress,,2.3,2,3.4,2025-06-16,
60716,University Health Partners,M2,Trauma-Informed Care & Communication,Digital Workbook,33.8,,Not Started,,,0,0.0,2025-06-29,
60716,University Health Partners,M2,De-escalation Micro-Skills for Acute Distress,Gamified Microlearning,67.1,92.4,Completed,2,3.7,1,1.1,2025-07-31,2025-08-02
60716,University Health Partners,M2,Empathic Communication Quick Course,Gamified Microlearning,60.4,79.7,Completed,6,4.8,1,1.5,2025-06-19,2025-06-25
60716,University Health Partners,M2,Physician Wellness & Burnout Prevention,Teacher-Led Virtual,52.3,69.3,Completed,12,3.9,1,4.3,2025-08-20,2025-09-01
60716,University Health Partners,M2,Understanding Implicit Bias in Clinical Decision-Making,Digital Workbook,68.8,91.3,Completed,12,3.2,1,2.8,2025-04-13,2025-04-25
60716,University Health Partners,M2,Motivational Interviewing Workshop,Blended,48.3,62.9,Completed,7,4.5,1,2.2,2025-09-17,2025-09-24
60717,University Health Partners,M4,Psychiatric Interviewing & Mental Status Examination,Digital Workbook,47.2,48.4,Completed,23,2.7,3,5.7,2025-07-27,2025-08-19
60717,University Health Partners,M4,"Recognizing Depression, Anxiety & Suicide Risk",Digital Workbook,57.2,68.9,Completed,27,2.9,2,5.0,2025-10-08,2025-11-04
60717,University Health Partners,M4,Trauma-Informed Care & Communication,Digital Workbook,33.0,36.5,Completed,16,2.5,2,5.3,2025-05-18,2025-06-03
60717,University Health Partners,M4,De-escalation Micro-Skills for Acute Distress,Gamified Microlearning,47.7,,In Progress,,4.0,2,0.3,2025-10-24,
60717,University Health Partners,M4,Empathic Communication Quick Course,Gamified Microlearning,28.5,39.5,Completed,3,5.0,1,1.7,2025-07-28,2025-07-31
60717,University Health Partners,M4,Intro to Cognitive Behavioral Therapy for Primary Care,Teacher-Led Virtual,40.7,54.3,Completed,7,3.7,3,3.7,2025-11-11,2025-11-18
60718,Lakeside Medical Center,M4,Psychiatric Interviewing & Mental Status Examination,Digital Workbook,44.1,,Not Started,,,0,0.0,2025-02-11,
60718,Lakeside Medical Center,M4,"Recognizing Depression, Anxiety & Suicide Risk",Digital Workbook,39.2,,In Progress,,3.0,3,2.6,2025-04-09,
60718,Lakeside Medical Center,M4,Trauma-Informed Care & Communication,Digital Workbook,61.5,,Dropped,,1.3,2,1.4,2025-04-16,
60718,Lakeside Medical Center,M4,De-escalation Micro-Skills for Acute Distress,Gamified Microlearning,55.4,79.5,Completed,1,4.5,2,1.2,2025-04-22,2025-04-23
60718,Lakeside Medical Center,M4,Empathic Communication Quick Course,Gamified Microlearning,64.2,83.0,Completed,5,4.7,2,1.7,2025-09-07,2025-09-12
60718,Lakeside Medical Center,M4,Understanding Implicit Bias in Clinical Decision-Making,Digital Workbook,60.0,,Dropped,,1.6,2,1.0,2025-03-18,
60718,Lakeside Medical Center,M4,Intro to Cognitive Behavioral Therapy for Primary Care,Teacher-Led Virtual,47.6,63.6,Completed,8,3.9,1,2.8,2025-11-16,2025-11-24
60719,Meridian Main Campus,M1,Psychiatric Interviewing & Mental Status Examination,Digital Workbook,64.1,78.3,Completed,30,3.1,2,5.5,2025-10-19,2025-11-18
60719,Meridian Main Campus,M1,"Recognizing Depression, Anxiety & Suicide Risk",Digital Workbook,66.2,,Not Started,,,0,0.0,2025-07-28,
60719,Meridian Main Campus,M1,Trauma-Informed Care & Communication,Digital Workbook,56.6,,Dropped,,1.4,2,1.0,2025-04-17,
60719,Meridian Main Campus,M1,De-escalation Micro-Skills for Acute Distress,Gamified Microlearning,63.6,80.9,Completed,1,4.0,1,1.0,2025-10-04,2025-10-05
60719,Meridian Main Campus,M1,Empathic Communication Quick Course,Gamified Microlearning,68.0,91.9,Completed,1,4.7,1,1.8,2025-01-08,2025-01-09
60719,Meridian Main Campus,M1,Understanding Implicit Bias in Clinical Decision-Making,Digital Workbook,92.4,,In Progress,,2.3,2,1.2,2025-04-09,
60719,Meridian Main Campus,M1,Physician Wellness & Burnout Prevention,Teacher-Led Virtual,70.8,,Not Started,,,0,0.0,2025-04-25,
60720,Riverside Teaching Hospital,M1,Psychiatric Interviewing & Mental Status Examination,Digital Workbook,35.0,36.1,Completed,26,2.7,2,5.7,2025-08-05,2025-08-31
60720,Riverside Teaching Hospital,M1,"Recognizing Depression, Anxiety & Suicide Risk",Digital Workbook,50.6,51.4,Completed,3,3.9,2,5.6,2025-07-10,2025-07-13
60720,Riverside Teaching Hospital,M1,Trauma-Informed Care & Communication,Digital Workbook,53.2,60.7,Completed,11,3.6,2,4.8,2025-01-11,2025-01-22
60720,Riverside Teaching Hospital,M1,De-escalation Micro-Skills for Acute Distress,Gamified Microlearning,36.8,,Dropped,,3.3,3,0.3,2025-04-30,
60720,Riverside Teaching Hospital,M1,Empathic Communication Quick Course,Gamified Microlearning,35.8,39.1,Completed,4,4.3,1,1.4,2025-09-24,2025-09-28
60720,Riverside Teaching Hospital,M1,Motivational Interviewing Workshop,Blended,45.5,60.0,Completed,11,4.5,2,2.2,2025-01-19,2025-01-30
60721,Lakeside Medical Center,M1,Psychiatric Interviewing & Mental Status Examination,Digital Workbook,74.8,,In Progress,,2.9,2,1.9,2025-08-05,
60721,Lakeside Medical Center,M1,"Recognizing Depression, Anxiety & Suicide Risk",Digital Workbook,50.9,,In Progress,,1.8,3,3.6,2025-05-10,
60721,Lakeside Medical Center,M1,Trauma-Informed Care & Communication,Digital Workbook,66.2,,In Progress,,2.8,1,2.7,2025-03-09,
60721,Lakeside Medical Center,M1,De-escalation Micro-Skills for Acute Distress,Gamified Microlearning,64.7,82.1,Completed,3,4.5,1,0.9,2025-05-23,2025-05-26
60721,Lakeside Medical Center,M1,Empathic Communication Quick Course,Gamified Microlearning,70.3,94.2,Completed,6,3.6,1,1.4,2025-04-19,2025-04-25
60721,Lakeside Medical Center,M1,Intro to Cognitive Behavioral Therapy for Primary Care,Teacher-Led Virtual,50.7,67.4,Completed,9,4.5,1,3.8,2025-03-11,2025-03-20
60721,Lakeside Medical Center,M1,Understanding Implicit Bias in Clinical Decision-Making,Digital Workbook,56.8,77.7,Completed,16,4.0,2,3.3,2025-07-17,2025-08-02
60722,Riverside Teaching Hospital,M4,Psychiatric Interviewing & Mental Status Examination,Digital Workbook,50.9,65.9,Completed,21,2.9,1,6.6,2025-03-05,2025-03-26
60722,Riverside Teaching Hospital,M4,"Recognizing Depression, Anxiety & Suicide Risk",Digital Workbook,42.1,,Not Started,,,0,0.0,2025-03-05,
60722,Riverside Teaching Hospital,M4,Trauma-Informed Care & Communication,Digital Workbook,47.1,54.3,Completed,17,3.6,2,4.9,2025-03-02,2025-03-19
60722,Riverside Teaching Hospital,M4,De-escalation Micro-Skills for Acute Distress,Gamified Microlearning,57.9,64.3,Completed,3,4.6,1,1.1,2025-01-28,2025-01-31
60722,Riverside Teaching Hospital,M4,Empathic Communication Quick Course,Gamified Microlearning,58.1,77.7,Completed,4,4.4,1,1.8,2025-10-04,2025-10-08
60722,Riverside Teaching Hospital,M4,Peer Mentorship & Clinical Team Communication,Blended,49.5,66.4,Completed,26,4.9,2,6.2,2025-09-01,2025-09-27
60722,Riverside Teaching Hospital,M4,Understanding Implicit Bias in Clinical Decision-Making,Digital Workbook,42.3,61.2,Completed,3,3.7,1,2.8,2025-02-01,2025-02-04
60723,Community Health Institute,M1,Psychiatric Interviewing & Mental Status Examination,Digital Workbook,45.8,,In Progress,,2.4,1,1.7,2025-09-06,
60723,Community Health Institute,M1,"Recognizing Depression, Anxiety & Suicide Risk",Digital Workbook,69.9,78.3,Completed,9,3.7,1,5.9,2025-11-05,2025-11-14
60723,Community Health Institute,M1,Trauma-Informed Care & Communication,Digital Workbook,59.7,70.2,Completed,10,3.2,1,5.5,2025-06-30,2025-07-10
60723,Community Health Institute,M1,De-escalation Micro-Skills for Acute Distress,Gamified Microlearning,58.4,85.1,Completed,2,4.3,1,1.2,2025-06-19,2025-06-21
60723,Community Health Institute,M1,Empathic Communication Quick Course,Gamified Microlearning,58.4,75.0,Completed,3,4.2,1,1.4,2025-04-11,2025-04-14
60723,Community Health Institute,M1,Understanding Implicit Bias in Clinical Decision-Making,Digital Workbook,58.1,74.4,Completed,8,3.8,1,3.0,2025-07-24,2025-08-01
60723,Community Health Institute,M1,Physician Wellness & Burnout Prevention,Teacher-Led Virtual,61.2,78.3,Completed,13,3.3,2,5.1,2025-11-16,2025-11-29
60724,University Health Partners,M3,Psychiatric Interviewing & Mental Status Examination,Digital Workbook,54.7,59.1,Completed,17,3.3,1,7.8,2025-01-27,2025-02-13
60724,University Health Partners,M3,"Recognizing Depression, Anxiety & Suicide Risk",Digital Workbook,74.9,83.2,Completed,12,3.3,3,6.7,2025-08-19,2025-08-31
60724,University Health Partners,M3,Trauma-Informed Care & Communication,Digital Workbook,58.9,,In Progress,,2.9,2,1.2,2025-10-02,
60724,University Health Partners,M3,De-escalation Micro-Skills for Acute Distress,Gamified Microlearning,35.2,53.1,Completed,1,5.0,1,1.2,2025-09-21,2025-09-22
60724,University Health Partners,M3,Empathic Communication Quick Course,Gamified Microlearning,42.2,58.5,Completed,3,4.3,1,1.4,2025-05-26,2025-05-29
60724,University Health Partners,M3,Understanding Implicit Bias in Clinical Decision-Making,Digital Workbook,47.5,63.7,Completed,4,4.1,1,3.3,2025-10-17,2025-10-21
60724,University Health Partners,M3,Motivational Interviewing Workshop,Blended,61.4,71.0,Completed,8,4.3,2,2.8,2025-01-30,2025-02-07
60725,Community Health Institute,M2,Psychiatric Interviewing & Mental Status Examination,Digital Workbook,28.4,,Not Started,,,0,0.0,2025-04-03,
60725,Community Health Institute,M2,"Recognizing Depression, Anxiety & Suicide Risk",Digital Workbook,36.5,,In Progress,,3.1,2,1.6,2025-08-29,
60725,Community Health Institute,M2,Trauma-Informed Care & Communication,Digital Workbook,27.7,,Dropped,,2.3,2,1.4,2025-09-20,
60725,Community Health Institute,M2,De-escalation Micro-Skills for Acute Distress,Gamified Microlearning,20.3,30.2,Completed,2,4.7,2,1.3,2025-10-11,2025-10-13
60725,Community Health Institute,M2,Empathic Communication Quick Course,Gamified Microlearning,23.0,29.4,Completed,5,3.7,2,1.7,2025-09-11,2025-09-16
60725,Community Health Institute,M2,Motivational Interviewing Workshop,Blended,33.0,43.4,Completed,7,3.7,2,2.4,2025-02-16,2025-02-23
60725,Community Health Institute,M2,Peer Mentorship & Clinical Team Communication,Blended,20.0,26.2,Completed,15,4.2,4,6.3,2025-02-11,2025-02-26
60726,Lakeside Medical Center,M4,Psychiatric Interviewing & Mental Status Examination,Digital Workbook,47.1,,Dropped,,2.4,3,0.5,2025-10-20,
60726,Lakeside Medical Center,M4,"Recognizing Depression, Anxiety & Suicide Risk",Digital Workbook,65.7,,In Progress,,3.5,1,3.0,2025-05-10,
60726,Lakeside Medical Center,M4,Trauma-Informed Care & Communication,Digital Workbook,55.3,66.9,Completed,5,3.1,1,4.4,2025-03-09,2025-03-14
60726,Lakeside Medical Center,M4,De-escalation Micro-Skills for Acute Distress,Gamified Microlearning,61.6,,Not Started,,,0,0.0,2025-08-13,
60726,Lakeside Medical Center,M4,Empathic Communication Quick Course,Gamified Microlearning,40.1,60.8,Completed,5,4.8,2,1.7,2025-01-30,2025-02-04
60726,Lakeside Medical Center,M4,Understanding Implicit Bias in Clinical Decision-Making,Digital Workbook,58.1,77.0,Completed,9,4.2,2,3.4,2025-06-19,2025-06-28
60727,Lakeside Medical Center,M1,Psychiatric Interviewing & Mental Status Examination,Digital Workbook,37.2,,In Progress,,3.3,1,2.1,2025-03-03,
60727,Lakeside Medical Center,M1,"Recognizing Depression, Anxiety & Suicide Risk",Digital Workbook,47.2,,Not Started,,,0,0.0,2025-08-29,
60727,Lakeside Medical Center,M1,Trauma-Informed Care & Communication,Digital Workbook,75.8,84.7,Completed,6,3.0,1,4.0,2025-04-26,2025-05-02
60727,Lakeside Medical Center,M1,De-escalation Micro-Skills for Acute Distress,Gamified Microlearning,53.3,68.5,Completed,4,3.6,1,1.2,2025-06-02,2025-06-06
60727,Lakeside Medical Center,M1,Empathic Communication Quick Course,Gamified Microlearning,73.2,98.6,Completed,6,4.4,1,1.4,2025-05-01,2025-05-07
60727,Lakeside Medical Center,M1,Peer Mentorship & Clinical Team Communication,Blended,62.5,77.1,Completed,12,4.0,1,6.0,2025-03-20,2025-04-01
60728,Lakeside Medical Center,M3,Psychiatric Interviewing & Mental Status Examination,Digital Workbook,44.2,,In Progress,,2.4,1,1.5,2025-06-19,
60728,Lakeside Medical Center,M3,"Recognizing Depression, Anxiety & Suicide Risk",Digital Workbook,54.6,46.7,Completed,14,3.1,2,7.1,2025-07-12,2025-07-26
60728,Lakeside Medical Center,M3,Trauma-Informed Care & Communication,Digital Workbook,53.8,61.6,Completed,16,3.0,1,4.7,2025-07-11,2025-07-27
60728,Lakeside Medical Center,M3,De-escalation Micro-Skills for Acute Distress,Gamified Microlearning,56.0,65.0,Completed,2,4.9,1,1.1,2025-07-22,2025-07-24
60728,Lakeside Medical Center,M3,Empathic Communication Quick Course,Gamified Microlearning,58.2,66.8,Completed,5,4.0,2,1.8,2025-10-21,2025-10-26
60728,Lakeside Medical Center,M3,Motivational Interviewing Workshop,Blended,40.5,52.8,Completed,8,4.3,1,2.7,2025-04-08,2025-04-16
60728,Lakeside Medical Center,M3,Peer Mentorship & Clinical Team Communication,Blended,54.8,63.1,Completed,13,4.6,1,5.3,2025-04-15,2025-04-28
60729,Meridian Main Campus,M3,Psychiatric Interviewing & Mental Status Examination,Digital Workbook,63.1,67.5,Completed,13,3.3,1,6.6,2025-05-09,2025-05-22
60729,Meridian Main Campus,M3,"Recognizing Depression, Anxiety & Suicide Risk",Digital Workbook,70.6,,In Progress,,2.5,1,2.7,2025-10-12,
60729,Meridian Main Campus,M3,Trauma-Informed Care & Communication,Digital Workbook,67.5,70.7,Completed,7,2.9,1,4.7,2025-06-14,2025-06-21
60729,Meridian Main Campus,M3,De-escalation Micro-Skills for Acute Distress,Gamified Microlearning,43.0,62.0,Completed,2,4.1,1,1.0,2025-10-19,2025-10-21
60729,Meridian Main Campus,M3,Empathic Communication Quick Course,Gamified Microlearning,51.3,75.0,Completed,5,4.8,1,1.8,2025-08-01,2025-08-06
60729,Meridian Main Campus,M3,Understanding Implicit Bias in Clinical Decision-Making,Digital Workbook,43.4,51.7,Completed,9,3.4,1,3.9,2025-04-02,2025-04-11
60729,Meridian Main Campus,M3,Intro to Cognitive Behavioral Therapy for Primary Care,Teacher-Led Virtual,57.9,69.4,Completed,6,3.4,2,2.9,2025-10-05,2025-10-11
60730,Meridian Main Campus,M2,Psychiatric Interviewing & Mental Status Examination,Digital Workbook,90.0,,Not Started,,,0,0.0,2025-03-12,
60730,Meridian Main Campus,M2,"Recognizing Depression, Anxiety & Suicide Risk",Digital Workbook,74.5,,In Progress,,2.9,1,2.1,2025-05-27,
60730,Meridian Main Campus,M2,Trauma-Informed Care & Communication,Digital Workbook,83.5,,Not Started,,,0,0.0,2025-02-07,
60730,Meridian Main Campus,M2,De-escalation Micro-Skills for Acute Distress,Gamified Microlearning,88.7,100.0,Completed,2,4.6,1,1.3,2025-10-06,2025-10-08
60730,Meridian Main Campus,M2,Empathic Communication Quick Course,Gamified Microlearning,90.8,100.0,Completed,1,3.9,1,1.9,2025-01-17,2025-01-18
60730,Meridian Main Campus,M2,Intro to Cognitive Behavioral Therapy for Primary Care,Teacher-Led Virtual,74.6,100.0,Completed,9,4.5,1,3.4,2025-07-23,2025-08-01
60730,Meridian Main Campus,M2,Physician Wellness & Burnout Prevention,Teacher-Led Virtual,61.3,81.7,Completed,8,3.7,1,3.6,2025-10-23,2025-10-31
60731,Lakeside Medical Center,M4,Psychiatric Interviewing & Mental Status Examination,Digital Workbook,68.1,71.6,Completed,17,2.8,2,6.5,2025-10-22,2025-11-08
60731,Lakeside Medical Center,M4,"Recognizing Depression, Anxiety & Suicide Risk",Digital Workbook,53.8,62.8,Completed,21,3.2,2,7.1,2025-09-29,2025-10-20
60731,Lakeside Medical Center,M4,Trauma-Informed Care & Communication,Digital Workbook,54.3,67.0,Completed,10,3.7,2,5.5,2025-04-02,2025-04-12
60731,Lakeside Medical Center,M4,De-escalation Micro-Skills for Acute Distress,Gamified Microlearning,70.4,92.0,Completed,3,4.2,2,1.1,2025-08-03,2025-08-06
60731,Lakeside Medical Center,M4,Empathic Communication Quick Course,Gamified Microlearning,50.8,77.1,Completed,2,4.1,1,1.4,2025-08-12,2025-08-14
60731,Lakeside Medical Center,M4,Physician Wellness & Burnout Prevention,Teacher-Led Virtual,62.9,,In Progress,,3.3,2,1.4,2025-10-21,
60731,Lakeside Medical Center,M4,Peer Mentorship & Clinical Team Communication,Blended,55.0,76.2,Completed,22,4.2,3,7.6,2025-10-10,2025-11-01
60732,Lakeside Medical Center,M2,Psychiatric Interviewing & Mental Status Examination,Digital Workbook,62.9,64.0,Completed,5,3.6,1,5.2,2025-08-28,2025-09-02
60732,Lakeside Medical Center,M2,"Recognizing Depression, Anxiety & Suicide Risk",Digital Workbook,58.9,,Dropped,,2.0,1,1.8,2025-10-30,
60732,Lakeside Medical Center,M2,Trauma-Informed Care & Communication,Digital Workbook,48.0,56.3,Completed,11,3.9,1,5.0,2025-07-20,2025-07-31
60732,Lakeside Medical Center,M2,De-escalation Micro-Skills for Acute Distress,Gamified Microlearning,70.7,94.1,Completed,2,4.8,1,0.9,2025-05-22,2025-05-24
60732,Lakeside Medical Center,M2,Empathic Communication Quick Course,Gamified Microlearning,64.7,80.5,Completed,2,4.8,2,1.8,2025-06-06,2025-06-08
60732,Lakeside Medical Center,M2,Motivational Interviewing Workshop,Blended,75.0,100.0,Completed,10,3.9,1,3.1,2025-03-14,2025-03-24
60732,Lakeside Medical Center,M2,Understanding Implicit Bias in Clinical Decision-Making,Digital Workbook,58.8,71.7,Completed,13,3.8,1,2.7,2025-01-16,2025-01-29
60733,Riverside Teaching Hospital,M2,Psychiatric Interviewing & Mental Status Examination,Digital Workbook,51.6,64.2,Completed,21,3.2,2,7.2,2025-02-11,2025-03-04
60733,Riverside Teaching Hospital,M2,"Recognizing Depression, Anxiety & Suicide Risk",Digital Workbook,69.1,,Not Started,,,0,0.0,2025-11-13,
60733,Riverside Teaching Hospital,M2,Trauma-Informed Care & Communication,Digital Workbook,66.0,75.6,Completed,9,3.5,2,5.1,2025-02-13,2025-02-22
60733,Riverside Teaching Hospital,M2,De-escalation Micro-Skills for Acute Distress,Gamified Microlearning,47.9,61.5,Completed,2,4.0,1,1.1,2025-06-28,2025-06-30
60733,Riverside Teaching Hospital,M2,Empathic Communication Quick Course,Gamified Microlearning,54.4,69.2,Completed,3,4.8,1,1.5,2025-03-31,2025-04-03
60733,Riverside Teaching Hospital,M2,Understanding Implicit Bias in Clinical Decision-Making,Digital Workbook,51.3,,In Progress,,2.9,1,1.6,2025-03-08,
60733,Riverside Teaching Hospital,M2,Peer Mentorship & Clinical Team Communication,Blended,41.4,53.2,Completed,17,3.9,3,7.7,2025-08-17,2025-09-03
60733,Riverside Teaching Hospital,M2,Physician Wellness & Burnout Prevention,Teacher-Led Virtual,53.9,74.9,Completed,18,3.9,2,4.5,2025-02-04,2025-02-22
60734,Lakeside Medical Center,M1,Psychiatric Interviewing & Mental Status Examination,Digital Workbook,67.5,,Not Started,,,0,0.0,2025-09-16,
60734,Lakeside Medical Center,M1,"Recognizing Depression, Anxiety & Suicide Risk",Digital Workbook,74.1,88.7,Completed,11,3.1,1,6.9,2025-04-11,2025-04-22
60734,Lakeside Medical Center,M1,Trauma-Informed Care & Communication,Digital Workbook,59.2,70.8,Completed,19,3.4,2,4.8,2025-04-16,2025-05-05
60734,Lakeside Medical Center,M1,De-escalation Micro-Skills for Acute Distress,Gamified Microlearning,59.1,81.3,Completed,4,4.4,1,0.9,2025-02-26,2025-03-02
60734,Lakeside Medical Center,M1,Empathic Communication Quick Course,Gamified Microlearning,58.4,79.1,Completed,3,4.9,1,1.6,2025-01-10,2025-01-13
60734,Lakeside Medical Center,M1,Motivational Interviewing Workshop,Blended,85.1,92.1,Completed,8,4.5,3,2.9,2025-05-05,2025-05-13
60734,Lakeside Medical Center,M1,Peer Mentorship & Clinical Team Communication,Blended,49.2,62.6,Completed,21,4.0,2,7.2,2025-08-01,2025-08-22
60734,Lakeside Medical Center,M1,Physician Wellness & Burnout Prevention,Teacher-Led Virtual,64.6,85.7,Completed,13,4.7,1,4.5,2025-04-21,2025-05-04
60735,Riverside Teaching Hospital,M3,Psychiatric Interviewing & Mental Status Examination,Digital Workbook,65.4,,Dropped,,2.0,3,2.2,2025-04-12,
60735,Riverside Teaching Hospital,M3,"Recognizing Depression, Anxiety & Suicide Risk",Digital Workbook,32.5,,Dropped,,1.8,2,0.7,2025-10-11,
60735,Riverside Teaching Hospital,M3,Trauma-Informed Care & Communication,Digital Workbook,66.9,67.6,Completed,11,3.4,1,4.9,2025-06-16,2025-06-27
60735,Riverside Teaching Hospital,M3,De-escalation Micro-Skills for Acute Distress,Gamified Microlearning,58.9,77.7,Completed,2,5.0,1,1.0,2025-09-26,2025-09-28
60735,Riverside Teaching Hospital,M3,Empathic Communication Quick Course,Gamified Microlearning,70.6,87.4,Completed,3,4.8,2,1.5,2025-03-06,2025-03-09
60735,Riverside Teaching Hospital,M3,Intro to Cognitive Behavioral Therapy for Primary Care,Teacher-Led Virtual,77.1,86.9,Completed,9,4.3,1,3.4,2025-10-13,2025-10-22
60735,Riverside Teaching Hospital,M3,Peer Mentorship & Clinical Team Communication,Blended,60.8,70.0,Completed,14,4.3,2,6.8,2025-01-24,2025-02-07
60735,Riverside Teaching Hospital,M3,Understanding Implicit Bias in Clinical Decision-Making,Digital Workbook,57.4,73.6,Completed,7,4.1,1,3.2,2025-07-14,2025-07-21
60736,Riverside Teaching Hospital,M2,Psychiatric Interviewing & Mental Status Examination,Digital Workbook,75.4,85.2,Completed,15,3.0,1,7.7,2025-07-25,2025-08-09
60736,Riverside Teaching Hospital,M2,"Recognizing Depression, Anxiety & Suicide Risk",Digital Workbook,74.9,81.8,Completed,11,3.8,1,5.0,2025-04-26,2025-05-07
60736,Riverside Teaching Hospital,M2,Trauma-Informed Care & Communication,Digital Workbook,89.9,100.0,Completed,21,3.5,2,5.3,2025-10-26,2025-11-16
60736,Riverside Teaching Hospital,M2,De-escalation Micro-Skills for Acute Distress,Gamified Microlearning,70.4,92.1,Completed,3,4.4,1,1.2,2025-07-26,2025-07-29
60736,Riverside Teaching Hospital,M2,Empathic Communication Quick Course,Gamified Microlearning,68.4,95.3,Completed,6,4.6,1,1.8,2025-04-11,2025-04-17
60736,Riverside Teaching Hospital,M2,Motivational Interviewing Workshop,Blended,65.2,86.3,Completed,5,3.8,1,2.1,2025-09-04,2025-09-09
60736,Riverside Teaching Hospital,M2,Understanding Implicit Bias in Clinical Decision-Making,Digital Workbook,69.0,,Not Started,,,0,0.0,2025-08-31,
60736,Riverside Teaching Hospital,M2,Physician Wellness & Burnout Prevention,Teacher-Led Virtual,81.7,,Not Started,,,0,0.0,2025-10-15,
60737,Community Health Institute,M3,Psychiatric Interviewing & Mental Status Examination,Digital Workbook,76.6,85.0,Completed,23,2.9,2,5.5,2025-07-10,2025-08-02
60737,Community Health Institute,M3,"Recognizing Depression, Anxiety & Suicide Risk",Digital Workbook,64.4,73.1,Completed,24,2.7,1,6.2,2025-08-27,2025-09-20
60737,Community Health Institute,M3,Trauma-Informed Care & Communication,Digital Workbook,74.9,79.5,Completed,16,3.3,2,4.4,2025-03-20,2025-04-05
60737,Community Health Institute,M3,De-escalation Micro-Skills for Acute Distress,Gamified Microlearning,68.2,92.5,Completed,4,4.4,1,1.2,2025-01-19,2025-01-23
60737,Community Health Institute,M3,Empathic Communication Quick Course,Gamified Microlearning,68.8,89.0,Completed,3,4.5,2,1.5,2025-08-27,2025-08-30
60737,Community Health Institute,M3,Physician Wellness & Burnout Prevention,Teacher-Led Virtual,73.4,97.1,Completed,9,3.9,1,5.1,2025-06-10,2025-06-19
60738,Meridian Main Campus,M3,Psychiatric Interviewing & Mental Status Examination,Digital Workbook,50.3,51.8,Completed,15,2.5,1,5.3,2025-10-19,2025-11-03
60738,Meridian Main Campus,M3,"Recognizing Depression, Anxiety & Suicide Risk",Digital Workbook,39.9,,In Progress,,2.3,3,1.5,2025-06-11,
60738,Meridian Main Campus,M3,Trauma-Informed Care & Communication,Digital Workbook,74.9,75.6,Completed,12,3.6,1,5.7,2025-04-28,2025-05-10
60738,Meridian Main Campus,M3,De-escalation Micro-Skills for Acute Distress,Gamified Microlearning,50.2,59.2,Completed,2,4.3,1,1.0,2025-05-04,2025-05-06
60738,Meridian Main Campus,M3,Empathic Communication Quick Course,Gamified Microlearning,69.8,83.4,Completed,2,4.8,1,1.3,2025-02-02,2025-02-04
60738,Meridian Main Campus,M3,Motivational Interviewing Workshop,Blended,52.9,70.3,Completed,10,4.2,2,3.2,2025-02-12,2025-02-22
60739,Riverside Teaching Hospital,M3,Psychiatric Interviewing & Mental Status Examination,Digital Workbook,51.9,59.8,Completed,6,3.6,2,6.9,2025-01-21,2025-01-27
60739,Riverside Teaching Hospital,M3,"Recognizing Depression, Anxiety & Suicide Risk",Digital Workbook,60.9,73.0,Completed,10,3.7,4,5.0,2025-01-15,2025-01-25
60739,Riverside Teaching Hospital,M3,Trauma-Informed Care & Communication,Digital Workbook,63.0,68.4,Completed,11,2.9,2,4.0,2025-04-09,2025-04-20
60739,Riverside Teaching Hospital,M3,De-escalation Micro-Skills for Acute Distress,Gamified Microlearning,37.4,62.2,Completed,2,4.5,1,1.3,2025-09-18,2025-09-20
60739,Riverside Teaching Hospital,M3,Empathic Communication Quick Course,Gamified Microlearning,47.1,65.2,Completed,4,4.2,3,1.5,2025-11-18,2025-11-22
60739,Riverside Teaching Hospital,M3,Physician Wellness & Burnout Prevention,Teacher-Led Virtual,57.8,71.9,Completed,10,3.2,1,3.6,2025-08-05,2025-08-15
60739,Riverside Teaching Hospital,M3,Peer Mentorship & Clinical Team Communication,Blended,42.8,55.8,Completed,17,3.8,3,7.2,2025-07-15,2025-08-01
60739,Riverside Teaching Hospital,M3,Intro to Cognitive Behavioral Therapy for Primary Care,Teacher-Led Virtual,69.5,84.7,Completed,11,4.0,1,3.6,2025-04-08,2025-04-19
60740,Meridian Main Campus,M3,Psychiatric Interviewing & Mental Status Examination,Digital Workbook,76.6,81.5,Completed,22,3.2,2,5.6,2025-03-14,2025-04-05
60740,Meridian Main Campus,M3,"Recognizing Depression, Anxiety & Suicide Risk",Digital Workbook,52.3,63.6,Completed,14,3.0,2,6.4,2025-11-12,2025-11-26
60740,Meridian Main Campus,M3,Trauma-Informed Care & Communication,Digital Workbook,48.4,46.0,Completed,11,3.6,1,4.6,2025-07-13,2025-07-24
60740,Meridian Main Campus,M3,De-escalation Micro-Skills for Acute Distress,Gamified Microlearning,41.7,57.1,Completed,3,4.5,1,1.2,2025-06-22,2025-06-25
60740,Meridian Main Campus,M3,Empathic Communication Quick Course,Gamified Microlearning,41.1,48.8,Completed,3,4.2,1,1.5,2025-09-22,2025-09-25
60740,Meridian Main Campus,M3,Understanding Implicit Bias in Clinical Decision-Making,Digital Workbook,61.8,70.1,Completed,11,3.9,1,3.3,2025-07-19,2025-07-30
60740,Meridian Main Campus,M3,Intro to Cognitive Behavioral Therapy for Primary Care,Teacher-Led Virtual,57.0,63.3,Completed,13,3.5,2,3.8,2025-11-18,2025-12-01
60741,Riverside Teaching Hospital,M3,Psychiatric Interviewing & Mental Status Examination,Digital Workbook,57.7,76.8,Completed,21,3.8,1,5.3,2025-01-31,2025-02-21
60741,Riverside Teaching Hospital,M3,"Recognizing Depression, Anxiety & Suicide Risk",Digital Workbook,73.2,86.8,Completed,21,3.6,2,6.8,2025-09-21,2025-10-12
60741,Riverside Teaching Hospital,M3,Trauma-Informed Care & Communication,Digital Workbook,56.1,,Dropped,,1.5,2,1.8,2025-04-05,
60741,Riverside Teaching Hospital,M3,De-escalation Micro-Skills for Acute Distress,Gamified Microlearning,73.8,92.2,Completed,2,4.2,2,1.1,2025-02-23,2025-02-25
60741,Riverside Teaching Hospital,M3,Empathic Communication Quick Course,Gamified Microlearning,62.5,80.9,Completed,3,4.2,2,1.6,2025-08-07,2025-08-10
60741,Riverside Teaching Hospital,M3,Understanding Implicit Bias in Clinical Decision-Making,Digital Workbook,52.4,62.3,Completed,7,3.0,1,3.1,2025-10-09,2025-10-16
60741,Riverside Teaching Hospital,M3,Intro to Cognitive Behavioral Therapy for Primary Care,Teacher-Led Virtual,54.4,64.7,Completed,13,3.7,1,3.0,2025-10-16,2025-10-29
60742,University Health Partners,M4,Psychiatric Interviewing & Mental Status Examination,Digital Workbook,57.1,,In Progress,,2.9,1,4.2,2025-06-29,
60742,University Health Partners,M4,"Recognizing Depression, Anxiety & Suicide Risk",Digital Workbook,51.7,60.8,Completed,18,3.1,1,6.0,2025-02-24,2025-03-14
60742,University Health Partners,M4,Trauma-Informed Care & Communication,Digital Workbook,53.1,60.4,Completed,5,3.4,1,4.6,2025-10-14,2025-10-19
60742,University Health Partners,M4,De-escalation Micro-Skills for Acute Distress,Gamified Microlearning,41.1,61.8,Completed,5,4.3,2,1.3,2025-08-21,2025-08-26
60742,University Health Partners,M4,Empathic Communication Quick Course,Gamified Microlearning,59.3,68.6,Completed,4,3.9,2,1.8,2025-09-16,2025-09-20
60742,University Health Partners,M4,Understanding Implicit Bias in Clinical Decision-Making,Digital Workbook,66.3,87.9,Completed,4,3.3,2,3.6,2025-07-14,2025-07-18
60742,University Health Partners,M4,Intro to Cognitive Behavioral Therapy for Primary Care,Teacher-Led Virtual,58.9,72.9,Completed,10,4.0,1,3.7,2025-09-06,2025-09-16
60742,University Health Partners,M4,Physician Wellness & Burnout Prevention,Teacher-Led Virtual,50.4,64.4,Completed,16,4.2,1,4.6,2025-11-07,2025-11-23
60743,Community Health Institute,M3,Psychiatric Interviewing & Mental Status Examination,Digital Workbook,57.4,63.7,Completed,24,3.7,1,7.7,2025-01-14,2025-02-07
60743,Community Health Institute,M3,"Recognizing Depression, Anxiety & Suicide Risk",Digital Workbook,69.1,73.8,Completed,7,3.6,1,6.5,2025-08-07,2025-08-14
60743,Community Health Institute,M3,Trauma-Informed Care & Communication,Digital Workbook,66.2,75.1,Completed,20,4.0,2,5.4,2025-11-05,2025-11-25
60743,Community Health Institute,M3,De-escalation Micro-Skills for Acute Distress,Gamified Microlearning,57.9,74.8,Completed,2,4.7,1,0.9,2025-06-28,2025-06-30
60743,Community Health Institute,M3,Empathic Communication Quick Course,Gamified Microlearning,66.7,85.8,Completed,2,3.6,1,1.9,2025-07-16,2025-07-18
60743,Community Health Institute,M3,Physician Wellness & Burnout Prevention,Teacher-Led Virtual,55.5,,Not Started,,,0,0.0,2025-08-24,
60744,Community Health Institute,M3,Psychiatric Interviewing & Mental Status Examination,Digital Workbook,62.9,70.0,Completed,15,2.8,3,5.2,2025-07-30,2025-08-14
60744,Community Health Institute,M3,"Recognizing Depression, Anxiety & Suicide Risk",Digital Workbook,35.3,,Not Started,,,0,0.0,2025-08-19,
60744,Community Health Institute,M3,Trauma-Informed Care & Communication,Digital Workbook,57.4,73.5,Completed,13,2.6,3,4.7,2025-09-09,2025-09-22
60744,Community Health Institute,M3,De-escalation Micro-Skills for Acute Distress,Gamified Microlearning,42.4,52.7,Completed,1,4.5,2,0.9,2025-05-30,2025-05-31
60744,Community Health Institute,M3,Empathic Communication Quick Course,Gamified Microlearning,60.3,80.4,Completed,6,4.3,1,1.5,2025-04-04,2025-04-10
60744,Community Health Institute,M3,Physician Wellness & Burnout Prevention,Teacher-Led Virtual,59.5,77.2,Completed,8,4.4,2,4.6,2025-04-01,2025-04-09
60744,Community Health Institute,M3,Peer Mentorship & Clinical Team Communication,Blended,64.9,85.0,Completed,20,4.1,2,6.7,2025-10-08,2025-10-28
60745,University Health Partners,M2,Psychiatric Interviewing & Mental Status Examination,Digital Workbook,60.2,64.9,Completed,6,3.3,2,6.0,2025-09-04,2025-09-10
60745,University Health Partners,M2,"Recognizing Depression, Anxiety & Suicide Risk",Digital Workbook,63.1,,In Progress,,3.0,2,3.2,2025-05-14,
60745,University Health Partners,M2,Trauma-Informed Care & Communication,Digital Workbook,53.3,49.0,Completed,22,3.6,1,4.1,2025-05-23,2025-06-14
60745,University Health Partners,M2,De-escalation Micro-Skills for Acute Distress,Gamified Microlearning,70.0,84.4,Completed,3,4.0,1,1.2,2025-03-08,2025-03-11
60745,University Health Partners,M2,Empathic Communication Quick Course,Gamified Microlearning,55.9,76.6,Completed,2,4.5,1,1.5,2025-11-07,2025-11-09
60745,University Health Partners,M2,Motivational Interviewing Workshop,Blended,43.9,61.8,Completed,5,4.2,1,2.7,2025-04-19,2025-04-24
60745,University Health Partners,M2,Physician Wellness & Burnout Prevention,Teacher-Led Virtual,60.5,,In Progress,,3.1,1,1.2,2025-01-31,
60746,Meridian Main Campus,M1,Psychiatric Interviewing & Mental Status Examination,Digital Workbook,73.2,84.8,Completed,20,3.8,2,6.5,2025-02-27,2025-03-19
60746,Meridian Main Campus,M1,"Recognizing Depression, Anxiety & Suicide Risk",Digital Workbook,72.2,82.0,Completed,15,3.4,2,5.2,2025-02-16,2025-03-03
60746,Meridian Main Campus,M1,Trauma-Informed Care & Communication,Digital Workbook,53.9,,Dropped,,1.9,1,0.7,2025-01-11,
60746,Meridian Main Campus,M1,De-escalation Micro-Skills for Acute Distress,Gamified Microlearning,54.9,67.8,Completed,2,4.1,1,0.9,2025-03-18,2025-03-20
60746,Meridian Main Campus,M1,Empathic Communication Quick Course,Gamified Microlearning,67.4,81.0,Completed,4,4.4,2,1.8,2025-08-14,2025-08-18
60746,Meridian Main Campus,M1,Motivational Interviewing Workshop,Blended,62.6,79.2,Completed,7,4.4,1,2.7,2025-08-23,2025-08-30
60746,Meridian Main Campus,M1,Understanding Implicit Bias in Clinical Decision-Making,Digital Workbook,52.5,76.4,Completed,4,3.5,3,3.9,2025-06-19,2025-06-23
60746,Meridian Main Campus,M1,Physician Wellness & Burnout Prevention,Teacher-Led Virtual,53.9,72.1,Completed,16,3.9,2,4.4,2025-10-21,2025-11-06
60747,Riverside Teaching Hospital,M4,Psychiatric Interviewing & Mental Status Examination,Digital Workbook,63.4,78.4,Completed,22,2.9,1,5.6,2025-01-26,2025-02-17
60747,Riverside Teaching Hospital,M4,"Recognizing Depression, Anxiety & Suicide Risk",Digital Workbook,80.8,85.5,Completed,27,3.4,1,6.8,2025-04-23,2025-05-20
60747,Riverside Teaching Hospital,M4,Trauma-Informed Care & Communication,Digital Workbook,63.0,,Dropped,,1.6,1,0.5,2025-08-26,
60747,Riverside Teaching Hospital,M4,De-escalation Micro-Skills for Acute Distress,Gamified Microlearning,75.0,97.7,Completed,1,4.7,1,1.2,2025-09-05,2025-09-06
60747,Riverside Teaching Hospital,M4,Empathic Communication Quick Course,Gamified Microlearning,75.4,100.0,Completed,7,4.8,1,1.8,2025-08-23,2025-08-30
60747,Riverside Teaching Hospital,M4,Peer Mentorship & Clinical Team Communication,Blended,81.8,100.0,Completed,17,4.3,1,7.4,2025-06-09,2025-06-26
60747,Riverside Teaching Hospital,M4,Intro to Cognitive Behavioral Therapy for Primary Care,Teacher-Led Virtual,76.9,,In Progress,,3.6,1,1.1,2025-08-26,
60748,Lakeside Medical Center,M1,Psychiatric Interviewing & Mental Status Examination,Digital Workbook,61.6,68.4,Completed,9,3.4,1,7.4,2025-06-13,2025-06-22
60748,Lakeside Medical Center,M1,"Recognizing Depression, Anxiety & Suicide Risk",Digital Workbook,60.0,,In Progress,,2.7,1,1.7,2025-02-07,
60748,Lakeside Medical Center,M1,Trauma-Informed Care & Communication,Digital Workbook,77.7,84.6,Completed,20,3.2,2,3.9,2025-03-02,2025-03-22
60748,Lakeside Medical Center,M1,De-escalation Micro-Skills for Acute Distress,Gamified Microlearning,66.6,86.2,Completed,3,4.6,1,1.1,2025-07-26,2025-07-29
60748,Lakeside Medical Center,M1,Empathic Communication Quick Course,Gamified Microlearning,44.3,68.2,Completed,4,4.2,2,1.6,2025-01-14,2025-01-18
60748,Lakeside Medical Center,M1,Understanding Implicit Bias in Clinical Decision-Making,Digital Workbook,63.4,74.1,Completed,5,4.0,1,2.7,2025-07-30,2025-08-04
60748,Lakeside Medical Center,M1,Intro to Cognitive Behavioral Therapy for Primary Care,Teacher-Led Virtual,54.2,67.3,Completed,13,4.2,1,3.1,2025-10-30,2025-11-12
60749,Meridian Main Campus,M3,Psychiatric Interviewing & Mental Status Examination,Digital Workbook,62.2,73.1,Completed,23,3.5,2,6.1,2025-09-04,2025-09-27
60749,Meridian Main Campus,M3,"Recognizing Depression, Anxiety & Suicide Risk",Digital Workbook,78.0,85.0,Completed,23,4.1,3,5.9,2025-03-27,2025-04-19
60749,Meridian Main Campus,M3,Trauma-Informed Care & Communication,Digital Workbook,79.8,84.7,Completed,11,3.3,2,5.5,2025-06-05,2025-06-16
60749,Meridian Main Campus,M3,De-escalation Micro-Skills for Acute Distress,Gamified Microlearning,68.6,91.0,Completed,1,4.2,2,1.3,2025-04-05,2025-04-06
60749,Meridian Main Campus,M3,Empathic Communication Quick Course,Gamified Microlearning,60.4,78.2,Completed,5,4.1,2,1.9,2025-03-10,2025-03-15
60749,Meridian Main Campus,M3,Motivational Interviewing Workshop,Blended,64.2,89.8,Completed,7,3.8,1,2.5,2025-07-10,2025-07-17
60749,Meridian Main Campus,M3,Peer Mentorship & Clinical Team Communication,Blended,68.8,92.6,Completed,14,4.4,2,6.1,2025-04-08,2025-04-22
60750,Community Health Institute,M1,Psychiatric Interviewing & Mental Status Examination,Digital Workbook,62.5,66.1,Completed,15,3.1,1,5.2,2025-10-18,2025-11-02
60750,Community Health Institute,M1,"Recognizing Depression, Anxiety & Suicide Risk",Digital Workbook,64.2,68.9,Completed,13,4.1,2,6.8,2025-04-09,2025-04-22
60750,Community Health Institute,M1,Trauma-Informed Care & Communication,Digital Workbook,37.4,,Dropped,,1.4,2,0.2,2025-05-18,
60750,Community Health Institute,M1,De-escalation Micro-Skills for Acute Distress,Gamified Microlearning,50.8,58.2,Completed,4,4.8,3,1.1,2025-09-10,2025-09-14
60750,Community Health Institute,M1,Empathic Communication Quick Course,Gamified Microlearning,31.5,59.2,Completed,6,4.5,3,1.7,2025-05-09,2025-05-15
60750,Community Health Institute,M1,Peer Mentorship & Clinical Team Communication,Blended,45.9,,In Progress,,4.1,1,3.7,2025-05-04,
