record_id,student_id,course_id,enrollment_date,completion_status,completion_date,completion_time_days,pre_test_score,post_test_score,assessment_attempts,satisfaction_score,training_hours
1,60001,1,2025-04-05,In Progress,,,33.3,,2,2.8,3.1
2,60001,2,2025-10-09,In Progress,,,48.3,,2,2.8,1.5
3,60001,3,2025-03-03,Not Started,,,36.2,,0,,0.0
4,60001,4,2025-05-13,Completed,2025-05-16,3,49.7,65.7,1,4.5,1.1
5,60001,5,2025-08-08,Completed,2025-08-11,3,34.7,52.2,2,4.2,1.6
6,60001,8,2025-09-19,Completed,2025-10-07,18,47.3,55.3,1,4.4,4.8
7,60001,10,2025-07-30,Completed,2025-08-10,11,20.0,27.7,1,4.4,6.1
8,60001,7,2025-10-15,Completed,2025-10-23,8,47.7,59.3,1,4.9,2.5
9,60002,1,2025-06-24,Completed,2025-07-25,31,81.6,83.5,1,3.1,6.1
10,60002,2,2025-02-10,Completed,2025-02-27,17,58.1,73.6,2,4.2,6.7
11,60002,3,2025-02-16,Completed,2025-03-05,17,70.6,84.7,1,3.3,3.9
12,60002,4,2025-09-05,Completed,2025-09-07,2,66.9,85.5,1,5.0,0.9
13,60002,5,2025-11-09,Completed,2025-11-14,5,68.9,91.8,1,4.9,1.9
14,60002,7,2025-08-03,Completed,2025-08-10,7,68.9,81.0,1,4.1,3.0
15,60002,10,2025-06-27,Completed,2025-07-11,14,47.2,65.7,3,4.6,6.7
16,60003,1,2025-07-06,Completed,2025-07-24,18,75.6,80.6,2,3.8,6.9
17,60003,2,2025-09-07,Completed,2025-10-01,24,71.1,79.1,1,3.7,5.4
18,60003,3,2025-01-08,Not Started,,,72.4,,0,,0.0
19,60003,4,2025-05-08,Completed,2025-05-11,3,62.3,81.6,2,4.5,1.0
20,60003,5,2025-04-25,Completed,2025-04-29,4,79.1,100.0,1,5.0,1.7
21,60003,10,2025-10-02,Not Started,,,82.5,,0,,0.0
22,60003,6,2025-02-04,Completed,2025-02-06,2,68.8,91.9,2,3.6,3.6
23,60004,1,2025-05-14,In Progress,,,56.1,,2,2.8,4.0
24,60004,2,2025-07-03,Completed,2025-07-14,11,56.8,57.4,1,2.2,6.4
25,60004,3,2025-06-25,Completed,2025-07-07,12,65.4,74.9,3,3.1,4.6
26,60004,4,2025-10-27,Completed,2025-10-30,3,62.7,83.1,2,5.0,1.2
27,60004,5,2025-05-25,Completed,2025-05-29,4,58.9,81.7,2,4.3,1.9
28,60004,7,2025-01-31,Completed,2025-02-05,5,62.2,75.2,2,4.7,2.9
29,60004,10,2025-07-03,Completed,2025-07-17,14,46.0,62.5,2,4.4,6.2
30,60005,1,2025-04-17,Completed,2025-05-09,22,46.3,60.2,1,3.5,6.6
31,60005,2,2025-02-13,In Progress,,,71.0,,2,2.9,2.6
32,60005,3,2025-09-11,Completed,2025-09-23,12,58.4,62.0,1,3.1,5.5
33,60005,4,2025-10-21,Completed,2025-10-24,3,46.6,60.3,1,4.9,1.0
34,60005,5,2025-03-17,Completed,2025-03-21,4,47.0,65.7,2,4.6,1.5
35,60005,9,2025-11-04,Completed,2025-11-18,14,78.8,88.5,3,3.9,3.6
36,60005,6,2025-04-09,Completed,2025-04-17,8,30.7,48.6,3,4.1,2.6
37,60006,1,2025-04-24,Completed,2025-05-05,11,69.2,82.5,2,3.0,7.7
38,60006,2,2025-10-07,Completed,2025-10-12,5,68.2,87.9,2,3.3,5.8
39,60006,3,2025-06-16,In Progress,,,91.2,,1,2.7,2.1
40,60006,4,2025-01-31,Completed,2025-02-02,2,79.2,99.1,1,5.0,1.0
41,60006,5,2025-08-08,Completed,2025-08-12,4,75.5,100.0,1,4.9,1.7
42,60006,7,2025-06-14,Completed,2025-06-20,6,77.9,82.6,1,4.2,2.6
43,60006,6,2025-07-31,Completed,2025-08-04,4,74.5,88.2,1,3.9,2.6
44,60007,1,2025-05-09,Completed,2025-06-04,26,53.1,61.0,3,3.3,5.7
45,60007,2,2025-05-21,In Progress,,,49.4,,2,3.2,3.0
46,60007,3,2025-06-06,Completed,2025-06-23,17,64.1,70.4,2,3.6,3.9
47,60007,4,2025-09-12,Completed,2025-09-14,2,65.8,81.5,2,5.0,1.2
48,60007,5,2025-09-12,Completed,2025-09-17,5,70.5,91.0,1,3.8,1.5
49,60007,10,2025-08-02,Completed,2025-08-21,19,48.0,59.4,2,4.6,7.7
50,60008,1,2025-05-03,Completed,2025-06-07,35,48.9,58.1,2,3.1,6.8
51,60008,2,2025-04-12,Dropped,,,33.4,,1,2.1,1.0
52,60008,3,2025-11-08,Completed,2025-11-22,14,56.2,51.8,1,3.2,5.7
53,60008,4,2025-10-28,Completed,2025-10-30,2,47.1,59.6,3,4.3,1.2
54,60008,5,2025-08-10,Completed,2025-08-16,6,54.0,66.3,3,5.0,1.8
55,60008,6,2025-06-23,Not Started,,,42.8,,0,,0.0
56,60008,9,2025-04-02,In Progress,,,50.2,,3,3.6,0.9
57,60008,10,2025-10-17,Completed,2025-11-13,27,45.3,53.2,3,3.9,7.5
58,60009,1,2025-04-24,Completed,2025-05-13,19,39.3,39.4,2,3.7,7.0
59,60009,2,2025-07-07,Completed,2025-07-25,18,80.7,89.0,2,3.2,5.1
60,60009,3,2025-02-22,Completed,2025-03-01,7,59.1,59.8,2,3.4,5.4
61,60009,4,2025-09-30,Completed,2025-10-03,3,44.1,62.5,2,3.9,1.0
62,60009,5,2025-10-27,Completed,2025-10-30,3,50.2,67.8,2,3.8,1.8
63,60009,8,2025-10-16,Completed,2025-10-26,10,41.4,52.5,2,4.0,4.5
64,60009,7,2025-08-24,Completed,2025-08-29,5,59.2,78.4,1,4.2,3.2
65,60010,1,2025-08-25,Completed,2025-09-18,24,45.3,51.4,1,3.3,6.6
66,60010,2,2025-05-20,Completed,2025-06-05,16,49.3,56.8,1,2.8,5.7
67,60010,3,2025-01-10,Not Started,,,77.1,,0,,0.0
68,60010,4,2025-09-02,Completed,2025-09-05,3,56.5,73.5,1,4.8,1.3
69,60010,5,2025-06-23,Completed,2025-06-30,7,66.5,81.3,2,4.1,1.4
70,60010,10,2025-05-22,Completed,2025-06-08,17,58.5,71.7,3,3.9,5.2
71,60010,9,2025-01-13,Completed,2025-01-22,9,52.4,59.3,1,3.9,2.7
72,60011,1,2025-01-19,Completed,2025-02-03,15,69.4,80.6,3,3.7,6.8
73,60011,2,2025-04-29,Not Started,,,72.2,,0,,0.0
74,60011,3,2025-01-21,Not Started,,,65.7,,0,,0.0
75,60011,4,2025-03-09,Completed,2025-03-12,3,69.6,91.2,1,4.2,1.0
76,60011,5,2025-02-04,Completed,2025-02-09,5,77.8,100.0,1,4.4,1.9
77,60011,8,2025-02-05,Completed,2025-02-23,18,80.9,95.9,1,4.4,3.9
78,60011,7,2025-10-08,Completed,2025-10-18,10,60.4,77.1,1,4.3,2.2
79,60011,6,2025-07-07,Completed,2025-07-11,4,69.5,85.7,1,3.5,2.9
80,60012,1,2025-06-28,Completed,2025-07-13,15,57.2,65.9,2,3.0,5.4
81,60012,2,2025-01-23,Completed,2025-02-17,25,54.0,60.1,2,3.3,5.4
82,60012,3,2025-05-31,Completed,2025-06-08,8,40.7,47.9,1,2.6,5.1
83,60012,4,2025-03-07,Completed,2025-03-09,2,60.7,71.8,1,4.4,1.2
84,60012,5,2025-10-08,Completed,2025-10-12,4,61.5,82.4,1,5.0,1.3
85,60012,9,2025-09-16,Completed,2025-09-26,10,42.4,50.7,2,4.0,3.9
86,60012,6,2025-08-20,Completed,2025-09-02,13,51.1,57.6,1,3.8,3.6
87,60012,8,2025-05-13,Completed,2025-05-16,3,48.3,65.7,2,4.1,4.6
88,60013,1,2025-07-12,Completed,2025-08-04,23,58.3,67.4,2,3.4,6.7
89,60013,2,2025-09-21,Dropped,,,64.4,,2,1.7,1.3
90,60013,3,2025-10-25,Completed,2025-11-09,15,54.7,62.8,2,3.3,4.8
91,60013,4,2025-06-05,Completed,2025-06-07,2,50.7,70.0,1,4.7,1.0
92,60013,5,2025-08-18,Completed,2025-08-23,5,64.5,87.2,2,5.0,1.6
93,60013,8,2025-07-23,Completed,2025-07-31,8,52.0,74.0,1,4.4,3.6
94,60013,7,2025-11-11,Completed,2025-11-17,6,63.7,78.3,1,4.9,2.8
95,60013,9,2025-03-25,Completed,2025-03-30,5,52.6,59.2,1,3.6,2.6
96,60014,1,2025-09-15,Not Started,,,52.2,,0,,0.0
97,60014,2,2025-05-30,Dropped,,,45.7,,2,2.1,0.5
98,60014,3,2025-08-02,Completed,2025-08-20,18,57.0,79.6,2,3.5,5.7
99,60014,4,2025-05-06,Completed,2025-05-09,3,43.4,70.1,2,4.6,1.3
100,60014,5,2025-03-24,Completed,2025-03-25,1,70.2,79.4,1,4.8,1.4
101,60014,7,2025-08-12,Completed,2025-08-23,11,53.6,61.9,2,4.3,3.2
102,60014,8,2025-10-09,Completed,2025-10-15,6,54.6,67.0,1,3.9,3.9
103,60015,1,2025-09-16,Completed,2025-10-05,19,71.0,74.8,2,3.6,7.6
104,60015,2,2025-04-13,Completed,2025-05-09,26,60.3,65.9,2,3.6,4.7
105,60015,3,2025-03-09,Completed,2025-03-23,14,59.2,68.5,2,3.7,5.2
106,60015,4,2025-02-14,Completed,2025-02-18,4,62.2,75.2,1,5.0,1.1
107,60015,5,2025-09-26,Completed,2025-10-04,8,61.7,79.7,2,4.2,1.3
108,60015,8,2025-04-03,Completed,2025-04-18,15,50.2,65.2,2,3.4,3.7
109,60015,7,2025-06-06,Completed,2025-06-12,6,51.6,65.3,1,4.0,3.1
110,60016,1,2025-03-23,Dropped,,,61.8,,2,2.2,0.4
111,60016,2,2025-05-22,Completed,2025-06-11,20,70.2,81.0,3,3.2,5.2
112,60016,3,2025-06-21,Not Started,,,56.6,,0,,0.0
113,60016,4,2025-09-26,Completed,2025-09-28,2,74.3,100.0,1,5.0,1.2
114,60016,5,2025-08-17,Completed,2025-08-20,3,56.9,70.7,2,4.6,1.9
115,60016,9,2025-05-17,Completed,2025-05-31,14,44.6,62.3,1,3.8,3.4
116,60016,8,2025-04-25,Completed,2025-05-12,17,59.6,71.3,2,3.0,4.1
117,60017,1,2025-05-24,Dropped,,,66.1,,2,2.2,0.9
118,60017,2,2025-06-12,Completed,2025-06-28,16,49.7,60.0,2,2.8,5.0
119,60017,3,2025-04-20,Not Started,,,53.7,,0,,0.0
120,60017,4,2025-01-12,Completed,2025-01-16,4,49.2,67.0,1,4.9,1.1
121,60017,5,2025-10-24,Completed,2025-10-28,4,36.5,55.1,1,5.0,1.7
122,60017,9,2025-07-05,Completed,2025-07-15,10,64.9,79.9,1,4.1,3.6
123,60017,10,2025-09-14,Completed,2025-10-09,25,73.5,89.3,2,4.1,6.9
124,60018,1,2025-03-30,In Progress,,,67.6,,1,2.9,3.4
125,60018,2,2025-04-25,Completed,2025-05-10,15,66.9,62.4,2,3.1,5.4
126,60018,3,2025-07-10,In Progress,,,62.3,,1,2.7,1.3
127,60018,4,2025-04-16,Completed,2025-04-17,1,77.4,100.0,2,4.2,0.9
128,60018,5,2025-07-19,Completed,2025-07-20,1,67.7,85.9,1,4.7,1.4
129,60018,8,2025-04-17,Completed,2025-04-19,2,66.9,89.7,1,4.1,4.1
130,60018,9,2025-09-19,Completed,2025-09-27,8,60.5,61.6,1,4.1,2.8
131,60019,1,2025-05-06,Not Started,,,57.3,,0,,0.0
132,60019,2,2025-07-26,Completed,2025-08-07,12,68.4,63.7,2,3.2,5.6
133,60019,3,2025-07-30,Completed,2025-08-16,17,51.3,67.8,2,3.3,5.8
134,60019,4,2025-06-26,Completed,2025-06-28,2,63.0,78.0,2,4.0,0.9
135,60019,5,2025-05-08,Completed,2025-05-12,4,43.7,63.0,2,4.1,1.6
136,60019,9,2025-07-22,In Progress,,,69.2,,1,3.0,1.6
137,60019,6,2025-04-04,Completed,2025-04-17,13,57.2,71.1,2,4.2,3.3
138,60019,10,2025-09-05,Completed,2025-09-28,23,49.3,72.5,2,4.4,7.5
139,60020,1,2025-01-21,Completed,2025-01-30,9,44.9,42.4,1,4.2,7.6
140,60020,2,2025-03-13,Completed,2025-03-21,8,50.3,52.7,3,3.3,6.6
141,60020,3,2025-05-17,Completed,2025-06-04,18,38.0,41.9,3,4.4,5.5
142,60020,4,2025-03-10,Completed,2025-03-12,2,48.6,54.7,1,4.7,1.1
143,60020,5,2025-02-02,Completed,2025-02-07,5,35.8,46.0,3,4.3,1.3
144,60020,6,2025-06-06,In Progress,,,40.8,,2,3.1,1.7
145,60020,7,2025-05-19,Completed,2025-05-24,5,52.3,62.5,1,3.8,2.3
146,60020,9,2025-07-18,Completed,2025-07-27,9,36.7,37.1,1,3.7,3.2
147,60021,1,2025-10-07,Completed,2025-10-20,13,88.9,99.4,1,2.8,6.4
148,60021,2,2025-11-15,Dropped,,,90.0,,1,1.5,1.0
149,60021,3,2025-02-03,Completed,2025-02-18,15,82.8,100.0,2,3.1,4.6
150,60021,4,2025-11-17,Completed,2025-11-21,4,80.3,100.0,1,4.3,1.1
151,60021,5,2025-09-09,In Progress,,,85.1,,2,3.2,0.6
152,60021,6,2025-09-19,Completed,2025-09-22,3,85.5,100.0,1,3.9,3.2
153,60022,1,2025-08-22,Completed,2025-09-09,18,65.3,66.1,2,3.3,6.9
154,60022,2,2025-09-15,Completed,2025-10-02,17,42.9,51.8,2,3.3,6.1
155,60022,3,2025-04-28,Completed,2025-05-15,17,58.8,54.0,3,3.1,5.6
156,60022,4,2025-03-05,Completed,2025-03-08,3,47.2,72.4,2,4.8,1.0
157,60022,5,2025-03-23,Completed,2025-03-27,4,54.7,70.2,1,4.5,1.8
158,60022,8,2025-03-05,Completed,2025-03-23,18,42.3,60.3,2,3.9,5.2
159,60022,9,2025-02-15,Completed,2025-02-22,7,46.8,59.3,1,4.2,2.6
160,60023,1,2025-04-16,Completed,2025-05-06,20,58.4,64.1,2,3.5,6.4
161,60023,2,2025-08-20,Completed,2025-08-31,11,54.4,64.1,1,3.0,7.0
162,60023,3,2025-05-23,Completed,2025-06-05,13,76.8,89.9,3,3.7,4.8
163,60023,4,2025-11-05,Completed,2025-11-07,2,74.6,91.7,1,4.0,1.0
164,60023,5,2025-02-24,Completed,2025-03-02,6,48.7,58.6,2,3.7,1.4
165,60023,6,2025-04-28,Completed,2025-05-07,9,46.0,64.4,1,4.0,3.5
166,60023,9,2025-06-08,Completed,2025-06-19,11,59.2,65.1,2,4.0,3.8
167,60023,10,2025-06-24,Completed,2025-07-15,21,51.4,66.1,2,4.0,6.3
168,60024,1,2025-08-30,Completed,2025-09-19,20,62.9,71.5,1,2.8,5.3
169,60024,2,2025-06-22,Completed,2025-07-09,17,54.7,60.1,2,3.3,6.1
170,60024,3,2025-06-20,In Progress,,,52.5,,2,2.9,2.8
171,60024,4,2025-02-04,Completed,2025-02-06,2,55.7,76.1,1,3.9,0.9
172,60024,5,2025-02-22,Completed,2025-03-01,7,68.2,97.0,2,4.2,1.5
173,60024,6,2025-09-02,Completed,2025-09-09,7,65.7,73.1,1,4.2,3.5
174,60024,9,2025-03-09,Completed,2025-03-14,5,69.7,81.2,1,3.6,3.5
175,60024,10,2025-11-04,In Progress,,,72.3,,1,3.7,1.7
176,60025,1,2025-01-25,Not Started,,,62.2,,0,,0.0
177,60025,2,2025-10-25,In Progress,,,54.1,,2,2.4,2.9
178,60025,3,2025-06-06,In Progress,,,34.2,,1,2.7,2.5
179,60025,4,2025-02-18,Completed,2025-02-20,2,45.9,59.6,2,4.2,1.1
180,60025,5,2025-07-20,Completed,2025-07-24,4,41.9,50.1,2,4.3,1.6
181,60025,6,2025-09-13,Completed,2025-09-24,11,46.8,56.8,3,4.2,2.8
182,60025,8,2025-08-05,In Progress,,,42.7,,3,3.3,1.9
183,60026,1,2025-10-21,Completed,2025-11-04,14,41.6,48.4,3,3.4,5.6
184,60026,2,2025-08-01,Completed,2025-08-10,9,50.8,56.2,3,2.8,6.9
185,60026,3,2025-04-29,Not Started,,,44.7,,0,,0.0
186,60026,4,2025-05-04,Completed,2025-05-06,2,37.3,51.0,3,4.4,1.0
187,60026,5,2025-09-04,Completed,2025-09-12,8,53.4,67.1,2,3.9,1.9
188,60026,10,2025-04-24,Completed,2025-05-17,23,47.1,56.5,3,4.3,7.7
189,60026,7,2025-04-20,Completed,2025-04-24,4,50.3,55.9,1,4.6,2.2
190,60027,1,2025-07-12,Not Started,,,55.1,,0,,0.0
191,60027,2,2025-11-18,Completed,2025-12-05,17,43.7,50.7,2,3.0,6.5
192,60027,3,2025-03-09,Completed,2025-03-28,19,69.6,80.8,2,3.2,5.4
193,60027,4,2025-05-18,Completed,2025-05-22,4,48.3,66.1,1,4.3,0.9
194,60027,5,2025-05-19,Completed,2025-05-23,4,46.5,65.6,1,4.7,1.5
195,60027,7,2025-07-10,Completed,2025-07-17,7,61.2,82.4,1,4.3,2.7
196,60027,9,2025-07-22,Completed,2025-07-30,8,62.5,79.1,3,3.9,3.3
197,60027,10,2025-10-06,Completed,2025-10-29,23,56.5,71.4,2,4.1,5.7
198,60028,1,2025-10-10,Dropped,,,74.4,,2,1.6,2.3
199,60028,2,2025-06-20,In Progress,,,65.5,,1,2.6,2.8
200,60028,3,2025-06-19,In Progress,,,55.7,,1,2.5,2.7
201,60028,4,2025-04-04,Completed,2025-04-07,3,50.6,74.6,1,4.7,1.0
202,60028,5,2025-07-08,Completed,2025-07-13,5,52.4,79.1,1,4.9,1.5
203,60028,6,2025-06-17,Completed,2025-07-01,14,63.3,93.0,1,4.0,3.7
204,60029,1,2025-08-22,Completed,2025-09-08,17,65.0,73.1,2,2.7,7.0
205,60029,2,2025-01-18,Dropped,,,66.5,,1,2.1,1.3
206,60029,3,2025-08-26,Completed,2025-09-10,15,58.7,70.3,2,3.3,4.6
207,60029,4,2025-08-21,Completed,2025-08-22,1,61.4,70.5,2,4.6,1.1
208,60029,5,2025-01-09,Completed,2025-01-13,4,66.8,84.4,1,4.7,1.4
209,60029,10,2025-04-04,Completed,2025-04-15,11,74.6,100.0,2,3.8,5.8
210,60029,9,2025-07-29,Completed,2025-08-09,11,59.9,77.0,1,3.7,2.7
211,60030,1,2025-01-15,In Progress,,,69.0,,2,2.5,1.6
212,60030,2,2025-09-02,Completed,2025-09-24,22,40.4,38.9,2,2.7,5.5
213,60030,3,2025-09-06,Completed,2025-09-25,19,50.3,46.1,2,3.0,4.6
214,60030,4,2025-08-10,Completed,2025-08-14,4,49.3,63.0,2,4.2,1.2
215,60030,5,2025-05-19,Completed,2025-05-24,5,66.0,83.1,2,4.3,1.5
216,60030,7,2025-08-22,Completed,2025-08-30,8,37.0,61.7,2,3.9,2.9
217,60030,10,2025-04-04,Completed,2025-04-20,16,52.1,68.5,2,4.2,7.6
218,60031,1,2025-05-18,Completed,2025-06-01,14,45.6,47.3,3,2.7,7.3
219,60031,2,2025-10-30,Completed,2025-11-29,30,55.4,65.2,2,3.2,6.4
220,60031,3,2025-08-24,Completed,2025-09-11,18,58.3,67.8,3,3.1,3.9
221,60031,4,2025-07-25,Completed,2025-07-27,2,44.7,69.7,1,4.1,0.9
222,60031,5,2025-05-23,Completed,2025-05-26,3,76.8,90.4,1,4.7,1.6
223,60031,7,2025-09-26,Completed,2025-10-05,9,74.2,91.7,1,3.4,2.9
224,60031,8,2025-02-28,Completed,2025-03-18,18,67.0,84.6,2,3.8,3.7
225,60031,6,2025-03-05,Completed,2025-03-17,12,67.7,87.8,2,4.1,3.1
226,60032,1,2025-05-02,Completed,2025-05-25,23,39.9,36.0,2,3.2,6.0
227,60032,2,2025-04-05,Completed,2025-04-24,19,35.4,35.7,3,3.9,6.4
228,60032,3,2025-10-27,Dropped,,,24.5,,3,1.8,1.3
229,60032,4,2025-11-18,Completed,2025-11-19,1,48.3,54.2,3,4.7,0.9
230,60032,5,2025-01-22,Completed,2025-01-25,3,48.9,55.2,1,4.6,1.5
231,60032,8,2025-08-29,Completed,2025-09-18,20,23.1,20.8,3,3.7,4.2
232,60032,10,2025-06-26,Completed,2025-07-11,15,20.0,29.8,2,4.1,7.1
233,60033,1,2025-02-20,Completed,2025-03-02,10,67.6,71.1,2,3.4,7.1
234,60033,2,2025-04-01,Completed,2025-04-18,17,54.0,55.7,2,3.1,4.9
235,60033,3,2025-10-29,Not Started,,,41.8,,0,,0.0
236,60033,4,2025-01-23,Completed,2025-01-28,5,68.8,85.6,1,5.0,1.2
237,60033,5,2025-06-01,Completed,2025-06-08,7,80.1,90.0,2,4.2,1.6
238,60033,10,2025-06-25,In Progress,,,60.6,,1,3.9,3.7
239,60033,6,2025-03-30,In Progress,,,72.1,,1,3.4,1.6
240,60033,9,2025-06-29,Not Started,,,67.5,,0,,0.0
241,60034,1,2025-10-21,Completed,2025-11-15,25,63.6,69.4,3,3.5,7.2
242,60034,2,2025-06-05,Completed,2025-06-21,16,61.3,70.3,1,3.4,6.1
243,60034,3,2025-08-06,Completed,2025-08-29,23,56.2,62.6,2,2.4,5.2
244,60034,4,2025-10-23,Completed,2025-10-27,4,69.0,78.7,1,4.5,0.9
245,60034,5,2025-06-13,Completed,2025-06-18,5,68.2,92.0,1,4.3,1.4
246,60034,9,2025-06-13,Completed,2025-06-21,8,58.0,68.1,2,3.3,3.2
247,60034,7,2025-10-03,Completed,2025-10-10,7,65.1,82.4,2,3.9,2.3
248,60035,1,2025-01-08,Completed,2025-01-20,12,53.8,63.4,2,3.3,5.4
249,60035,2,2025-06-10,In Progress,,,61.0,,2,2.7,2.1
250,60035,3,2025-02-18,Completed,2025-02-23,5,78.3,87.1,1,3.2,5.8
251,60035,4,2025-03-05,Completed,2025-03-08,3,74.6,96.6,1,4.4,1.2
252,60035,5,2025-02-19,Completed,2025-02-24,5,47.6,70.0,1,4.6,1.6
253,60035,8,2025-07-14,Completed,2025-08-03,20,62.9,83.6,2,4.0,4.0
254,60035,6,2025-11-08,Completed,2025-11-17,9,42.7,63.5,1,4.4,3.6
255,60036,1,2025-04-27,In Progress,,,61.7,,2,2.7,3.2
256,60036,2,2025-08-08,Completed,2025-08-18,10,44.4,47.4,1,3.2,6.0
257,60036,3,2025-05-08,Not Started,,,53.5,,0,,0.0
258,60036,4,2025-04-14,Completed,2025-04-17,3,53.4,65.7,1,5.0,1.2
259,60036,5,2025-02-12,Completed,2025-02-16,4,48.5,55.7,1,4.3,1.5
260,60036,9,2025-05-13,Completed,2025-05-23,10,55.1,72.7,2,4.1,3.4
261,60036,10,2025-11-04,Completed,2025-11-22,18,57.0,73.9,1,3.3,6.6
262,60037,1,2025-03-19,In Progress,,,63.6,,1,3.2,3.7
263,60037,2,2025-05-21,Completed,2025-06-04,14,75.4,79.8,2,2.9,6.0
264,60037,3,2025-09-05,Completed,2025-09-25,20,43.6,45.5,1,3.2,4.7
265,60037,4,2025-08-25,Completed,2025-08-26,1,65.4,87.9,2,4.4,1.0
266,60037,5,2025-01-10,Completed,2025-01-14,4,64.7,85.9,2,4.6,1.8
267,60037,8,2025-03-29,Completed,2025-04-12,14,65.5,80.5,2,3.7,3.6
268,60037,9,2025-06-27,Completed,2025-07-08,11,50.3,71.3,1,3.6,3.2
269,60038,1,2025-05-31,Completed,2025-06-30,30,54.3,55.6,1,3.1,7.0
270,60038,2,2025-07-10,Not Started,,,58.6,,0,,0.0
271,60038,3,2025-09-24,Completed,2025-10-15,21,64.6,76.2,2,2.8,4.0
272,60038,4,2025-06-09,Completed,2025-06-11,2,52.8,62.7,1,4.4,1.2
273,60038,5,2025-01-22,Completed,2025-01-25,3,57.1,76.1,1,4.4,1.7
274,60038,9,2025-09-17,Completed,2025-09-24,7,68.5,86.2,1,4.6,3.7
275,60039,1,2025-07-02,Not Started,,,73.8,,0,,0.0
276,60039,2,2025-11-16,Not Started,,,82.2,,0,,0.0
277,60039,3,2025-11-11,In Progress,,,73.2,,1,2.5,2.8
278,60039,4,2025-05-21,Completed,2025-05-24,3,79.1,100.0,2,3.5,1.2
279,60039,5,2025-09-22,Completed,2025-09-27,5,76.2,100.0,1,5.0,1.7
280,60039,6,2025-10-05,Completed,2025-10-07,2,58.2,78.5,1,4.2,3.1
281,60039,9,2025-01-08,Completed,2025-01-14,6,70.4,86.6,2,3.7,3.0
282,60039,8,2025-07-12,Completed,2025-07-26,14,85.3,100.0,1,4.2,3.5
283,60040,1,2025-08-22,Completed,2025-09-15,24,45.8,35.7,1,3.2,7.7
284,60040,2,2025-06-16,In Progress,,,60.4,,2,3.5,1.6
285,60040,3,2025-11-16,In Progress,,,67.4,,2,2.2,1.4
286,60040,4,2025-07-13,Completed,2025-07-17,4,54.4,66.8,1,4.7,0.9
287,60040,5,2025-06-08,Completed,2025-06-13,5,62.0,83.7,1,4.3,1.5
288,60040,10,2025-05-17,Completed,2025-06-07,21,71.1,88.7,3,4.1,6.5
289,60040,7,2025-04-24,Completed,2025-04-28,4,81.1,100.0,1,5.0,2.5
290,60041,1,2025-05-20,Not Started,,,76.9,,0,,0.0
291,60041,2,2025-10-26,Completed,2025-11-03,8,64.6,71.8,3,3.0,5.4
292,60041,3,2025-10-15,Completed,2025-10-31,16,78.7,87.6,1,3.1,3.9
293,60041,4,2025-07-20,Completed,2025-07-21,1,62.7,80.6,1,4.7,1.0
294,60041,5,2025-04-27,Completed,2025-05-01,4,60.6,76.2,1,4.6,1.5
295,60041,9,2025-06-08,Completed,2025-06-13,5,71.8,98.0,1,3.7,3.5
296,60041,6,2025-04-01,Completed,2025-04-05,4,68.6,84.9,3,3.9,3.1
297,60042,1,2025-02-22,Completed,2025-03-25,31,55.8,58.8,1,3.2,7.7
298,60042,2,2025-04-19,Not Started,,,55.3,,0,,0.0
299,60042,3,2025-07-14,Completed,2025-07-21,7,47.3,65.1,1,3.0,3.9
300,60042,4,2025-06-01,Completed,2025-06-06,5,55.5,68.6,1,5.0,1.3
301,60042,5,2025-01-06,Completed,2025-01-14,8,45.7,54.8,2,4.8,1.7
302,60042,6,2025-08-14,Dropped,,,57.8,,2,2.8,0.6
303,60042,7,2025-08-25,Completed,2025-09-04,10,41.8,51.0,1,4.8,2.2
304,60043,1,2025-09-14,Completed,2025-10-13,29,56.3,59.4,2,3.0,5.9
305,60043,2,2025-10-04,Completed,2025-10-16,12,65.5,62.7,2,3.4,6.2
306,60043,3,2025-08-03,Completed,2025-08-22,19,45.7,48.1,1,3.5,4.2
307,60043,4,2025-11-15,Completed,2025-11-17,2,44.7,61.6,1,4.1,1.0
308,60043,5,2025-01-21,Completed,2025-01-26,5,34.9,43.7,1,4.5,1.6
309,60043,6,2025-05-23,Completed,2025-05-27,4,68.3,79.6,1,3.9,3.2
310,60043,8,2025-04-14,Completed,2025-04-30,16,67.0,80.9,2,3.7,4.6
311,60044,1,2025-05-23,In Progress,,,52.0,,2,3.0,2.4
312,60044,2,2025-04-26,Completed,2025-05-08,12,20.0,7.9,3,3.8,7.0
313,60044,3,2025-03-16,Completed,2025-03-31,15,33.5,26.4,3,3.6,5.4
314,60044,4,2025-03-21,Completed,2025-03-25,4,26.7,43.8,1,4.2,0.9
315,60044,5,2025-06-11,Completed,2025-06-18,7,20.0,33.6,2,4.3,1.4
316,60044,9,2025-02-19,Completed,2025-03-02,11,35.7,41.8,1,3.6,2.6
317,60044,6,2025-06-08,Completed,2025-06-17,9,36.2,45.2,2,4.0,2.8
318,60045,1,2025-04-19,Not Started,,,49.8,,0,,0.0
319,60045,2,2025-05-13,Completed,2025-05-23,10,65.0,68.0,1,3.1,6.9
320,60045,3,2025-05-25,Dropped,,,59.2,,3,2.0,1.2
321,60045,4,2025-06-07,Completed,2025-06-12,5,54.8,73.6,2,4.4,1.0
322,60045,5,2025-11-11,Completed,2025-11-16,5,49.5,69.1,2,4.1,1.6
323,60045,9,2025-10-10,Completed,2025-10-18,8,53.7,64.0,2,3.7,3.4
324,60045,8,2025-05-22,Completed,2025-06-11,20,62.9,67.0,1,4.6,4.3
325,60045,10,2025-04-15,Completed,2025-04-28,13,49.3,53.0,2,3.5,5.8
326,60046,1,2025-07-15,Completed,2025-08-09,25,63.5,68.6,1,3.8,5.5
327,60046,2,2025-08-01,Completed,2025-08-26,25,64.3,75.0,2,3.2,4.7
328,60046,3,2025-03-29,Completed,2025-04-08,10,63.5,72.4,3,3.1,4.6
329,60046,4,2025-11-18,Completed,2025-11-19,1,71.5,89.8,1,5.0,1.2
330,60046,5,2025-10-24,Completed,2025-10-28,4,50.4,81.0,2,4.6,1.4
331,60046,8,2025-05-07,Completed,2025-05-19,12,59.0,71.2,1,4.6,3.7
332,60046,9,2025-10-15,Completed,2025-10-27,12,54.7,64.0,1,3.6,3.6
333,60047,1,2025-04-14,Dropped,,,50.2,,3,1.3,2.0
334,60047,2,2025-04-26,In Progress,,,57.6,,2,2.8,1.6
335,60047,3,2025-03-09,In Progress,,,43.8,,2,3.3,1.4
336,60047,4,2025-08-10,Completed,2025-08-14,4,42.9,57.2,1,4.4,1.1
337,60047,5,2025-02-06,Completed,2025-02-14,8,29.0,36.9,2,4.8,1.9
338,60047,6,2025-09-24,Completed,2025-10-01,7,38.2,45.7,1,3.9,3.9
339,60047,7,2025-05-14,Completed,2025-05-16,2,50.5,60.4,2,4.5,2.2
340,60047,10,2025-04-27,Completed,2025-05-14,17,44.5,57.6,3,3.4,5.6
341,60048,1,2025-05-16,Completed,2025-06-13,28,69.9,77.7,1,3.4,7.5
342,60048,2,2025-08-09,Not Started,,,75.1,,0,,0.0
343,60048,3,2025-07-15,Completed,2025-08-02,18,64.8,77.9,1,3.2,5.3
344,60048,4,2025-06-19,Completed,2025-06-23,4,67.9,91.1,1,4.4,1.1
345,60048,5,2025-09-06,Completed,2025-09-07,1,65.3,88.8,1,4.7,1.9
346,60048,10,2025-02-03,Completed,2025-03-08,33,70.6,86.9,1,4.6,6.1
347,60048,6,2025-08-09,Completed,2025-08-10,1,61.0,77.7,2,4.5,3.1
348,60048,8,2025-02-05,Completed,2025-02-12,7,62.3,81.8,3,4.3,4.1
349,60049,1,2025-04-02,Completed,2025-04-17,15,33.8,45.7,1,2.7,6.4
350,60049,2,2025-11-10,Dropped,,,77.4,,4,2.3,0.8
351,60049,3,2025-07-06,Completed,2025-07-19,13,55.0,49.4,2,3.1,4.2
352,60049,4,2025-01-23,Completed,2025-01-25,2,42.4,63.7,3,4.3,0.9
353,60049,5,2025-09-14,Completed,2025-09-18,4,41.6,64.2,1,4.4,1.8
354,60049,10,2025-04-05,Completed,2025-04-17,12,52.2,72.9,2,3.8,6.4
355,60049,9,2025-06-21,Completed,2025-07-04,13,50.8,61.0,2,2.9,3.0
356,60050,1,2025-09-20,In Progress,,,89.7,,2,1.9,4.0
357,60050,2,2025-08-13,Completed,2025-09-10,28,78.6,100.0,1,3.0,4.8
358,60050,3,2025-11-12,Completed,2025-11-29,17,86.7,94.3,1,3.7,5.0
359,60050,4,2025-06-23,Completed,2025-06-26,3,79.1,100.0,1,4.5,1.2
360,60050,5,2025-01-18,Completed,2025-01-20,2,77.0,100.0,1,4.5,1.5
361,60050,7,2025-01-09,Completed,2025-01-17,8,65.0,96.5,1,4.4,2.5
362,60051,1,2025-06-30,In Progress,,,54.6,,1,3.1,4.0
363,60051,2,2025-06-22,Not Started,,,83.6,,0,,0.0
364,60051,3,2025-01-21,Dropped,,,62.5,,3,2.0,0.9
365,60051,4,2025-09-08,Completed,2025-09-11,3,60.6,81.0,3,4.3,1.1
366,60051,5,2025-03-12,Completed,2025-03-16,4,56.3,80.9,1,4.7,1.7
367,60051,10,2025-03-20,In Progress,,,47.3,,2,4.0,1.9
368,60051,6,2025-08-10,Completed,2025-08-20,10,64.5,85.1,2,4.2,3.1
369,60052,1,2025-05-02,Not Started,,,54.9,,0,,0.0
370,60052,2,2025-04-18,Completed,2025-04-30,12,67.6,82.6,3,3.8,6.4
371,60052,3,2025-10-25,Completed,2025-11-11,17,76.3,85.2,1,3.8,5.2
372,60052,4,2025-10-19,Completed,2025-10-21,2,60.4,86.0,1,4.2,1.1
373,60052,5,2025-04-13,Completed,2025-04-14,1,60.7,75.3,2,4.4,1.5
374,60052,8,2025-04-24,Completed,2025-05-09,15,64.9,91.3,4,3.0,3.6
375,60053,1,2025-08-27,Dropped,,,81.1,,1,2.2,1.5
376,60053,2,2025-08-01,Completed,2025-08-12,11,75.8,84.7,1,3.4,6.3
377,60053,3,2025-02-26,Completed,2025-03-09,11,73.6,81.0,1,3.2,5.8
378,60053,4,2025-04-03,Completed,2025-04-06,3,73.8,85.4,2,4.2,1.2
379,60053,5,2025-11-16,Completed,2025-11-22,6,64.4,81.3,1,5.0,1.8
380,60053,7,2025-05-24,Completed,2025-05-29,5,66.2,81.0,1,4.4,2.7
381,60053,9,2025-02-04,Completed,2025-02-15,11,73.6,87.0,1,3.4,2.9
382,60054,1,2025-08-03,Completed,2025-08-25,22,33.4,33.0,3,3.3,6.3
383,60054,2,2025-04-09,Not Started,,,41.0,,0,,0.0
384,60054,3,2025-03-28,Completed,2025-04-11,14,49.1,53.6,2,3.2,5.1
385,60054,4,2025-02-03,Completed,2025-02-06,3,58.8,78.9,1,4.9,1.2
386,60054,5,2025-05-19,Completed,2025-05-23,4,36.9,43.5,3,3.8,1.4
387,60054,10,2025-05-19,Completed,2025-06-02,14,20.0,25.1,2,4.0,7.6
388,60054,6,2025-06-09,Completed,2025-06-22,13,62.6,68.5,2,4.4,3.7
389,60055,1,2025-01-24,Completed,2025-02-11,18,51.3,56.8,3,3.2,7.1
390,60055,2,2025-09-29,Not Started,,,50.3,,0,,0.0
391,60055,3,2025-07-08,Completed,2025-07-18,10,25.5,31.8,2,2.9,3.9
392,60055,4,2025-08-10,Completed,2025-08-11,1,55.1,69.3,1,4.2,1.2
393,60055,5,2025-02-04,Completed,2025-02-08,4,50.8,72.4,2,4.9,1.6
394,60055,10,2025-09-17,In Progress,,,35.0,,3,3.7,2.3
395,60055,6,2025-01-28,Completed,2025-02-01,4,20.0,37.3,2,3.8,3.3
396,60056,1,2025-06-02,In Progress,,,62.0,,2,2.2,3.6
397,60056,2,2025-07-17,Completed,2025-08-12,26,61.1,68.0,1,3.2,6.6
398,60056,3,2025-06-11,Completed,2025-07-02,21,40.6,50.2,2,3.0,5.6
399,60056,4,2025-10-06,Completed,2025-10-09,3,36.2,52.8,2,4.3,1.1
400,60056,5,2025-04-22,Completed,2025-04-27,5,64.3,90.3,1,4.5,1.6
401,60056,6,2025-10-01,Completed,2025-10-09,8,55.4,73.3,1,3.9,3.4
402,60057,1,2025-07-10,Completed,2025-07-26,16,51.6,52.1,2,3.7,5.6
403,60057,2,2025-09-14,In Progress,,,58.5,,2,2.2,2.6
404,60057,3,2025-01-07,Not Started,,,37.5,,0,,0.0
405,60057,4,2025-06-12,Dropped,,,42.6,,1,3.4,0.4
406,60057,5,2025-07-21,Completed,2025-07-22,1,59.4,73.3,1,4.9,1.7
407,60057,8,2025-06-07,Completed,2025-06-19,12,37.3,53.7,2,3.7,4.1
408,60057,6,2025-05-14,Completed,2025-05-26,12,50.8,60.8,2,4.0,3.5
409,60058,1,2025-09-21,Completed,2025-10-18,27,67.0,88.3,2,2.6,5.6
410,60058,2,2025-03-22,Completed,2025-04-09,18,56.4,62.6,2,4.0,5.2
411,60058,3,2025-02-17,Dropped,,,71.7,,2,2.1,1.8
412,60058,4,2025-02-18,Completed,2025-02-21,3,65.5,85.0,1,3.8,1.2
413,60058,5,2025-03-24,Completed,2025-03-30,6,68.6,90.4,1,5.0,1.6
414,60058,7,2025-06-04,Completed,2025-06-12,8,58.1,68.5,1,4.1,3.1
415,60058,9,2025-04-18,Completed,2025-04-24,6,50.9,57.7,2,4.2,3.6
416,60059,1,2025-07-25,Completed,2025-08-09,15,57.6,70.3,2,3.7,6.8
417,60059,2,2025-09-14,Completed,2025-10-04,20,73.9,76.7,2,3.2,6.3
418,60059,3,2025-10-16,Not Started,,,44.9,,0,,0.0
419,60059,4,2025-07-30,Completed,2025-08-01,2,51.0,63.0,2,4.7,1.3
420,60059,5,2025-03-21,Completed,2025-03-24,3,52.2,70.8,1,4.1,1.7
421,60059,9,2025-06-07,Completed,2025-06-08,1,66.6,88.5,2,3.5,2.9
422,60059,6,2025-02-01,Completed,2025-02-06,5,48.9,58.7,2,4.8,3.6
423,60060,1,2025-02-20,Completed,2025-03-15,23,74.2,86.2,1,3.5,5.7
424,60060,2,2025-08-02,Completed,2025-08-25,23,45.7,55.8,1,3.5,6.3
425,60060,3,2025-04-17,In Progress,,,68.0,,2,3.2,1.2
426,60060,4,2025-07-28,Completed,2025-08-01,4,69.7,95.5,1,4.8,0.9
427,60060,5,2025-08-15,Completed,2025-08-20,5,56.2,74.7,1,4.6,1.3
428,60060,7,2025-04-28,Completed,2025-05-09,11,59.4,80.9,1,3.4,2.1
429,60060,6,2025-10-28,Completed,2025-11-06,9,74.5,93.3,1,4.2,2.8
430,60061,1,2025-08-29,Dropped,,,46.5,,1,2.2,0.8
431,60061,2,2025-02-04,Completed,2025-03-01,25,65.9,76.5,3,2.9,4.8
432,60061,3,2025-07-03,In Progress,,,45.9,,1,3.1,2.9
433,60061,4,2025-06-11,Completed,2025-06-12,1,42.4,50.7,1,4.4,1.0
434,60061,5,2025-05-30,In Progress,,,65.6,,1,3.7,0.6
435,60061,7,2025-06-23,Completed,2025-06-28,5,60.5,76.9,1,4.7,3.1
436,60061,10,2025-08-29,Dropped,,,71.7,,2,2.5,1.9
437,60062,1,2025-10-27,Completed,2025-11-21,25,62.6,77.7,1,3.0,6.4
438,60062,2,2025-05-31,Dropped,,,56.8,,2,1.9,2.1
439,60062,3,2025-03-22,Completed,2025-04-11,20,64.9,66.7,1,3.7,5.8
440,60062,4,2025-06-16,Completed,2025-06-19,3,64.8,84.0,1,4.1,1.2
441,60062,5,2025-08-16,Completed,2025-08-19,3,46.7,66.3,2,4.5,1.9
442,60062,7,2025-04-17,Completed,2025-04-23,6,62.3,73.4,2,4.2,2.4
443,60063,1,2025-03-11,Completed,2025-04-15,35,75.2,85.5,2,3.4,5.3
444,60063,2,2025-07-07,Not Started,,,72.9,,0,,0.0
445,60063,3,2025-04-15,Completed,2025-05-08,23,62.4,70.9,1,3.2,5.3
446,60063,4,2025-11-08,Completed,2025-11-10,2,57.5,74.8,1,4.2,1.0
447,60063,5,2025-09-02,Completed,2025-09-07,5,70.8,92.9,1,4.7,1.8
448,60063,8,2025-04-19,Completed,2025-05-04,15,52.0,69.7,2,4.1,5.1
449,60063,6,2025-08-17,Completed,2025-09-03,17,75.2,96.6,3,4.3,2.9
450,60063,7,2025-06-03,Completed,2025-06-11,8,51.3,70.0,2,4.9,2.9
451,60064,1,2025-11-05,Completed,2025-11-23,18,54.1,63.2,2,3.4,7.4
452,60064,2,2025-08-30,Completed,2025-09-19,20,61.1,72.5,3,2.9,6.7
453,60064,3,2025-08-25,Completed,2025-09-04,10,44.9,53.6,1,3.2,4.2
454,60064,4,2025-11-02,Completed,2025-11-05,3,46.5,61.0,2,4.5,1.1
455,60064,5,2025-09-10,Completed,2025-09-15,5,54.9,78.0,2,4.8,1.3
456,60064,6,2025-02-09,Completed,2025-02-20,11,51.8,71.0,1,4.5,2.9
457,60065,1,2025-07-13,Completed,2025-08-07,25,69.0,86.9,3,3.8,6.7
458,60065,2,2025-08-31,Completed,2025-09-15,15,59.4,67.5,3,3.0,5.4
459,60065,3,2025-07-27,Completed,2025-08-07,11,68.4,79.9,1,3.6,5.0
460,60065,4,2025-06-09,Not Started,,,66.7,,0,,0.0
461,60065,5,2025-11-07,Not Started,,,45.7,,0,,0.0
462,60065,6,2025-05-28,Completed,2025-06-11,14,62.2,81.8,1,4.3,3.5
463,60066,1,2025-06-11,Completed,2025-07-08,27,43.9,52.3,2,3.2,7.8
464,60066,2,2025-08-09,Completed,2025-09-02,24,72.6,80.5,3,3.4,5.4
465,60066,3,2025-02-27,Dropped,,,49.9,,2,1.9,1.4
466,60066,4,2025-06-01,Completed,2025-06-02,1,51.2,66.2,1,3.9,1.3
467,60066,5,2025-09-30,Completed,2025-10-03,3,38.6,55.2,1,4.7,1.5
468,60066,8,2025-01-11,Completed,2025-01-23,12,52.9,69.0,2,4.3,3.6
469,60067,1,2025-08-19,Completed,2025-09-07,19,52.3,58.6,3,2.9,7.5
470,60067,2,2025-03-28,Completed,2025-04-13,16,56.2,65.8,2,3.5,6.3
471,60067,3,2025-05-03,Completed,2025-05-09,6,51.7,57.8,2,3.2,4.6
472,60067,4,2025-05-19,Completed,2025-05-22,3,58.4,70.7,1,4.3,0.9
473,60067,5,2025-07-05,Completed,2025-07-10,5,45.2,63.1,1,5.0,1.8
474,60067,10,2025-09-26,Not Started,,,45.7,,0,,0.0
475,60067,6,2025-09-06,Completed,2025-09-18,12,60.1,70.0,1,4.1,2.8
476,60067,7,2025-06-16,Completed,2025-06-21,5,43.4,55.7,1,4.3,3.0
477,60068,1,2025-10-09,Completed,2025-10-30,21,58.3,63.1,3,3.7,5.8
478,60068,2,2025-09-13,Not Started,,,78.6,,0,,0.0
479,60068,3,2025-11-06,Completed,2025-11-16,10,50.0,51.3,2,3.8,4.2
480,60068,4,2025-05-25,Completed,2025-05-28,3,71.5,90.8,1,4.2,0.9
481,60068,5,2025-05-25,Completed,2025-05-30,5,47.1,57.7,1,5.0,1.3
482,60068,8,2025-04-28,Completed,2025-05-04,6,46.6,63.1,1,4.2,3.7
483,60068,6,2025-06-17,Completed,2025-06-26,9,57.0,81.4,1,4.1,3.0
484,60069,1,2025-06-25,Completed,2025-07-16,21,26.2,33.0,2,3.4,5.3
485,60069,2,2025-04-18,Completed,2025-05-05,17,57.3,56.4,3,4.0,6.8
486,60069,3,2025-10-04,Completed,2025-10-20,16,34.3,37.1,2,3.7,5.5
487,60069,4,2025-11-15,Completed,2025-11-18,3,30.6,35.7,1,4.8,0.9
488,60069,5,2025-02-24,In Progress,,,48.2,,2,4.3,0.9
489,60069,7,2025-09-28,In Progress,,,58.0,,2,3.7,0.9
490,60070,1,2025-09-27,In Progress,,,43.8,,2,2.5,2.3
491,60070,2,2025-03-08,Completed,2025-03-28,20,36.5,45.1,2,3.2,6.9
492,60070,3,2025-01-07,Completed,2025-01-13,6,37.1,28.4,2,2.9,5.8
493,60070,4,2025-08-19,Completed,2025-08-22,3,33.0,48.8,2,5.0,1.2
494,60070,5,2025-03-28,Completed,2025-04-01,4,21.4,27.6,1,3.9,1.5
495,60070,6,2025-06-09,Completed,2025-06-16,7,47.6,71.6,3,4.2,2.8
496,60070,9,2025-09-14,Completed,2025-09-27,13,41.6,45.0,3,3.2,2.7
497,60070,10,2025-01-25,Completed,2025-02-13,19,55.3,69.4,2,4.0,6.1
498,60071,1,2025-05-11,In Progress,,,39.8,,2,2.9,3.2
499,60071,2,2025-01-07,Completed,2025-01-21,14,68.3,76.7,3,3.0,6.2
500,60071,3,2025-10-02,Completed,2025-10-17,15,59.9,63.8,2,3.1,5.3
501,60071,4,2025-08-09,Completed,2025-08-12,3,65.6,87.2,1,4.6,1.0
502,60071,5,2025-10-30,Completed,2025-11-05,6,41.4,61.0,3,4.2,1.9
503,60071,9,2025-08-06,Completed,2025-08-16,10,71.1,78.9,1,3.8,2.6
504,60071,6,2025-02-03,Completed,2025-02-17,14,56.2,71.2,2,3.7,3.2
505,60071,7,2025-08-22,Completed,2025-08-31,9,49.1,56.6,1,4.8,2.6
506,60072,1,2025-02-13,Completed,2025-02-24,11,61.5,73.2,1,2.5,5.5
507,60072,2,2025-01-20,Completed,2025-02-14,25,59.8,62.8,2,3.1,5.7
508,60072,3,2025-10-20,Dropped,,,75.1,,1,2.0,1.6
509,60072,4,2025-08-02,Completed,2025-08-05,3,50.2,72.4,1,4.7,1.1
510,60072,5,2025-07-22,Completed,2025-07-25,3,73.7,98.0,1,4.1,1.3
511,60072,7,2025-08-11,Completed,2025-08-15,4,85.8,100.0,3,3.5,2.8
512,60072,6,2025-06-02,Completed,2025-06-15,13,67.5,94.0,2,4.1,3.2
513,60073,1,2025-10-12,In Progress,,,63.7,,2,3.4,3.7
514,60073,2,2025-02-10,Completed,2025-03-06,24,61.5,67.9,2,2.8,6.3
515,60073,3,2025-02-16,Dropped,,,49.8,,2,1.6,1.0
516,60073,4,2025-08-22,Completed,2025-08-25,3,61.5,74.7,1,4.1,1.3
517,60073,5,2025-08-04,Completed,2025-08-08,4,40.2,54.2,1,4.1,1.4
518,60073,6,2025-06-29,Completed,2025-07-07,8,58.8,76.2,1,3.8,2.8
519,60074,1,2025-08-06,Dropped,,,57.8,,1,1.9,1.9
520,60074,2,2025-11-15,Dropped,,,54.9,,2,1.7,2.1
521,60074,3,2025-02-19,Completed,2025-03-01,10,67.1,75.6,3,3.3,4.9
522,60074,4,2025-07-14,Completed,2025-07-18,4,62.4,83.3,2,4.9,1.1
523,60074,5,2025-06-11,Completed,2025-06-15,4,54.6,72.2,3,4.3,1.6
524,60074,6,2025-03-29,Completed,2025-04-05,7,75.6,95.3,1,3.9,3.2
525,60075,1,2025-10-02,In Progress,,,39.2,,2,2.8,2.7
526,60075,2,2025-04-23,Completed,2025-05-01,8,41.0,49.4,3,3.6,6.3
527,60075,3,2025-09-08,In Progress,,,58.2,,1,2.9,3.0
528,60075,4,2025-03-16,Completed,2025-03-21,5,46.1,53.0,2,3.5,0.9
529,60075,5,2025-07-09,Completed,2025-07-11,2,34.2,33.7,1,4.4,1.8
530,60075,9,2025-05-21,Completed,2025-06-04,14,55.9,73.9,2,3.9,3.0
531,60075,6,2025-10-08,Completed,2025-10-16,8,52.2,66.0,1,4.3,3.4
532,60075,7,2025-01-25,Completed,2025-02-03,9,61.5,79.0,1,3.6,2.9
533,60076,1,2025-06-16,In Progress,,,36.9,,3,2.0,4.0
534,60076,2,2025-08-01,Not Started,,,47.8,,0,,0.0
535,60076,3,2025-03-03,In Progress,,,43.6,,3,2.7,2.6
536,60076,4,2025-01-13,Completed,2025-01-16,3,80.4,96.6,2,5.0,1.2
537,60076,5,2025-08-31,Completed,2025-09-06,6,46.1,64.3,1,4.3,1.6
538,60076,6,2025-03-02,Completed,2025-03-16,14,70.9,87.6,1,4.1,3.6
539,60076,7,2025-03-23,Completed,2025-04-02,10,58.1,73.3,1,3.7,2.9
540,60076,9,2025-05-10,Completed,2025-05-18,8,55.5,68.5,1,3.3,3.8
541,60077,1,2025-05-11,Completed,2025-05-30,19,82.3,100.0,2,3.3,5.1
542,60077,2,2025-06-14,Not Started,,,67.4,,0,,0.0
543,60077,3,2025-10-05,Completed,2025-10-21,16,69.4,85.5,2,2.6,4.4
544,60077,4,2025-08-04,Completed,2025-08-06,2,79.3,95.6,1,4.9,0.9
545,60077,5,2025-08-14,Completed,2025-08-21,7,64.7,88.6,2,4.8,1.9
546,60077,7,2025-04-13,Completed,2025-04-18,5,58.6,77.8,2,4.1,2.7
547,60077,6,2025-04-20,Completed,2025-04-29,9,61.3,80.1,2,4.3,3.8
548,60077,10,2025-07-06,Completed,2025-07-27,21,52.5,75.3,1,4.4,6.0
549,60078,1,2025-05-25,Completed,2025-05-31,6,54.2,70.5,3,3.2,7.6
550,60078,2,2025-11-05,Completed,2025-11-21,16,55.6,61.5,2,2.9,7.0
551,60078,3,2025-03-01,Completed,2025-03-15,14,54.4,58.1,2,3.7,5.2
552,60078,4,2025-10-14,Completed,2025-10-21,7,54.7,76.3,2,5.0,1.1
553,60078,5,2025-08-31,Completed,2025-09-08,8,79.2,91.6,1,4.3,1.4
554,60078,9,2025-07-17,Completed,2025-07-27,10,56.4,79.6,2,4.4,3.7
555,60078,10,2025-05-10,In Progress,,,43.4,,1,4.2,3.3
556,60079,1,2025-08-15,Not Started,,,58.3,,0,,0.0
557,60079,2,2025-04-11,Completed,2025-04-30,19,60.7,62.0,1,3.3,5.3
558,60079,3,2025-06-14,Completed,2025-06-29,15,55.6,63.2,1,2.8,4.6
559,60079,4,2025-07-28,Completed,2025-07-30,2,63.8,83.9,2,3.9,1.0
560,60079,5,2025-04-03,Completed,2025-04-07,4,60.5,82.9,1,4.5,1.7
561,60079,9,2025-10-02,Completed,2025-10-14,12,51.1,54.5,1,3.3,3.5
562,60079,8,2025-03-18,Completed,2025-03-26,8,73.3,83.2,1,4.3,4.6
563,60080,1,2025-04-22,Dropped,,,72.8,,1,1.7,1.5
564,60080,2,2025-01-20,In Progress,,,75.1,,1,2.4,1.6
565,60080,3,2025-09-21,Completed,2025-09-30,9,62.3,71.7,1,2.6,4.8
566,60080,4,2025-08-17,Completed,2025-08-18,1,68.7,90.6,2,3.8,1.3
567,60080,5,2025-03-13,Completed,2025-03-19,6,75.6,97.9,2,4.0,1.5
568,60080,9,2025-03-16,Completed,2025-03-25,9,83.7,100.0,1,4.1,2.8
569,60080,8,2025-02-06,Completed,2025-02-15,9,73.1,80.8,2,4.7,3.4
570,60081,1,2025-08-07,Completed,2025-08-19,12,54.2,62.4,3,3.9,6.3
571,60081,2,2025-11-06,Completed,2025-11-27,21,63.2,61.8,2,3.1,6.7
572,60081,3,2025-04-06,Completed,2025-04-29,23,55.6,61.6,2,3.5,5.2
573,60081,4,2025-03-25,Completed,2025-03-26,1,46.3,62.8,1,3.9,1.1
574,60081,5,2025-05-30,Completed,2025-06-02,3,61.2,81.0,2,4.5,1.7
575,60081,8,2025-04-04,Completed,2025-04-13,9,64.3,70.4,1,3.7,4.8
576,60081,10,2025-07-06,In Progress,,,57.7,,1,3.8,2.0
577,60082,1,2025-03-19,In Progress,,,59.1,,1,2.3,1.5
578,60082,2,2025-03-06,Not Started,,,63.6,,0,,0.0
579,60082,3,2025-05-24,Completed,2025-06-04,11,49.8,53.9,2,3.4,5.3
580,60082,4,2025-02-20,Completed,2025-02-23,3,59.0,82.8,2,4.8,1.2
581,60082,5,2025-08-19,Completed,2025-08-25,6,42.5,63.6,2,4.2,1.5
582,60082,6,2025-02-21,Completed,2025-03-02,9,60.7,72.3,1,3.6,3.8
583,60083,1,2025-06-06,In Progress,,,64.2,,1,2.3,3.3
584,60083,2,2025-07-09,In Progress,,,50.5,,2,2.9,2.7
585,60083,3,2025-05-20,Dropped,,,64.4,,1,2.3,1.4
586,60083,4,2025-07-11,Completed,2025-07-12,1,62.8,79.9,1,4.3,1.2
587,60083,5,2025-03-13,Completed,2025-03-19,6,48.6,62.4,2,4.2,1.6
588,60083,8,2025-09-16,Completed,2025-09-27,11,83.8,100.0,1,3.5,3.5
589,60083,9,2025-04-27,Completed,2025-05-08,11,59.0,82.2,1,4.7,3.7
590,60084,1,2025-03-27,In Progress,,,72.2,,1,2.9,2.6
591,60084,2,2025-04-14,Completed,2025-04-21,7,42.5,50.8,2,3.6,6.6
592,60084,3,2025-09-26,Dropped,,,54.3,,2,1.9,0.8
593,60084,4,2025-07-04,Completed,2025-07-06,2,58.7,75.8,1,4.5,1.1
594,60084,5,2025-04-27,Completed,2025-05-01,4,48.4,66.0,1,3.9,1.4
595,60084,8,2025-09-28,Completed,2025-10-07,9,45.4,61.2,1,3.7,3.5
596,60084,6,2025-07-11,Completed,2025-07-23,12,47.7,54.7,2,3.3,3.8
597,60085,1,2025-11-18,Completed,2025-12-15,27,61.7,63.4,2,3.4,6.7
598,60085,2,2025-09-28,Completed,2025-10-14,16,60.6,67.0,2,3.4,6.2
599,60085,3,2025-05-12,Completed,2025-05-24,12,45.8,53.6,2,3.0,5.3
600,60085,4,2025-01-08,Completed,2025-01-12,4,63.7,81.2,1,4.0,1.3
601,60085,5,2025-08-03,Completed,2025-08-08,5,69.0,91.2,1,3.8,1.5
602,60085,9,2025-03-02,Completed,2025-03-07,5,55.7,73.3,1,3.8,3.6
603,60085,10,2025-10-26,Completed,2025-11-22,27,70.2,95.1,1,4.5,5.7
604,60086,1,2025-05-27,Completed,2025-06-06,10,57.5,63.8,3,3.5,7.0
605,60086,2,2025-10-05,In Progress,,,48.3,,3,3.2,2.3
606,60086,3,2025-07-02,Completed,2025-07-17,15,45.0,52.0,1,2.7,5.7
607,60086,4,2025-05-28,Completed,2025-06-01,4,57.7,73.9,2,4.2,1.0
608,60086,5,2025-03-22,Completed,2025-03-25,3,43.3,53.1,1,4.4,1.9
609,60086,9,2025-05-11,Dropped,,,63.7,,3,3.1,0.3
610,60086,7,2025-09-12,Completed,2025-09-18,6,53.1,69.3,2,4.7,2.4
611,60087,1,2025-07-01,In Progress,,,62.2,,2,2.4,4.1
612,60087,2,2025-10-11,Not Started,,,47.0,,0,,0.0
613,60087,3,2025-07-27,Completed,2025-08-17,21,66.5,68.0,2,3.0,4.5
614,60087,4,2025-10-14,Completed,2025-10-18,4,50.6,63.1,3,4.6,1.0
615,60087,5,2025-04-16,Completed,2025-04-19,3,70.3,91.8,1,5.0,1.7
616,60087,10,2025-10-31,Completed,2025-11-19,19,57.4,74.2,2,4.4,7.7
617,60088,1,2025-09-05,Dropped,,,80.8,,2,2.0,1.3
618,60088,2,2025-04-14,In Progress,,,44.7,,1,3.2,3.5
619,60088,3,2025-11-14,Completed,2025-11-29,15,52.0,60.9,1,3.6,5.5
620,60088,4,2025-02-28,Completed,2025-03-04,4,48.7,66.5,3,4.2,0.9
621,60088,5,2025-03-02,Completed,2025-03-08,6,66.1,79.1,1,4.7,1.5
622,60088,9,2025-06-14,Completed,2025-06-19,5,43.7,49.9,1,3.7,2.8
623,60089,1,2025-07-05,Not Started,,,41.1,,0,,0.0
624,60089,2,2025-10-09,Completed,2025-11-01,23,44.3,50.3,1,3.4,6.1
625,60089,3,2025-10-15,Completed,2025-11-03,19,69.3,72.6,4,3.1,3.9
626,60089,4,2025-09-14,Completed,2025-09-18,4,34.6,54.3,2,4.2,1.0
627,60089,5,2025-01-13,Completed,2025-01-18,5,61.7,83.1,1,4.7,1.5
628,60089,10,2025-02-22,Completed,2025-03-23,29,47.0,51.3,1,4.0,5.5
629,60089,9,2025-07-08,Completed,2025-07-17,9,68.6,85.7,2,3.4,3.4
630,60089,6,2025-08-12,Completed,2025-08-19,7,61.6,76.7,1,4.6,2.6
631,60090,1,2025-10-21,Not Started,,,52.7,,0,,0.0
632,60090,2,2025-10-02,In Progress,,,59.1,,2,2.3,3.4
633,60090,3,2025-02-10,Completed,2025-02-27,17,57.0,57.4,2,3.1,5.3
634,60090,4,2025-04-03,Completed,2025-04-04,1,43.7,65.3,3,4.2,1.0
635,60090,5,2025-01-26,Completed,2025-01-31,5,75.2,80.5,3,4.4,1.3
636,60090,7,2025-02-17,Completed,2025-02-24,7,71.3,78.4,1,5.0,2.3
637,60091,1,2025-08-25,In Progress,,,33.8,,2,2.6,3.2
638,60091,2,2025-05-02,Dropped,,,38.5,,2,1.0,0.3
639,60091,3,2025-06-01,Not Started,,,47.0,,0,,0.0
640,60091,4,2025-02-23,Completed,2025-02-25,2,46.1,61.9,1,4.5,0.9
641,60091,5,2025-05-31,Completed,2025-06-03,3,62.7,69.8,1,5.0,1.6
642,60091,7,2025-09-13,Completed,2025-09-20,7,46.3,58.0,2,3.6,3.0
643,60092,1,2025-09-03,Completed,2025-09-05,2,67.5,71.1,3,3.3,5.6
644,60092,2,2025-01-29,Completed,2025-02-22,24,48.3,50.2,2,3.0,6.2
645,60092,3,2025-07-21,Not Started,,,54.5,,0,,0.0
646,60092,4,2025-08-12,Completed,2025-08-15,3,42.4,55.7,2,4.3,1.2
647,60092,5,2025-05-28,Completed,2025-05-31,3,41.3,55.6,1,4.6,1.3
648,60092,6,2025-08-16,Completed,2025-08-24,8,53.8,68.3,2,4.2,3.7
649,60092,8,2025-03-04,Completed,2025-03-16,12,55.1,69.7,1,3.9,5.0
650,60092,10,2025-05-08,Completed,2025-05-27,19,60.2,79.0,1,4.1,5.3
651,60093,1,2025-03-30,In Progress,,,50.0,,3,1.4,3.0
652,60093,2,2025-04-27,Not Started,,,31.6,,0,,0.0
653,60093,3,2025-08-08,Completed,2025-08-22,14,37.9,43.5,1,3.1,4.8
654,60093,4,2025-08-13,Completed,2025-08-16,3,47.5,64.3,1,4.3,1.1
655,60093,5,2025-09-02,Completed,2025-09-07,5,43.3,52.8,2,3.8,1.4
656,60093,9,2025-06-07,Completed,2025-06-16,9,34.7,47.2,2,2.5,3.8
657,60093,7,2025-11-16,Completed,2025-11-27,11,30.0,34.3,2,4.1,2.8
658,60094,1,2025-03-10,Dropped,,,66.7,,2,2.2,1.1
659,60094,2,2025-01-28,Completed,2025-02-08,11,61.6,72.7,1,3.4,5.7
660,60094,3,2025-05-12,Not Started,,,65.0,,0,,0.0
661,60094,4,2025-05-09,Not Started,,,56.6,,0,,0.0
662,60094,5,2025-02-07,Completed,2025-02-12,5,63.9,87.7,1,4.9,1.4
663,60094,6,2025-06-16,Completed,2025-06-19,3,75.4,100.0,2,4.5,2.6
664,60094,7,2025-03-10,Completed,2025-03-16,6,84.4,100.0,1,5.0,2.7
665,60095,1,2025-08-28,Completed,2025-09-12,15,30.7,32.0,3,3.0,7.3
666,60095,2,2025-04-03,In Progress,,,58.2,,1,2.3,3.2
667,60095,3,2025-10-08,Completed,2025-11-01,24,35.9,34.4,2,2.9,5.1
668,60095,4,2025-01-22,Completed,2025-01-25,3,52.9,74.6,1,4.4,0.9
669,60095,5,2025-05-03,Completed,2025-05-06,3,34.1,57.1,2,4.2,1.6
670,60095,7,2025-09-01,Completed,2025-09-06,5,37.2,54.0,3,4.2,2.5
671,60095,10,2025-03-07,Completed,2025-03-31,24,45.4,64.8,1,5.0,6.3
672,60096,1,2025-08-22,Completed,2025-08-31,9,80.6,89.4,2,3.0,6.0
673,60096,2,2025-09-03,Completed,2025-09-28,25,67.6,81.5,2,2.6,6.0
674,60096,3,2025-10-12,In Progress,,,66.4,,2,2.7,2.2
675,60096,4,2025-06-05,Completed,2025-06-08,3,54.3,67.8,1,4.7,1.2
676,60096,5,2025-03-19,Completed,2025-03-22,3,54.8,72.8,1,4.3,1.8
677,60096,7,2025-10-01,Completed,2025-10-14,13,65.9,80.9,2,3.9,2.4
678,60096,6,2025-09-10,Completed,2025-09-17,7,69.9,87.2,1,4.3,2.9
679,60096,9,2025-10-28,Completed,2025-11-04,7,54.6,69.6,1,4.2,3.2
680,60097,1,2025-08-16,Completed,2025-09-16,31,53.9,61.0,3,3.4,5.8
681,60097,2,2025-04-11,Completed,2025-05-06,25,41.9,41.8,1,2.9,6.4
682,60097,3,2025-06-25,Completed,2025-07-01,6,49.5,53.9,2,3.5,4.3
683,60097,4,2025-03-23,Completed,2025-03-25,2,38.4,50.4,1,4.3,1.0
684,60097,5,2025-03-16,Completed,2025-03-21,5,49.1,66.2,1,4.0,1.7
685,60097,6,2025-10-07,In Progress,,,72.3,,1,3.4,2.0
686,60097,9,2025-07-05,Completed,2025-07-13,8,58.6,79.0,1,3.3,2.8
687,60098,1,2025-02-27,Completed,2025-03-14,15,75.7,85.2,1,2.7,7.7
688,60098,2,2025-02-25,Completed,2025-02-28,3,74.6,93.2,1,4.1,6.3
689,60098,3,2025-01-30,Completed,2025-02-06,7,76.9,98.1,1,2.8,5.3
690,60098,4,2025-05-14,Completed,2025-05-15,1,73.3,91.3,1,5.0,1.1
691,60098,5,2025-08-02,Completed,2025-08-05,3,78.2,100.0,1,4.3,1.6
692,60098,10,2025-06-09,Completed,2025-07-04,25,94.0,100.0,3,4.7,6.8
693,60098,9,2025-01-21,Not Started,,,67.3,,0,,0.0
694,60098,8,2025-07-30,Completed,2025-08-05,6,83.0,100.0,1,3.9,4.5
695,60099,1,2025-10-17,Completed,2025-10-30,13,77.6,85.7,2,3.5,5.8
696,60099,2,2025-04-11,Not Started,,,59.5,,0,,0.0
697,60099,3,2025-04-06,Completed,2025-04-12,6,58.1,67.2,2,3.4,4.4
698,60099,4,2025-04-16,Completed,2025-04-18,2,58.9,74.2,1,4.2,0.9
699,60099,5,2025-05-23,Completed,2025-05-26,3,49.4,62.2,1,4.3,1.4
700,60099,7,2025-06-11,Completed,2025-06-17,6,65.7,86.1,1,4.5,2.8
701,60099,9,2025-03-28,In Progress,,,63.7,,2,2.7,0.8
702,60100,1,2025-05-26,Completed,2025-06-11,16,39.6,46.5,3,3.5,6.8
703,60100,2,2025-04-28,Completed,2025-05-10,12,56.4,65.1,3,3.3,6.9
704,60100,3,2025-07-19,Completed,2025-08-03,15,62.3,68.1,2,3.3,4.7
705,60100,4,2025-07-12,Completed,2025-07-15,3,60.3,80.1,1,5.0,1.2
706,60100,5,2025-11-11,Completed,2025-11-14,3,40.5,61.9,1,3.9,1.8
707,60100,7,2025-06-12,Completed,2025-06-13,1,47.0,54.1,1,4.2,2.4
708,60101,1,2025-05-04,Completed,2025-05-20,16,70.2,79.1,1,3.0,5.2
709,60101,2,2025-04-19,Completed,2025-05-04,15,73.3,85.2,2,3.0,4.7
710,60101,3,2025-08-11,Completed,2025-08-25,14,74.2,80.0,1,3.2,5.4
711,60101,4,2025-01-16,Completed,2025-01-19,3,51.7,73.9,2,4.9,1.1
712,60101,5,2025-01-31,Completed,2025-02-04,4,62.4,85.3,1,4.7,1.6
713,60101,9,2025-04-06,Completed,2025-04-14,8,70.6,87.4,2,3.6,3.6
714,60101,8,2025-03-15,Completed,2025-03-26,11,59.1,72.6,2,3.6,4.1
715,60102,1,2025-09-05,Completed,2025-09-27,22,59.9,52.3,2,3.6,6.2
716,60102,2,2025-03-05,Completed,2025-03-20,15,58.8,61.2,3,2.7,6.8
717,60102,3,2025-02-25,In Progress,,,56.4,,2,2.8,2.0
718,60102,4,2025-01-20,Completed,2025-01-22,2,63.0,79.7,1,4.3,1.1
719,60102,5,2025-01-09,Completed,2025-01-12,3,70.4,89.5,1,4.8,1.9
720,60102,6,2025-05-06,Dropped,,,51.4,,3,2.9,0.7
721,60103,1,2025-09-09,Completed,2025-09-25,16,56.1,69.5,2,2.9,5.4
722,60103,2,2025-07-03,Completed,2025-07-18,15,89.8,100.0,2,2.9,5.3
723,60103,3,2025-02-08,Completed,2025-02-26,18,73.7,91.0,2,2.5,5.1
724,60103,4,2025-03-03,Completed,2025-03-06,3,71.5,100.0,2,4.6,1.1
725,60103,5,2025-02-04,Completed,2025-02-09,5,56.3,77.3,1,4.3,1.6
726,60103,6,2025-09-04,Completed,2025-09-16,12,80.3,100.0,1,3.8,3.2
727,60103,10,2025-10-18,Completed,2025-10-31,13,85.1,100.0,2,3.6,7.3
728,60104,1,2025-04-11,Not Started,,,56.3,,0,,0.0
729,60104,2,2025-01-18,In Progress,,,63.9,,2,3.3,1.7
730,60104,3,2025-07-19,Completed,2025-08-01,13,37.0,36.0,1,3.6,4.7
731,60104,4,2025-06-16,In Progress,,,52.6,,1,3.4,0.3
732,60104,5,2025-02-11,Completed,2025-02-17,6,61.8,81.2,2,4.8,1.3
733,60104,6,2025-10-31,Completed,2025-11-08,8,66.8,79.4,1,3.5,2.7
734,60104,7,2025-08-26,Completed,2025-09-01,6,66.1,83.6,1,4.5,2.5
735,60105,1,2025-07-21,In Progress,,,74.9,,2,2.6,4.1
736,60105,2,2025-06-07,Completed,2025-07-02,25,79.4,83.0,2,3.1,6.4
737,60105,3,2025-06-23,In Progress,,,73.6,,2,1.9,1.2
738,60105,4,2025-01-07,Completed,2025-01-10,3,69.0,83.4,2,4.7,0.9
739,60105,5,2025-10-25,Completed,2025-10-28,3,74.3,100.0,1,4.5,1.8
740,60105,8,2025-04-07,Completed,2025-04-13,6,59.8,71.2,1,3.2,3.5
741,60106,1,2025-05-20,Not Started,,,43.6,,0,,0.0
742,60106,2,2025-02-17,Completed,2025-03-06,17,68.5,72.5,2,3.9,5.7
743,60106,3,2025-03-25,Completed,2025-04-03,9,59.4,68.3,1,4.0,5.2
744,60106,4,2025-07-23,Completed,2025-07-26,3,59.9,75.7,2,4.0,1.0
745,60106,5,2025-02-06,Completed,2025-02-11,5,57.6,70.0,1,3.7,1.8
746,60106,6,2025-03-13,Completed,2025-04-01,19,53.7,60.5,2,3.6,3.1
747,60106,10,2025-07-14,Completed,2025-07-27,13,53.3,65.6,2,4.6,6.8
748,60107,1,2025-08-01,Completed,2025-08-23,22,62.3,62.0,2,3.0,7.0
749,60107,2,2025-07-16,Completed,2025-08-09,24,58.2,55.7,2,3.3,4.9
750,60107,3,2025-04-11,In Progress,,,40.2,,1,2.7,2.8
751,60107,4,2025-01-11,Completed,2025-01-13,2,51.3,65.2,1,5.0,1.2
752,60107,5,2025-05-22,Completed,2025-05-26,4,42.2,53.1,2,4.7,1.9
753,60107,8,2025-10-06,Completed,2025-10-15,9,41.0,54.9,3,3.9,4.6
754,60107,7,2025-09-12,Completed,2025-09-16,4,54.5,71.4,2,4.3,2.9
755,60108,1,2025-11-12,Not Started,,,56.4,,0,,0.0
756,60108,2,2025-02-11,Completed,2025-02-24,13,55.8,51.2,1,2.7,6.2
757,60108,3,2025-03-02,Not Started,,,51.4,,0,,0.0
758,60108,4,2025-05-27,Completed,2025-05-29,2,68.9,89.7,2,4.8,1.2
759,60108,5,2025-03-02,Completed,2025-03-07,5,59.4,78.5,1,4.0,1.7
760,60108,10,2025-09-29,Completed,2025-10-16,17,55.4,66.1,1,4.0,7.2
761,60108,9,2025-10-10,Completed,2025-10-22,12,61.4,83.3,1,4.2,3.8
762,60109,1,2025-04-18,Completed,2025-05-10,22,51.9,57.0,3,3.0,7.8
763,60109,2,2025-09-02,Completed,2025-09-22,20,45.4,45.4,1,3.1,6.5
764,60109,3,2025-06-07,In Progress,,,57.5,,1,2.9,2.4
765,60109,4,2025-01-18,Completed,2025-01-23,5,27.0,45.6,1,4.8,0.9
766,60109,5,2025-03-26,Completed,2025-04-02,7,41.6,56.3,2,3.5,1.3
767,60109,6,2025-01-10,Completed,2025-01-13,3,39.0,49.7,1,4.3,2.9
768,60109,9,2025-03-26,Completed,2025-03-30,4,27.3,43.8,2,3.6,3.7
769,60110,1,2025-10-07,In Progress,,,52.2,,2,2.8,2.8
770,60110,2,2025-07-28,Completed,2025-08-19,22,54.8,69.0,1,3.6,5.2
771,60110,3,2025-03-08,Dropped,,,67.7,,2,2.0,1.0
772,60110,4,2025-11-15,Completed,2025-11-19,4,57.1,77.1,2,4.5,1.2
773,60110,5,2025-03-04,Completed,2025-03-13,9,67.7,82.6,1,4.4,1.8
774,60110,6,2025-07-30,Completed,2025-08-05,6,74.0,89.5,2,4.3,3.0
775,60110,8,2025-02-17,Completed,2025-02-18,1,67.8,89.8,2,3.7,5.1
776,60111,1,2025-02-04,Completed,2025-02-15,11,56.8,62.1,1,3.1,7.5
777,60111,2,2025-11-07,Completed,2025-11-15,8,68.9,70.5,1,3.5,5.6
778,60111,3,2025-09-12,Completed,2025-09-24,12,64.9,81.2,1,3.9,3.8
779,60111,4,2025-01-26,Completed,2025-01-29,3,49.7,74.7,1,4.0,1.0
780,60111,5,2025-08-15,Completed,2025-08-18,3,71.1,93.0,1,4.0,1.5
781,60111,8,2025-11-14,Completed,2025-11-29,15,79.2,100.0,1,3.9,4.0
782,60111,7,2025-08-23,Completed,2025-08-31,8,53.2,76.2,1,4.0,2.2
783,60112,1,2025-07-22,In Progress,,,44.6,,1,2.8,3.6
784,60112,2,2025-09-14,Completed,2025-10-04,20,51.0,49.1,2,3.5,5.6
785,60112,3,2025-02-26,Dropped,,,47.7,,1,1.7,0.6
786,60112,4,2025-06-30,Completed,2025-07-04,4,51.7,62.3,1,4.6,0.9
787,60112,5,2025-06-05,Completed,2025-06-10,5,51.0,54.9,2,4.7,1.6
788,60112,6,2025-10-17,Completed,2025-10-26,9,45.7,53.0,1,4.1,2.8
789,60112,8,2025-06-23,Completed,2025-07-01,8,46.6,69.2,2,4.3,3.9
790,60113,1,2025-04-20,Not Started,,,51.1,,0,,0.0
791,60113,2,2025-03-29,Not Started,,,65.4,,0,,0.0
792,60113,3,2025-06-27,Dropped,,,74.1,,2,2.5,0.7
793,60113,4,2025-07-29,Completed,2025-07-31,2,61.6,76.9,1,4.6,1.3
794,60113,5,2025-03-21,Completed,2025-03-28,7,66.4,98.7,1,3.6,1.6
795,60113,7,2025-05-19,Completed,2025-05-31,12,62.5,75.2,1,4.6,2.9
796,60113,8,2025-07-06,Completed,2025-07-27,21,71.8,96.1,2,3.2,5.0
797,60114,1,2025-08-01,In Progress,,,48.6,,1,3.2,3.8
798,60114,2,2025-05-22,Completed,2025-06-20,29,52.9,56.5,2,2.8,4.8
799,60114,3,2025-01-22,Completed,2025-02-05,14,37.0,40.3,1,4.0,5.6
800,60114,4,2025-04-04,Completed,2025-04-08,4,42.1,50.8,1,5.0,1.1
801,60114,5,2025-02-19,Completed,2025-02-24,5,54.1,71.0,2,3.8,1.6
802,60114,6,2025-11-13,Completed,2025-11-25,12,50.2,58.8,2,3.9,2.7
803,60114,8,2025-10-16,Completed,2025-10-31,15,68.7,81.6,2,4.1,5.0
804,60114,10,2025-08-19,Completed,2025-09-10,22,45.5,63.3,2,3.6,5.8
805,60115,1,2025-05-14,Dropped,,,66.5,,2,2.3,1.8
806,60115,2,2025-07-10,Completed,2025-07-22,12,59.2,75.0,1,3.1,5.9
807,60115,3,2025-01-25,Completed,2025-02-04,10,66.3,79.9,3,3.8,5.4
808,60115,4,2025-06-29,Completed,2025-07-04,5,57.0,73.3,2,4.1,1.0
809,60115,5,2025-07-12,Completed,2025-07-17,5,39.7,60.9,2,4.1,1.9
810,60115,9,2025-10-21,Completed,2025-10-29,8,71.7,83.2,1,4.2,3.2
811,60115,10,2025-05-13,Completed,2025-05-31,18,63.9,82.3,2,4.3,5.9
812,60116,1,2025-11-03,Completed,2025-11-23,20,72.9,75.9,1,3.8,6.2
813,60116,2,2025-04-27,Dropped,,,66.6,,1,1.9,0.9
814,60116,3,2025-05-22,Completed,2025-06-07,16,57.4,70.5,2,3.6,4.0
815,60116,4,2025-09-06,Completed,2025-09-08,2,71.5,100.0,2,4.6,0.9
816,60116,5,2025-09-03,Completed,2025-09-08,5,87.5,100.0,1,4.6,1.6
817,60116,10,2025-04-29,Completed,2025-05-18,19,81.1,100.0,1,4.8,7.7
818,60116,7,2025-11-05,Completed,2025-11-12,7,76.4,97.1,1,5.0,2.4
819,60116,9,2025-08-18,Completed,2025-09-01,14,69.3,91.8,1,3.5,3.0
820,60117,1,2025-10-22,Completed,2025-10-27,5,67.4,72.1,3,3.1,6.9
821,60117,2,2025-03-10,In Progress,,,51.8,,2,2.5,2.6
822,60117,3,2025-03-30,In Progress,,,40.7,,1,2.8,2.5
823,60117,4,2025-05-22,Not Started,,,50.2,,0,,0.0
824,60117,5,2025-04-02,Completed,2025-04-07,5,62.4,81.2,1,4.3,1.9
825,60117,8,2025-11-01,Completed,2025-11-14,13,48.8,59.0,1,3.3,4.2
826,60118,1,2025-04-25,Completed,2025-05-13,18,90.5,92.4,1,2.9,7.0
827,60118,2,2025-10-18,Completed,2025-11-15,28,66.0,70.9,1,2.7,5.6
828,60118,3,2025-06-28,Completed,2025-07-05,7,75.2,78.9,1,3.2,5.4
829,60118,4,2025-08-20,Completed,2025-08-21,1,52.0,71.4,2,4.3,1.3
830,60118,5,2025-02-11,Completed,2025-02-18,7,77.2,100.0,1,4.3,1.6
831,60118,10,2025-07-10,Completed,2025-07-22,12,55.8,67.7,2,3.8,5.3
832,60119,1,2025-06-15,Completed,2025-06-27,12,47.6,55.1,2,3.6,6.6
833,60119,2,2025-07-20,Not Started,,,68.8,,0,,0.0
834,60119,3,2025-10-10,Completed,2025-10-27,17,48.3,58.2,2,3.1,4.9
835,60119,4,2025-04-26,Completed,2025-04-27,1,62.1,84.4,1,4.5,1.2
836,60119,5,2025-08-22,Completed,2025-08-27,5,43.5,58.3,2,4.0,1.6
837,60119,9,2025-10-07,Completed,2025-10-19,12,52.6,66.4,2,3.7,2.9
838,60119,6,2025-05-20,Completed,2025-05-24,4,50.9,64.8,1,4.9,3.5
839,60120,1,2025-10-29,Completed,2025-11-14,16,62.5,73.2,2,3.3,5.6
840,60120,2,2025-06-22,Not Started,,,71.8,,0,,0.0
841,60120,3,2025-10-30,In Progress,,,70.4,,2,2.2,2.3
842,60120,4,2025-10-27,Completed,2025-11-02,6,56.4,71.5,2,4.6,1.0
843,60120,5,2025-02-17,Completed,2025-02-18,1,78.5,90.7,1,4.3,1.4
844,60120,10,2025-04-26,Completed,2025-05-11,15,72.1,87.8,2,4.2,7.0
845,60120,6,2025-10-10,Completed,2025-10-18,8,78.4,94.0,1,4.1,3.8
846,60120,7,2025-07-23,Completed,2025-07-29,6,67.7,82.1,2,4.6,2.4
847,60121,1,2025-02-08,Completed,2025-03-02,22,50.2,56.2,1,3.6,7.1
848,60121,2,2025-09-26,Completed,2025-10-09,13,54.0,56.1,2,3.2,6.4
849,60121,3,2025-04-08,In Progress,,,56.3,,2,3.6,1.7
850,60121,4,2025-02-13,Completed,2025-02-16,3,58.9,71.6,2,4.4,1.2
851,60121,5,2025-07-01,Completed,2025-07-02,1,49.2,59.0,1,4.2,1.8
852,60121,8,2025-06-24,Completed,2025-07-07,13,52.8,66.9,1,3.1,5.1
853,60122,1,2025-03-24,Completed,2025-04-13,20,38.3,39.2,3,3.5,6.7
854,60122,2,2025-03-08,In Progress,,,49.3,,1,2.5,1.8
855,60122,3,2025-08-03,Dropped,,,43.9,,2,2.3,1.8
856,60122,4,2025-11-16,Completed,2025-11-17,1,61.8,74.7,1,4.7,1.1
857,60122,5,2025-02-26,Completed,2025-03-02,4,40.3,62.1,1,4.3,1.9
858,60122,7,2025-05-25,Completed,2025-05-30,5,49.7,61.3,2,4.6,3.1
859,60123,1,2025-02-18,Completed,2025-02-26,8,62.1,64.9,2,3.1,7.7
860,60123,2,2025-07-17,Completed,2025-07-31,14,55.0,59.3,2,3.9,6.7
861,60123,3,2025-10-07,Completed,2025-10-29,22,66.6,73.4,2,3.6,5.4
862,60123,4,2025-01-13,Completed,2025-01-17,4,53.1,70.8,1,4.8,0.9
863,60123,5,2025-10-30,Completed,2025-11-03,4,67.0,78.1,2,4.6,1.8
864,60123,6,2025-01-23,Completed,2025-01-28,5,59.9,78.5,1,4.0,3.4
865,60124,1,2025-06-11,In Progress,,,74.4,,2,2.1,2.2
866,60124,2,2025-10-22,Completed,2025-11-10,19,64.7,79.2,1,3.1,6.7
867,60124,3,2025-04-12,Not Started,,,70.6,,0,,0.0
868,60124,4,2025-11-09,Completed,2025-11-10,1,42.1,60.2,1,4.5,1.2
869,60124,5,2025-07-05,Completed,2025-07-11,6,73.3,90.9,1,4.9,1.4
870,60124,8,2025-03-22,Completed,2025-03-25,3,68.3,90.3,1,3.8,3.7
871,60124,7,2025-11-12,Completed,2025-11-20,8,80.6,100.0,1,3.5,3.2
872,60125,1,2025-01-07,Completed,2025-01-21,14,38.6,37.6,3,3.7,5.6
873,60125,2,2025-03-18,Completed,2025-03-29,11,50.9,55.3,4,3.2,6.1
874,60125,3,2025-08-07,Dropped,,,43.4,,2,1.7,0.9
875,60125,4,2025-04-28,Completed,2025-04-30,2,56.6,64.0,2,4.0,1.0
876,60125,5,2025-05-17,Completed,2025-05-21,4,55.9,73.3,2,3.9,1.6
877,60125,8,2025-06-27,Completed,2025-07-08,11,42.4,56.8,2,4.1,4.3
878,60125,9,2025-03-06,Completed,2025-03-12,6,44.2,57.1,1,3.5,3.1
879,60126,1,2025-01-11,Not Started,,,52.0,,0,,0.0
880,60126,2,2025-05-20,Completed,2025-06-18,29,55.1,62.8,2,3.5,5.9
881,60126,3,2025-11-07,Dropped,,,43.6,,2,2.1,1.7
882,60126,4,2025-01-29,Completed,2025-01-30,1,62.5,66.8,1,3.6,1.0
883,60126,5,2025-08-12,Completed,2025-08-17,5,49.2,54.1,1,4.3,1.7
884,60126,6,2025-02-18,Completed,2025-03-02,12,63.7,74.2,1,3.6,2.7
885,60127,1,2025-08-19,In Progress,,,58.1,,3,2.5,3.3
886,60127,2,2025-06-18,Completed,2025-07-01,13,64.7,67.8,2,3.3,6.6
887,60127,3,2025-10-19,Completed,2025-10-29,10,48.7,50.6,3,3.6,5.6
888,60127,4,2025-06-30,Completed,2025-07-03,3,48.3,63.1,1,4.3,1.3
889,60127,5,2025-01-29,Completed,2025-02-01,3,59.2,69.7,2,4.4,1.4
890,60127,10,2025-02-09,Completed,2025-02-21,12,59.2,82.7,2,4.2,6.3
891,60127,8,2025-01-19,Completed,2025-01-27,8,61.4,67.6,1,3.9,3.8
892,60127,9,2025-07-13,Dropped,,,47.8,,2,2.7,0.4
893,60128,1,2025-08-31,Dropped,,,60.5,,2,1.7,2.3
894,60128,2,2025-02-20,Not Started,,,65.7,,0,,0.0
895,60128,3,2025-08-03,Completed,2025-08-11,8,41.2,43.1,1,3.2,5.1
896,60128,4,2025-03-27,Completed,2025-03-29,2,46.3,69.3,2,4.4,1.2
897,60128,5,2025-08-04,Completed,2025-08-07,3,37.9,54.0,1,5.0,1.9
898,60128,9,2025-05-12,Completed,2025-05-23,11,46.2,50.5,1,3.2,3.5
899,60129,1,2025-06-09,Completed,2025-06-30,21,49.5,43.8,3,2.9,6.3
900,60129,2,2025-07-12,Completed,2025-07-30,18,27.7,23.0,2,2.5,6.6
901,60129,3,2025-09-04,Completed,2025-09-21,17,38.0,40.4,2,3.4,5.4
902,60129,4,2025-05-31,Completed,2025-06-03,3,44.3,58.8,1,4.4,1.1
903,60129,5,2025-08-21,Completed,2025-08-25,4,36.6,46.2,1,4.1,1.6
904,60129,10,2025-06-17,Completed,2025-07-01,14,53.5,66.3,2,4.5,5.5
905,60129,9,2025-07-25,Completed,2025-08-03,9,51.1,57.5,2,4.2,3.8
906,60130,1,2025-08-31,Dropped,,,55.8,,2,1.4,2.0
907,60130,2,2025-10-27,Completed,2025-11-24,28,56.3,63.9,1,3.3,4.8
908,60130,3,2025-03-27,Completed,2025-04-12,16,66.9,73.3,2,3.7,4.7
909,60130,4,2025-09-26,Completed,2025-09-28,2,72.2,92.8,1,5.0,1.1
910,60130,5,2025-01-24,Completed,2025-01-29,5,59.5,72.1,3,5.0,1.6
911,60130,10,2025-01-30,Completed,2025-02-24,25,41.8,42.8,2,4.3,6.8
912,60131,1,2025-09-09,Completed,2025-10-08,29,64.0,78.3,2,3.2,5.6
913,60131,2,2025-07-21,Completed,2025-08-16,26,62.4,67.0,2,3.0,6.5
914,60131,3,2025-05-28,Dropped,,,33.8,,2,1.9,0.7
915,60131,4,2025-05-08,Completed,2025-05-13,5,33.3,51.2,1,4.8,1.2
916,60131,5,2025-10-24,Completed,2025-10-29,5,42.4,52.1,2,4.5,1.4
917,60131,7,2025-07-25,Completed,2025-08-02,8,37.1,54.0,2,4.1,3.2
918,60131,8,2025-02-15,Completed,2025-03-07,20,46.8,70.2,3,5.0,5.1
919,60131,9,2025-08-01,Not Started,,,55.4,,0,,0.0
920,60132,1,2025-08-17,Completed,2025-09-04,18,70.1,80.1,3,2.2,5.8
921,60132,2,2025-08-28,Completed,2025-09-24,27,60.0,64.4,1,3.1,6.9
922,60132,3,2025-05-17,Not Started,,,73.5,,0,,0.0
923,60132,4,2025-10-03,Completed,2025-10-06,3,68.4,92.8,1,4.3,0.9
924,60132,5,2025-08-21,Completed,2025-08-25,4,48.7,69.3,1,4.3,1.4
925,60132,8,2025-11-05,In Progress,,,64.9,,2,3.9,2.0
926,60133,1,2025-10-11,Completed,2025-11-08,28,48.4,51.2,2,2.5,6.9
927,60133,2,2025-04-23,In Progress,,,70.5,,2,2.4,2.2
928,60133,3,2025-06-11,Not Started,,,66.0,,0,,0.0
929,60133,4,2025-09-03,Completed,2025-09-05,2,47.7,70.0,2,4.6,1.0
930,60133,5,2025-02-19,Completed,2025-02-23,4,65.9,83.8,2,4.9,1.8
931,60133,9,2025-03-03,Completed,2025-03-10,7,49.2,62.9,1,3.6,2.8
932,60133,8,2025-01-24,Completed,2025-02-11,18,45.1,63.3,1,4.6,5.2
933,60134,1,2025-01-06,Completed,2025-01-15,9,66.0,76.8,2,3.6,7.6
934,60134,2,2025-01-13,In Progress,,,73.1,,2,2.3,2.9
935,60134,3,2025-08-18,Completed,2025-08-26,8,82.2,89.1,2,3.6,4.2
936,60134,4,2025-10-06,Completed,2025-10-07,1,61.7,82.9,1,4.4,1.1
937,60134,5,2025-03-07,Completed,2025-03-10,3,62.1,87.2,4,4.8,1.7
938,60134,6,2025-11-07,Completed,2025-11-12,5,75.4,93.7,2,4.1,3.7
939,60134,7,2025-06-28,Dropped,,,65.0,,1,2.5,0.7
940,60134,8,2025-09-28,Completed,2025-10-13,15,59.7,77.6,1,3.6,4.2
941,60135,1,2025-07-01,Completed,2025-07-22,21,57.2,59.6,1,2.2,7.4
942,60135,2,2025-09-26,In Progress,,,48.4,,2,3.4,3.3
943,60135,3,2025-04-15,Completed,2025-04-25,10,36.5,39.6,2,3.7,3.9
944,60135,4,2025-11-05,Completed,2025-11-08,3,42.9,61.4,2,4.5,1.0
945,60135,5,2025-05-04,Completed,2025-05-08,4,44.0,67.1,2,5.0,1.7
946,60135,6,2025-06-25,Completed,2025-07-08,13,48.9,62.0,3,4.4,3.3
947,60135,10,2025-05-02,Completed,2025-05-21,19,38.8,52.9,3,4.8,5.7
948,60136,1,2025-04-23,Completed,2025-05-17,24,52.2,58.7,1,3.6,6.8
949,60136,2,2025-05-01,Completed,2025-05-11,10,75.6,81.1,2,2.7,4.8
950,60136,3,2025-05-31,Completed,2025-06-06,6,67.2,82.8,1,3.0,5.0
951,60136,4,2025-08-21,Completed,2025-08-24,3,71.6,95.9,2,4.6,1.0
952,60136,5,2025-08-28,Completed,2025-08-30,2,82.4,100.0,2,4.3,1.5
953,60136,7,2025-10-26,Completed,2025-11-08,13,78.2,93.8,2,4.3,2.4
954,60136,8,2025-01-18,Completed,2025-02-05,18,61.5,85.8,1,3.8,3.9
955,60137,1,2025-10-17,Completed,2025-11-07,21,56.8,61.1,1,3.9,7.0
956,60137,2,2025-10-19,Not Started,,,71.8,,0,,0.0
957,60137,3,2025-06-28,Not Started,,,60.2,,0,,0.0
958,60137,4,2025-02-05,Completed,2025-02-06,1,54.9,79.1,1,3.8,1.1
959,60137,5,2025-07-05,Completed,2025-07-08,3,82.9,100.0,1,3.8,1.9
960,60137,8,2025-01-25,Completed,2025-02-05,11,62.8,80.6,2,3.6,4.7
961,60137,6,2025-05-05,Dropped,,,58.5,,1,2.2,0.2
962,60137,9,2025-07-26,Completed,2025-08-04,9,64.4,80.2,1,4.3,2.8
963,60138,1,2025-09-25,Completed,2025-10-19,24,35.0,32.3,3,2.4,6.5
964,60138,2,2025-05-14,Completed,2025-06-07,24,60.8,55.9,2,3.4,5.5
965,60138,3,2025-04-22,Completed,2025-05-09,17,43.5,45.3,2,3.0,5.8
966,60138,4,2025-03-16,Completed,2025-03-18,2,48.9,54.9,1,4.8,1.3
967,60138,5,2025-08-14,Completed,2025-08-19,5,46.9,63.8,1,5.0,1.9
968,60138,8,2025-03-11,Completed,2025-03-18,7,41.8,49.5,2,3.4,4.5
969,60138,10,2025-03-12,Completed,2025-03-24,12,56.6,68.1,3,3.9,7.2
970,60139,1,2025-10-12,Not Started,,,64.2,,0,,0.0
971,60139,2,2025-05-16,Dropped,,,60.1,,3,1.3,0.5
972,60139,3,2025-03-31,Completed,2025-04-17,17,63.8,67.8,2,3.5,4.6
973,60139,4,2025-06-21,Completed,2025-06-22,1,65.6,80.7,1,4.6,1.2
974,60139,5,2025-05-23,Completed,2025-05-28,5,67.9,92.8,1,4.8,1.4
975,60139,7,2025-08-06,Completed,2025-08-15,9,54.5,71.2,2,4.1,2.8
976,60139,9,2025-09-17,Completed,2025-10-04,17,55.3,66.0,1,3.7,2.7
977,60140,1,2025-06-28,Completed,2025-07-31,33,44.8,55.6,2,3.4,5.7
978,60140,2,2025-08-24,Completed,2025-09-15,22,46.0,64.0,1,3.2,6.4
979,60140,3,2025-05-19,Completed,2025-06-01,13,28.3,28.0,2,2.4,5.0
980,60140,4,2025-05-04,Completed,2025-05-05,1,32.7,50.9,1,4.5,1.2
981,60140,5,2025-02-13,Completed,2025-02-19,6,43.3,66.4,2,4.8,1.5
982,60140,8,2025-11-13,Not Started,,,55.6,,0,,0.0
983,60141,1,2025-11-10,Completed,2025-11-30,20,36.2,36.6,2,3.6,5.6
984,60141,2,2025-09-03,Completed,2025-09-26,23,52.7,46.7,2,3.6,4.8
985,60141,3,2025-01-07,In Progress,,,33.5,,2,2.5,1.9
986,60141,4,2025-09-27,Completed,2025-09-30,3,46.0,57.5,2,3.6,1.3
987,60141,5,2025-03-28,Completed,2025-03-30,2,30.7,42.8,2,4.6,1.3
988,60141,8,2025-09-29,Completed,2025-10-07,8,56.9,62.1,2,4.5,5.1
989,60142,1,2025-03-04,Completed,2025-03-18,14,65.3,66.1,1,2.6,5.9
990,60142,2,2025-11-09,Completed,2025-11-30,21,64.4,62.8,1,2.8,6.0
991,60142,3,2025-07-06,In Progress,,,60.3,,2,2.5,2.1
992,60142,4,2025-11-10,Completed,2025-11-14,4,74.3,91.1,1,4.5,1.1
993,60142,5,2025-05-02,Completed,2025-05-05,3,67.2,81.0,1,4.1,1.7
994,60142,8,2025-07-22,Completed,2025-08-14,23,49.6,59.2,1,4.1,3.7
995,60142,6,2025-04-05,Completed,2025-04-17,12,44.9,64.7,1,4.5,3.6
996,60142,10,2025-01-08,Completed,2025-01-22,14,56.8,70.9,2,4.5,7.2
997,60143,1,2025-08-08,Not Started,,,58.7,,0,,0.0
998,60143,2,2025-05-21,In Progress,,,34.6,,1,3.2,2.6
999,60143,3,2025-04-30,Not Started,,,35.6,,0,,0.0
1000,60143,4,2025-10-13,Completed,2025-10-15,2,59.3,69.6,2,4.4,1.1
1001,60143,5,2025-07-18,Completed,2025-07-22,4,40.9,46.2,1,4.1,1.9
1002,60143,8,2025-10-28,Completed,2025-11-09,12,65.0,75.2,3,3.8,4.5
1003,60144,1,2025-04-28,In Progress,,,40.6,,3,2.3,2.0
1004,60144,2,2025-11-16,Completed,2025-11-30,14,58.8,59.7,2,3.0,7.0
1005,60144,3,2025-05-08,Completed,2025-05-28,20,52.0,61.3,2,3.5,5.0
1006,60144,4,2025-09-27,Completed,2025-09-29,2,52.8,63.7,1,3.7,1.0
1007,60144,5,2025-05-25,Completed,2025-05-29,4,30.6,51.3,2,4.4,1.8
1008,60144,7,2025-04-30,Completed,2025-05-06,6,47.8,62.2,3,4.8,2.7
1009,60144,6,2025-10-19,Completed,2025-10-22,3,53.9,67.4,3,3.7,3.0
1010,60145,1,2025-01-15,Completed,2025-02-13,29,40.5,42.2,2,3.0,6.6
1011,60145,2,2025-04-06,Completed,2025-04-17,11,58.6,65.7,3,3.4,6.1
1012,60145,3,2025-10-06,Not Started,,,44.6,,0,,0.0
1013,60145,4,2025-05-31,Completed,2025-06-02,2,46.4,53.5,2,4.1,0.9
1014,60145,5,2025-08-28,Completed,2025-09-01,4,58.2,77.3,2,4.0,1.8
1015,60145,9,2025-06-11,Completed,2025-06-14,3,52.2,55.0,1,3.3,3.7
1016,60145,8,2025-08-02,Completed,2025-08-16,14,40.9,54.6,1,4.1,5.0
1017,60146,1,2025-01-11,Not Started,,,68.3,,0,,0.0
1018,60146,2,2025-06-24,Not Started,,,46.0,,0,,0.0
1019,60146,3,2025-06-20,Completed,2025-06-28,8,55.9,63.0,3,3.4,4.4
1020,60146,4,2025-02-22,Completed,2025-02-23,1,39.9,55.8,1,4.9,1.3
1021,60146,5,2025-05-12,Completed,2025-05-17,5,68.0,81.7,1,4.8,1.8
1022,60146,10,2025-06-15,Completed,2025-06-27,12,56.0,73.6,1,3.9,7.4
1023,60147,1,2025-03-03,In Progress,,,48.5,,2,2.2,1.6
1024,60147,2,2025-04-30,In Progress,,,64.6,,1,3.0,2.2
1025,60147,3,2025-05-02,Completed,2025-05-14,12,51.9,52.8,3,3.2,4.9
1026,60147,4,2025-07-31,Completed,2025-08-03,3,73.3,90.6,1,4.0,1.0
1027,60147,5,2025-02-12,Completed,2025-02-16,4,53.0,73.2,1,5.0,1.4
1028,60147,9,2025-01-21,Dropped,,,71.7,,1,2.0,0.7
1029,60147,10,2025-09-08,Completed,2025-09-27,19,55.3,70.5,2,3.6,5.3
1030,60147,8,2025-10-05,Completed,2025-10-19,14,79.1,94.1,1,4.1,3.8
1031,60148,1,2025-04-26,Not Started,,,55.1,,0,,0.0
1032,60148,2,2025-03-12,Completed,2025-03-23,11,65.3,77.6,1,3.0,6.6
1033,60148,3,2025-06-25,Completed,2025-07-07,12,88.5,100.0,1,4.3,4.6
1034,60148,4,2025-03-11,Completed,2025-03-13,2,75.7,96.5,2,4.0,1.2
1035,60148,5,2025-09-26,Completed,2025-09-28,2,65.7,84.2,1,4.2,1.5
1036,60148,6,2025-05-19,Completed,2025-05-28,9,57.1,79.4,1,3.8,3.9
1037,60148,9,2025-07-03,Completed,2025-07-11,8,52.8,76.7,1,3.5,2.8
1038,60149,1,2025-09-21,Completed,2025-10-06,15,42.9,52.5,1,2.8,7.4
1039,60149,2,2025-06-07,Completed,2025-06-24,17,39.6,44.4,2,4.0,5.0
1040,60149,3,2025-04-17,Completed,2025-04-30,13,39.4,45.2,2,3.8,3.9
1041,60149,4,2025-06-08,Completed,2025-06-09,1,43.3,61.4,2,4.7,1.1
1042,60149,5,2025-02-15,Completed,2025-02-22,7,45.1,62.3,1,4.1,1.9
1043,60149,9,2025-11-11,Completed,2025-11-24,13,48.9,62.6,2,4.6,3.1
1044,60149,10,2025-04-08,Completed,2025-04-23,15,50.8,59.1,1,4.0,7.7
1045,60150,1,2025-03-22,In Progress,,,56.3,,3,2.3,3.0
1046,60150,2,2025-08-13,Completed,2025-08-15,2,43.9,48.9,1,2.5,5.5
1047,60150,3,2025-04-08,Completed,2025-04-15,7,54.3,48.3,2,2.2,4.9
1048,60150,4,2025-07-27,Completed,2025-07-30,3,39.7,58.8,1,3.7,1.1
1049,60150,5,2025-02-03,Not Started,,,55.3,,0,,0.0
1050,60150,6,2025-05-22,In Progress,,,62.0,,2,3.6,1.2
1051,60150,9,2025-02-24,Dropped,,,48.8,,3,2.7,1.2
1052,60150,8,2025-11-15,Completed,2025-11-30,15,56.6,65.3,2,5.0,4.5
1053,60151,1,2025-11-08,Completed,2025-11-28,20,55.1,58.4,2,3.2,7.5
1054,60151,2,2025-02-03,In Progress,,,44.8,,2,3.4,2.7
1055,60151,3,2025-04-16,In Progress,,,45.3,,2,2.6,2.8
1056,60151,4,2025-05-15,Completed,2025-05-16,1,58.3,72.7,1,4.7,1.2
1057,60151,5,2025-09-28,Completed,2025-10-01,3,53.0,78.1,2,4.8,1.6
1058,60151,9,2025-07-29,Not Started,,,50.5,,0,,0.0
1059,60151,8,2025-08-30,Completed,2025-09-05,6,58.9,83.7,2,3.8,5.1
1060,60152,1,2025-09-30,Completed,2025-10-17,17,72.3,74.8,2,2.8,7.8
1061,60152,2,2025-11-18,Completed,2025-12-02,14,44.1,56.5,2,3.1,5.0
1062,60152,3,2025-06-02,Completed,2025-06-10,8,51.0,57.1,1,3.2,4.2
1063,60152,4,2025-01-14,Completed,2025-01-18,4,46.1,78.6,1,4.5,1.3
1064,60152,5,2025-04-30,Completed,2025-05-04,4,57.4,81.2,1,4.5,1.9
1065,60152,10,2025-02-23,Dropped,,,61.5,,1,2.7,2.3
1066,60152,6,2025-10-28,Completed,2025-11-09,12,48.1,62.1,1,3.8,2.9
1067,60152,8,2025-04-03,Completed,2025-04-14,11,60.5,82.9,2,4.4,4.7
1068,60153,1,2025-11-09,Completed,2025-11-29,20,51.9,56.1,1,3.4,5.2
1069,60153,2,2025-11-13,Completed,2025-12-05,22,45.1,52.4,2,3.5,5.5
1070,60153,3,2025-07-16,Completed,2025-07-31,15,64.9,71.0,3,3.5,3.8
1071,60153,4,2025-06-16,Completed,2025-06-20,4,54.1,77.2,1,4.6,1.0
1072,60153,5,2025-07-09,Completed,2025-07-13,4,58.3,81.0,2,5.0,1.9
1073,60153,8,2025-03-10,Completed,2025-03-17,7,77.9,96.4,2,3.8,4.4
1074,60153,10,2025-03-18,Completed,2025-04-09,22,63.9,85.3,2,4.1,7.7
1075,60154,1,2025-10-15,Dropped,,,53.0,,2,3.0,1.1
1076,60154,2,2025-01-08,Completed,2025-02-03,26,65.9,66.8,2,3.2,4.7
1077,60154,3,2025-08-26,Not Started,,,50.1,,0,,0.0
1078,60154,4,2025-01-07,Completed,2025-01-09,2,61.6,85.6,1,4.5,0.9
1079,60154,5,2025-04-03,Completed,2025-04-04,1,49.3,61.5,1,3.9,1.4
1080,60154,9,2025-01-21,Completed,2025-02-02,12,38.5,48.2,2,4.1,3.6
1081,60154,7,2025-11-01,Completed,2025-11-08,7,45.6,54.6,1,4.0,2.7
1082,60155,1,2025-04-16,In Progress,,,68.1,,1,2.8,3.1
1083,60155,2,2025-04-18,Completed,2025-04-30,12,61.5,72.3,1,3.1,5.0
1084,60155,3,2025-02-03,Completed,2025-02-04,1,55.4,61.4,1,3.2,4.4
1085,60155,4,2025-02-27,Completed,2025-03-01,2,63.4,87.0,1,4.5,0.9
1086,60155,5,2025-10-31,Completed,2025-11-05,5,62.5,81.6,1,4.3,1.9
1087,60155,10,2025-08-24,Completed,2025-09-07,14,56.2,73.4,2,4.3,6.1
1088,60155,8,2025-01-29,Completed,2025-02-11,13,54.0,80.8,2,4.2,3.9
1089,60155,9,2025-08-11,In Progress,,,70.1,,1,2.1,0.9
1090,60156,1,2025-07-11,In Progress,,,69.5,,1,2.5,2.9
1091,60156,2,2025-11-18,Completed,2025-12-08,20,64.5,77.7,1,3.1,4.8
1092,60156,3,2025-08-22,Completed,2025-08-30,8,70.9,79.9,1,3.7,5.0
1093,60156,4,2025-06-02,Completed,2025-06-06,4,72.6,99.7,1,4.6,1.0
1094,60156,5,2025-03-10,Completed,2025-03-12,2,60.1,82.7,1,4.5,1.6
1095,60156,8,2025-06-05,Completed,2025-06-12,7,74.2,100.0,2,3.9,4.8
1096,60156,7,2025-06-13,Completed,2025-06-23,10,69.5,82.2,1,4.2,2.8
1097,60157,1,2025-08-15,Completed,2025-09-03,19,55.0,58.9,1,4.1,5.8
1098,60157,2,2025-11-05,Completed,2025-12-01,26,49.0,54.1,1,2.6,7.1
1099,60157,3,2025-11-08,In Progress,,,67.2,,1,2.8,2.9
1100,60157,4,2025-01-18,Completed,2025-01-21,3,78.4,91.0,1,4.8,0.9
1101,60157,5,2025-11-16,Completed,2025-11-19,3,81.5,100.0,2,4.8,1.4
1102,60157,8,2025-04-07,Completed,2025-04-15,8,52.6,65.9,3,4.2,5.0
1103,60157,6,2025-02-23,Completed,2025-03-05,10,70.5,86.2,2,4.1,2.7
1104,60158,1,2025-09-07,In Progress,,,53.7,,3,2.3,2.2
1105,60158,2,2025-05-26,Completed,2025-06-25,30,44.1,60.0,2,2.7,5.3
1106,60158,3,2025-09-24,Not Started,,,46.6,,0,,0.0
1107,60158,4,2025-04-02,Completed,2025-04-08,6,42.5,56.3,1,4.1,0.9
1108,60158,5,2025-10-11,Completed,2025-10-17,6,56.8,73.9,2,4.0,1.4
1109,60158,9,2025-11-07,Completed,2025-11-16,9,39.8,48.4,2,3.2,3.3
1110,60158,8,2025-04-19,Completed,2025-04-25,6,53.9,69.7,2,4.8,5.1
1111,60159,1,2025-11-09,In Progress,,,55.2,,2,2.0,2.9
1112,60159,2,2025-07-23,Completed,2025-08-11,19,50.1,57.3,2,3.1,6.3
1113,60159,3,2025-06-02,Completed,2025-06-25,23,57.2,62.1,1,3.9,4.9
1114,60159,4,2025-02-22,Completed,2025-02-25,3,71.6,84.3,1,4.5,1.0
1115,60159,5,2025-01-09,Completed,2025-01-16,7,58.7,86.2,1,5.0,1.4
1116,60159,7,2025-03-05,Completed,2025-03-10,5,59.7,84.0,2,3.5,3.2
1117,60160,1,2025-04-07,Completed,2025-04-29,22,60.4,54.4,2,3.4,6.3
1118,60160,2,2025-04-08,Completed,2025-04-24,16,46.7,49.8,2,2.7,5.6
1119,60160,3,2025-03-01,Completed,2025-03-16,15,41.6,33.5,2,3.1,4.6
1120,60160,4,2025-05-03,Completed,2025-05-06,3,50.6,56.8,2,4.4,1.2
1121,60160,5,2025-03-17,Completed,2025-03-20,3,58.8,83.7,1,4.3,1.4
1122,60160,8,2025-02-19,Completed,2025-02-27,8,74.8,76.0,1,4.1,4.0
1123,60161,1,2025-07-12,Not Started,,,51.7,,0,,0.0
1124,60161,2,2025-08-20,Not Started,,,59.3,,0,,0.0
1125,60161,3,2025-08-08,Completed,2025-08-22,14,49.4,61.3,3,3.0,4.2
1126,60161,4,2025-02-14,Completed,2025-02-17,3,46.8,68.6,1,4.7,0.9
1127,60161,5,2025-02-19,Completed,2025-02-26,7,42.7,61.1,1,4.1,1.8
1128,60161,6,2025-01-12,Completed,2025-01-19,7,52.8,66.1,1,4.7,3.0
1129,60162,1,2025-04-27,Completed,2025-05-17,20,60.6,65.2,2,3.7,6.7
1130,60162,2,2025-09-15,Completed,2025-09-25,10,52.8,57.4,3,3.3,6.8
1131,60162,3,2025-11-03,Completed,2025-11-14,11,47.5,47.2,2,2.8,4.9
1132,60162,4,2025-05-11,Completed,2025-05-13,2,50.9,61.7,2,4.3,1.1
1133,60162,5,2025-05-14,Completed,2025-05-18,4,47.9,67.0,3,5.0,1.8
1134,60162,9,2025-11-11,Completed,2025-11-22,11,64.9,67.1,1,3.5,3.3
1135,60162,7,2025-04-19,Completed,2025-04-22,3,65.5,73.1,1,4.1,3.2
1136,60163,1,2025-11-17,Completed,2025-11-30,13,62.6,69.0,2,3.7,5.2
1137,60163,2,2025-02-18,In Progress,,,60.5,,2,2.8,2.2
1138,60163,3,2025-09-13,Not Started,,,70.1,,0,,0.0
1139,60163,4,2025-02-27,Completed,2025-02-28,1,66.1,91.1,1,3.9,1.0
1140,60163,5,2025-07-07,Completed,2025-07-15,8,70.8,92.5,1,4.6,1.8
1141,60163,10,2025-11-08,Completed,2025-11-21,13,66.3,92.1,2,4.0,7.6
1142,60164,1,2025-07-07,Not Started,,,44.3,,0,,0.0
1143,60164,2,2025-03-03,Completed,2025-04-05,33,58.4,57.0,2,3.4,5.3
1144,60164,3,2025-09-25,Completed,2025-10-07,12,48.6,59.8,2,3.0,5.2
1145,60164,4,2025-03-27,Completed,2025-03-31,4,56.6,78.4,1,4.3,1.0
1146,60164,5,2025-07-26,Completed,2025-07-30,4,45.9,59.7,1,5.0,1.4
1147,60164,10,2025-08-20,Completed,2025-09-21,32,60.5,72.2,1,3.9,7.7
1148,60164,7,2025-02-20,Completed,2025-03-01,9,57.2,70.1,1,3.9,2.8
1149,60165,1,2025-06-24,Completed,2025-07-05,11,66.3,65.8,1,3.0,6.4
1150,60165,2,2025-11-03,Completed,2025-11-09,6,66.0,66.9,2,2.9,5.8
1151,60165,3,2025-01-21,Completed,2025-02-02,12,39.5,43.8,2,3.7,3.9
1152,60165,4,2025-09-08,Completed,2025-09-11,3,61.0,76.6,2,4.8,1.2
1153,60165,5,2025-01-28,Completed,2025-02-02,5,46.7,58.3,2,4.4,1.8
1154,60165,6,2025-03-24,Completed,2025-04-01,8,62.9,78.8,1,4.0,3.8
1155,60165,10,2025-05-29,Completed,2025-06-17,19,68.7,80.8,2,3.6,6.0
1156,60165,7,2025-03-06,Completed,2025-03-15,9,75.2,84.3,1,4.3,3.2
1157,60166,1,2025-03-24,Completed,2025-04-20,27,50.6,58.9,3,2.6,6.6
1158,60166,2,2025-04-21,In Progress,,,42.7,,2,1.7,2.6
1159,60166,3,2025-03-22,Completed,2025-04-07,16,47.8,48.5,1,3.0,5.2
1160,60166,4,2025-04-29,Completed,2025-05-02,3,55.4,73.3,2,5.0,1.1
1161,60166,5,2025-03-17,Completed,2025-03-23,6,58.4,74.8,1,5.0,1.5
1162,60166,10,2025-05-25,Completed,2025-06-10,16,58.3,69.3,1,4.2,5.9
1163,60166,7,2025-09-02,Completed,2025-09-06,4,70.7,81.7,2,4.4,3.1
1164,60166,6,2025-06-04,Completed,2025-06-13,9,34.0,44.1,1,4.3,3.5
1165,60167,1,2025-07-03,Dropped,,,34.5,,2,2.4,0.6
1166,60167,2,2025-06-28,Completed,2025-07-13,15,47.5,42.0,3,3.4,6.7
1167,60167,3,2025-03-06,Not Started,,,31.8,,0,,0.0
1168,60167,4,2025-04-07,Completed,2025-04-09,2,55.4,73.7,1,4.3,1.2
1169,60167,5,2025-06-26,Completed,2025-06-29,3,41.1,58.7,2,5.0,1.8
1170,60167,8,2025-08-26,Completed,2025-09-06,11,35.6,59.4,3,4.4,4.7
1171,60167,10,2025-05-10,Completed,2025-05-29,19,56.7,68.2,1,3.6,6.2
1172,60168,1,2025-08-11,Completed,2025-09-06,26,37.7,39.0,4,3.5,5.4
1173,60168,2,2025-06-18,Completed,2025-06-27,9,45.8,42.7,2,3.3,5.3
1174,60168,3,2025-03-04,Dropped,,,50.9,,2,2.2,1.6
1175,60168,4,2025-05-11,In Progress,,,41.4,,1,2.9,0.5
1176,60168,5,2025-10-28,Completed,2025-11-02,5,39.4,61.7,2,4.5,1.6
1177,60168,7,2025-10-31,Completed,2025-11-06,6,24.4,33.0,1,4.7,2.1
1178,60168,10,2025-10-05,Completed,2025-11-01,27,48.2,57.2,2,4.2,7.5
1179,60169,1,2025-03-12,In Progress,,,54.3,,3,2.5,3.9
1180,60169,2,2025-09-05,Completed,2025-09-17,12,62.5,74.9,3,3.3,6.3
1181,60169,3,2025-04-06,Completed,2025-04-27,21,40.8,50.2,1,3.3,5.7
1182,60169,4,2025-04-04,Completed,2025-04-07,3,61.5,86.8,3,4.4,1.0
1183,60169,5,2025-01-28,Completed,2025-02-03,6,59.2,80.3,1,4.8,1.5
1184,60169,7,2025-11-17,Completed,2025-11-28,11,66.6,78.1,2,4.2,2.4
1185,60169,9,2025-06-02,Completed,2025-06-10,8,61.8,71.1,1,3.2,3.3
1186,60170,1,2025-03-27,Completed,2025-04-18,22,60.8,63.9,1,3.8,6.1
1187,60170,2,2025-01-25,In Progress,,,64.3,,1,3.1,2.2
1188,60170,3,2025-10-25,Completed,2025-11-09,15,57.0,64.6,1,2.9,4.7
1189,60170,4,2025-07-08,Completed,2025-07-12,4,62.7,80.0,1,3.6,1.0
1190,60170,5,2025-06-26,Completed,2025-07-01,5,57.4,76.2,2,4.6,1.9
1191,60170,9,2025-01-22,Completed,2025-01-29,7,72.1,86.4,1,3.8,3.8
1192,60170,8,2025-02-20,Completed,2025-03-04,12,69.7,80.2,2,4.2,5.0
1193,60171,1,2025-10-06,Not Started,,,61.3,,0,,0.0
1194,60171,2,2025-02-26,Completed,2025-03-07,9,56.3,61.8,1,3.1,5.6
1195,60171,3,2025-06-11,Completed,2025-06-27,16,55.5,64.4,1,3.5,5.3
1196,60171,4,2025-02-24,Completed,2025-02-27,3,76.7,100.0,1,4.5,1.1
1197,60171,5,2025-10-15,Completed,2025-10-21,6,55.2,68.7,1,4.5,1.9
1198,60171,6,2025-10-31,Completed,2025-11-07,7,69.2,90.6,2,3.7,3.8
1199,60171,8,2025-03-30,Completed,2025-04-16,17,59.7,80.2,1,3.9,3.5
1200,60172,1,2025-09-22,Completed,2025-10-14,22,56.9,66.6,2,3.5,6.4
1201,60172,2,2025-04-29,Completed,2025-05-29,30,44.4,61.4,3,3.0,5.0
1202,60172,3,2025-11-01,In Progress,,,65.0,,1,3.4,2.0
1203,60172,4,2025-03-23,Completed,2025-03-25,2,66.0,83.8,2,4.8,0.9
1204,60172,5,2025-09-07,Completed,2025-09-11,4,49.9,62.1,3,4.5,1.9
1205,60172,10,2025-09-01,Completed,2025-09-15,14,45.1,57.8,3,4.9,6.4
1206,60172,8,2025-04-26,Completed,2025-05-04,8,57.4,66.7,1,4.0,4.8
1207,60172,6,2025-04-19,Completed,2025-04-30,11,77.3,95.6,2,3.8,3.6
1208,60173,1,2025-03-31,Completed,2025-04-10,10,60.6,56.1,2,2.9,5.2
1209,60173,2,2025-07-20,Completed,2025-08-12,23,49.5,49.3,3,4.0,5.5
1210,60173,3,2025-08-30,Completed,2025-09-08,9,50.1,54.1,1,3.5,4.1
1211,60173,4,2025-03-29,Completed,2025-04-01,3,42.8,51.8,3,5.0,1.3
1212,60173,5,2025-03-01,Completed,2025-03-03,2,57.3,70.2,1,3.8,1.4
1213,60173,6,2025-04-17,Completed,2025-04-27,10,45.0,54.5,3,4.1,3.7
1214,60173,10,2025-06-23,Completed,2025-07-17,24,55.4,62.9,3,3.6,6.0
1215,60173,7,2025-01-27,Completed,2025-02-02,6,56.6,76.9,1,4.0,3.0
1216,60174,1,2025-08-19,Completed,2025-09-01,13,63.0,73.8,2,2.9,5.4
1217,60174,2,2025-07-01,Completed,2025-07-23,22,61.2,74.3,1,2.7,5.8
1218,60174,3,2025-08-12,Completed,2025-08-26,14,62.1,58.4,2,3.4,5.3
1219,60174,4,2025-09-17,Completed,2025-09-21,4,62.3,74.2,1,4.9,1.1
1220,60174,5,2025-02-17,Completed,2025-02-22,5,65.4,81.5,1,4.3,1.9
1221,60174,7,2025-01-22,Completed,2025-02-01,10,57.2,86.6,1,3.9,2.9
1222,60174,9,2025-04-18,Completed,2025-04-23,5,58.1,71.9,1,3.8,3.7
1223,60174,10,2025-01-31,Dropped,,,78.1,,1,2.7,2.3
1224,60175,1,2025-02-26,Completed,2025-03-22,24,57.0,70.0,1,2.3,6.7
1225,60175,2,2025-02-08,Completed,2025-03-05,25,69.0,72.4,3,2.9,5.0
1226,60175,3,2025-04-25,In Progress,,,79.5,,2,2.8,2.7
1227,60175,4,2025-07-10,Completed,2025-07-12,2,49.6,70.4,1,5.0,1.2
1228,60175,5,2025-01-10,Completed,2025-01-18,8,61.2,79.2,1,3.6,1.5
1229,60175,7,2025-06-20,Completed,2025-06-27,7,43.7,60.7,2,3.5,2.4
1230,60175,10,2025-09-02,Dropped,,,62.5,,2,2.7,2.3
1231,60175,9,2025-02-28,Completed,2025-03-09,9,66.3,83.1,3,3.4,2.7
1232,60176,1,2025-07-17,Dropped,,,68.4,,3,1.3,0.4
1233,60176,2,2025-11-03,In Progress,,,46.6,,3,2.6,1.8
1234,60176,3,2025-10-23,Completed,2025-11-05,13,55.5,50.6,1,3.6,5.7
1235,60176,4,2025-03-22,Completed,2025-03-24,2,56.6,76.8,2,5.0,1.0
1236,60176,5,2025-09-21,Completed,2025-09-24,3,59.4,74.9,1,4.6,1.6
1237,60176,10,2025-07-07,Completed,2025-07-17,10,29.8,38.8,2,4.4,7.6
1238,60176,9,2025-08-22,Completed,2025-09-05,14,40.7,56.2,1,3.6,3.8
1239,60176,6,2025-08-23,Completed,2025-09-02,10,62.5,76.5,1,4.6,2.8
1240,60177,1,2025-11-03,Not Started,,,49.8,,0,,0.0
1241,60177,2,2025-03-08,In Progress,,,39.3,,2,2.8,2.6
1242,60177,3,2025-10-22,Completed,2025-11-05,14,37.6,36.1,2,3.2,5.3
1243,60177,4,2025-08-15,Completed,2025-08-16,1,37.0,54.6,1,4.7,1.3
1244,60177,5,2025-11-14,Completed,2025-11-18,4,49.5,62.0,1,4.4,1.7
1245,60177,10,2025-07-28,Completed,2025-08-17,20,21.9,34.1,2,4.3,6.0
1246,60177,9,2025-02-09,Completed,2025-02-14,5,59.0,70.1,2,3.9,3.2
1247,60178,1,2025-05-04,Not Started,,,58.2,,0,,0.0
1248,60178,2,2025-07-20,In Progress,,,59.9,,2,2.8,1.8
1249,60178,3,2025-10-07,Completed,2025-10-22,15,64.9,67.9,1,3.7,3.9
1250,60178,4,2025-06-19,Completed,2025-06-21,2,64.0,85.4,1,4.0,1.0
1251,60178,5,2025-08-05,Completed,2025-08-10,5,80.5,100.0,1,4.9,1.9
1252,60178,6,2025-06-13,Completed,2025-06-21,8,52.2,70.3,1,3.9,3.3
1253,60178,7,2025-07-27,Completed,2025-07-31,4,68.5,91.5,1,4.2,2.9
1254,60178,8,2025-01-29,Completed,2025-02-09,11,65.6,76.1,1,4.6,4.7
1255,60179,1,2025-05-28,Dropped,,,73.7,,1,1.9,1.6
1256,60179,2,2025-04-02,Completed,2025-04-11,9,67.5,77.3,2,3.0,7.0
1257,60179,3,2025-11-17,Completed,2025-12-03,16,51.9,57.5,3,3.1,5.3
1258,60179,4,2025-10-12,Completed,2025-10-15,3,51.9,68.5,1,4.0,1.2
1259,60179,5,2025-04-29,Completed,2025-05-04,5,60.7,80.4,1,4.0,1.5
1260,60179,8,2025-04-30,In Progress,,,65.5,,1,2.8,1.5
1261,60179,6,2025-08-22,Completed,2025-09-01,10,61.6,79.9,1,4.1,3.7
1262,60180,1,2025-08-17,In Progress,,,55.0,,3,1.9,3.0
1263,60180,2,2025-03-12,Completed,2025-03-31,19,66.5,75.8,1,2.6,6.1
1264,60180,3,2025-09-02,Completed,2025-09-10,8,57.0,52.5,2,3.0,3.9
1265,60180,4,2025-10-04,Completed,2025-10-06,2,72.4,82.1,1,4.7,1.1
1266,60180,5,2025-06-17,Completed,2025-06-22,5,64.1,81.1,2,4.9,1.3
1267,60180,9,2025-02-14,Dropped,,,48.1,,1,2.0,0.6
1268,60180,8,2025-04-17,Completed,2025-04-25,8,55.5,71.8,1,4.1,4.5
1269,60181,1,2025-11-02,Completed,2025-11-21,19,54.7,65.7,2,2.7,7.7
1270,60181,2,2025-09-05,Completed,2025-09-20,15,62.0,70.2,2,3.4,4.7
1271,60181,3,2025-04-06,In Progress,,,46.7,,1,2.3,2.3
1272,60181,4,2025-07-12,Completed,2025-07-14,2,61.5,83.7,2,4.1,1.0
1273,60181,5,2025-08-27,Completed,2025-08-28,1,58.4,76.5,1,4.7,1.8
1274,60181,10,2025-10-13,Completed,2025-11-07,25,46.0,57.7,3,4.0,5.5
1275,60181,9,2025-03-19,Completed,2025-04-01,13,48.4,53.8,2,3.6,3.4
1276,60181,6,2025-03-07,Completed,2025-03-15,8,61.6,76.1,2,3.5,3.7
1277,60182,1,2025-09-06,In Progress,,,37.3,,3,2.7,1.7
1278,60182,2,2025-05-09,Dropped,,,47.6,,2,1.8,0.7
1279,60182,3,2025-02-12,Completed,2025-02-20,8,27.0,26.0,3,3.4,4.6
1280,60182,4,2025-02-10,Completed,2025-02-14,4,35.5,42.5,1,4.6,1.1
1281,60182,5,2025-03-17,Completed,2025-03-22,5,20.4,37.4,2,4.5,1.7
1282,60182,8,2025-03-18,Completed,2025-04-05,18,43.7,52.5,3,3.6,3.8
1283,60183,1,2025-11-12,Completed,2025-12-01,19,57.1,72.7,3,4.1,6.8
1284,60183,2,2025-01-09,Completed,2025-01-17,8,55.4,51.9,1,3.2,6.5
1285,60183,3,2025-08-21,Completed,2025-08-30,9,66.0,78.3,3,3.1,4.2
1286,60183,4,2025-05-07,Completed,2025-05-09,2,61.5,81.5,1,4.3,1.0
1287,60183,5,2025-03-23,Completed,2025-03-26,3,65.4,81.0,1,4.2,1.9
1288,60183,6,2025-03-11,Completed,2025-03-22,11,67.0,84.9,3,4.3,3.4
1289,60183,9,2025-08-01,Completed,2025-08-09,8,51.4,68.3,2,3.3,3.2
1290,60183,10,2025-11-07,Completed,2025-11-15,8,65.2,79.2,3,3.8,7.4
1291,60184,1,2025-04-27,Completed,2025-05-25,28,71.3,78.3,2,3.4,6.2
1292,60184,2,2025-07-01,Completed,2025-07-22,21,46.5,46.2,3,3.4,5.3
1293,60184,3,2025-09-21,Completed,2025-10-04,13,60.5,62.1,1,2.6,5.0
1294,60184,4,2025-01-30,Completed,2025-02-03,4,53.6,68.9,3,4.3,1.3
1295,60184,5,2025-01-26,Completed,2025-01-31,5,62.7,79.5,1,4.5,1.4
1296,60184,8,2025-04-29,Completed,2025-05-13,14,61.0,79.7,2,3.7,4.1
1297,60185,1,2025-11-17,In Progress,,,63.0,,1,2.5,3.5
1298,60185,2,2025-10-13,Completed,2025-10-29,16,66.5,76.2,1,3.4,4.9
1299,60185,3,2025-09-13,Completed,2025-09-28,15,73.1,86.6,1,3.0,3.9
1300,60185,4,2025-05-12,Completed,2025-05-15,3,79.7,94.1,2,4.5,1.2
1301,60185,5,2025-05-14,Completed,2025-05-19,5,76.8,100.0,1,4.2,1.9
1302,60185,7,2025-01-30,Completed,2025-02-04,5,64.4,79.2,2,4.3,2.4
1303,60186,1,2025-01-23,Completed,2025-02-10,18,66.0,76.9,2,2.9,6.6
1304,60186,2,2025-02-27,Completed,2025-03-10,11,80.0,92.0,2,3.8,6.7
1305,60186,3,2025-04-25,Completed,2025-05-09,14,73.7,81.5,1,2.6,5.4
1306,60186,4,2025-08-14,Completed,2025-08-15,1,55.9,71.4,1,4.2,1.0
1307,60186,5,2025-02-03,Completed,2025-02-09,6,70.2,92.9,1,4.8,1.6
1308,60186,9,2025-07-04,Completed,2025-07-08,4,73.1,95.3,2,3.7,3.8
1309,60186,8,2025-03-27,Dropped,,,51.6,,2,2.9,0.7
1310,60186,10,2025-03-20,In Progress,,,56.6,,2,3.9,3.2
1311,60187,1,2025-02-01,Completed,2025-02-15,14,47.1,52.4,2,3.6,6.4
1312,60187,2,2025-09-10,In Progress,,,54.0,,2,2.6,1.6
1313,60187,3,2025-04-07,Not Started,,,49.3,,0,,0.0
1314,60187,4,2025-02-06,Completed,2025-02-09,3,56.6,69.8,1,4.4,1.0
1315,60187,5,2025-09-21,Completed,2025-09-25,4,49.7,66.9,2,4.5,1.6
1316,60187,9,2025-05-30,Completed,2025-06-07,8,57.9,67.7,2,3.2,3.1
1317,60187,6,2025-06-15,Completed,2025-06-25,10,55.0,78.0,2,4.1,2.7
1318,60187,7,2025-09-14,Completed,2025-09-22,8,48.9,66.2,1,4.6,2.6
1319,60188,1,2025-11-07,In Progress,,,51.8,,1,2.6,2.9
1320,60188,2,2025-08-29,Completed,2025-09-19,21,65.7,73.4,3,3.3,5.3
1321,60188,3,2025-06-07,Completed,2025-06-11,4,69.9,78.4,1,3.5,4.2
1322,60188,4,2025-06-25,Completed,2025-06-27,2,65.7,68.4,1,4.6,1.1
1323,60188,5,2025-03-13,Completed,2025-03-16,3,46.9,64.9,2,4.3,1.8
1324,60188,7,2025-08-21,Completed,2025-08-27,6,43.9,58.6,1,3.8,2.9
1325,60188,10,2025-05-21,Completed,2025-06-09,19,67.7,81.8,1,4.1,6.6
1326,60189,1,2025-01-29,Completed,2025-02-20,22,56.0,60.4,2,3.0,5.9
1327,60189,2,2025-10-14,Completed,2025-11-07,24,64.4,67.6,1,3.2,5.1
1328,60189,3,2025-07-25,Completed,2025-07-31,6,78.5,88.6,3,3.1,5.6
1329,60189,4,2025-02-18,Completed,2025-02-19,1,48.8,68.0,1,4.1,0.9
1330,60189,5,2025-02-10,Completed,2025-02-15,5,73.9,91.0,1,4.9,1.9
1331,60189,10,2025-11-10,Not Started,,,64.3,,0,,0.0
1332,60189,6,2025-09-18,Completed,2025-09-30,12,56.5,67.1,1,4.3,3.3
1333,60189,8,2025-08-29,Completed,2025-09-15,17,64.9,78.5,3,4.5,5.2
1334,60190,1,2025-02-21,Completed,2025-03-18,25,60.4,81.5,2,4.0,6.3
1335,60190,2,2025-01-28,Completed,2025-02-16,19,65.7,68.4,2,3.5,5.5
1336,60190,3,2025-02-26,Completed,2025-03-09,11,46.4,53.8,2,3.3,4.2
1337,60190,4,2025-04-08,Completed,2025-04-09,1,61.9,90.4,2,4.6,1.0
1338,60190,5,2025-03-01,Completed,2025-03-02,1,54.8,64.5,2,4.8,1.5
1339,60190,9,2025-04-21,Completed,2025-04-30,9,45.8,51.4,2,3.9,2.8
1340,60190,7,2025-05-17,Completed,2025-05-26,9,50.5,62.5,2,5.0,2.4
1341,60190,10,2025-11-13,Completed,2025-11-23,10,56.8,75.9,2,3.9,7.4
1342,60191,1,2025-06-24,Completed,2025-07-06,12,54.6,58.7,3,2.4,5.3
1343,60191,2,2025-11-16,In Progress,,,60.1,,2,2.1,3.5
1344,60191,3,2025-05-03,In Progress,,,67.4,,2,2.5,1.9
1345,60191,4,2025-08-19,Completed,2025-08-21,2,60.6,78.2,1,3.8,0.9
1346,60191,5,2025-04-30,Completed,2025-05-04,4,63.2,87.2,1,4.1,1.6
1347,60191,9,2025-09-12,Completed,2025-09-23,11,55.7,63.0,1,3.7,2.7
1348,60191,6,2025-02-26,Not Started,,,57.3,,0,,0.0
1349,60192,1,2025-08-07,Completed,2025-09-04,28,58.5,75.5,1,2.9,7.2
1350,60192,2,2025-04-21,Dropped,,,54.6,,2,1.9,1.0
1351,60192,3,2025-05-18,Completed,2025-06-02,15,59.2,61.1,1,2.8,4.5
1352,60192,4,2025-10-21,Completed,2025-10-24,3,69.2,87.2,1,4.8,1.2
1353,60192,5,2025-04-13,Completed,2025-04-18,5,72.1,91.3,1,4.3,1.4
1354,60192,6,2025-03-23,Completed,2025-03-28,5,70.3,90.0,1,3.4,3.2
1355,60192,8,2025-04-13,Completed,2025-04-21,8,46.6,63.1,2,4.1,4.3
1356,60193,1,2025-02-17,In Progress,,,57.9,,1,2.5,3.8
1357,60193,2,2025-04-01,In Progress,,,75.8,,2,2.6,2.6
1358,60193,3,2025-03-14,Completed,2025-03-29,15,63.1,73.1,1,3.6,5.1
1359,60193,4,2025-01-31,Completed,2025-02-02,2,64.2,85.3,3,4.0,1.1
1360,60193,5,2025-03-18,Completed,2025-03-22,4,74.9,89.3,1,4.7,1.7
1361,60193,8,2025-03-20,Dropped,,,78.9,,2,2.1,0.5
1362,60193,9,2025-11-01,Completed,2025-11-04,3,60.8,73.3,1,4.3,2.8
1363,60193,6,2025-06-14,Completed,2025-06-24,10,57.8,69.7,2,4.2,3.4
1364,60194,1,2025-01-29,Completed,2025-02-22,24,83.4,95.1,2,3.5,5.8
1365,60194,2,2025-10-12,Completed,2025-11-02,21,70.5,75.6,2,3.0,5.3
1366,60194,3,2025-05-18,Completed,2025-06-04,17,58.7,66.0,1,3.1,4.2
1367,60194,4,2025-10-24,Completed,2025-10-28,4,70.5,84.7,2,4.0,0.9
1368,60194,5,2025-10-10,Completed,2025-10-14,4,61.1,77.4,1,4.3,1.8
1369,60194,9,2025-01-29,Completed,2025-02-03,5,71.0,82.8,3,3.7,3.0
1370,60194,10,2025-06-18,Completed,2025-07-02,14,80.8,100.0,2,4.1,6.3
1371,60194,8,2025-10-15,Completed,2025-10-29,14,78.3,99.9,1,4.7,4.9
1372,60195,1,2025-01-22,Completed,2025-02-09,18,59.4,59.3,2,3.3,5.7
1373,60195,2,2025-11-14,Completed,2025-12-04,20,48.0,45.6,2,3.1,6.9
1374,60195,3,2025-10-29,Dropped,,,54.7,,2,2.1,1.5
1375,60195,4,2025-04-18,Completed,2025-04-20,2,49.8,66.9,1,5.0,1.0
1376,60195,5,2025-05-18,Completed,2025-05-21,3,56.8,69.6,2,4.2,1.5
1377,60195,8,2025-08-11,Completed,2025-09-01,21,48.3,57.8,2,3.7,4.1
1378,60195,10,2025-03-27,Completed,2025-04-16,20,60.2,73.9,2,4.7,6.9
1379,60196,1,2025-01-31,Completed,2025-02-16,16,46.5,61.9,1,2.7,7.5
1380,60196,2,2025-06-11,Completed,2025-06-25,14,83.0,90.2,1,3.6,6.0
1381,60196,3,2025-08-30,Completed,2025-09-12,13,56.5,60.1,1,2.6,5.4
1382,60196,4,2025-01-22,Completed,2025-01-24,2,61.4,80.7,2,5.0,0.9
1383,60196,5,2025-07-27,Completed,2025-07-30,3,68.8,80.3,3,5.0,1.4
1384,60196,6,2025-03-12,Completed,2025-03-20,8,58.4,69.9,2,3.3,3.2
1385,60196,8,2025-05-03,Completed,2025-05-10,7,66.6,82.9,1,3.9,4.8
1386,60197,1,2025-03-25,Completed,2025-04-15,21,55.4,58.3,2,3.1,7.6
1387,60197,2,2025-09-22,In Progress,,,66.3,,1,2.2,1.5
1388,60197,3,2025-05-28,Completed,2025-06-12,15,62.4,67.8,3,3.7,4.4
1389,60197,4,2025-07-11,Completed,2025-07-12,1,53.4,67.1,2,4.5,1.0
1390,60197,5,2025-09-02,Completed,2025-09-07,5,56.0,63.1,2,4.3,1.6
1391,60197,9,2025-10-16,Completed,2025-10-28,12,47.1,48.0,3,3.3,3.2
1392,60197,6,2025-09-10,Dropped,,,61.2,,2,2.2,0.6
1393,60198,1,2025-03-28,Completed,2025-04-19,22,54.9,71.0,2,3.3,7.1
1394,60198,2,2025-06-06,Completed,2025-06-18,12,57.6,67.1,3,3.2,5.4
1395,60198,3,2025-08-12,Completed,2025-08-27,15,68.6,72.5,2,3.7,4.1
1396,60198,4,2025-05-03,Completed,2025-05-06,3,63.7,83.0,1,3.8,1.3
1397,60198,5,2025-01-06,Completed,2025-01-07,1,62.9,81.2,1,4.1,1.5
1398,60198,7,2025-02-19,Completed,2025-02-27,8,69.0,92.1,2,4.3,2.4
1399,60198,8,2025-03-13,Completed,2025-03-19,6,61.6,71.8,2,4.1,3.7
1400,60199,1,2025-07-19,Not Started,,,57.5,,0,,0.0
1401,60199,2,2025-10-07,Completed,2025-10-22,15,57.9,60.8,2,3.1,6.8
1402,60199,3,2025-04-05,Not Started,,,58.2,,0,,0.0
1403,60199,4,2025-08-31,Completed,2025-09-03,3,51.1,76.1,1,4.7,1.0
1404,60199,5,2025-04-18,Completed,2025-04-22,4,54.3,69.1,1,4.7,1.7
1405,60199,7,2025-11-10,Completed,2025-11-20,10,57.3,76.4,1,4.6,2.4
1406,60200,1,2025-10-28,In Progress,,,41.6,,2,2.7,2.5
1407,60200,2,2025-03-20,Not Started,,,32.6,,0,,0.0
1408,60200,3,2025-05-06,Completed,2025-05-14,8,37.6,41.8,3,2.8,5.2
1409,60200,4,2025-08-18,Completed,2025-08-21,3,55.2,65.8,2,3.9,1.3
1410,60200,5,2025-10-18,Completed,2025-10-22,4,58.7,69.4,2,4.0,1.4
1411,60200,7,2025-06-06,Completed,2025-06-15,9,34.0,50.6,1,4.1,2.6
1412,60201,1,2025-07-27,Not Started,,,63.4,,0,,0.0
1413,60201,2,2025-03-09,Completed,2025-03-27,18,60.2,75.0,2,3.4,6.7
1414,60201,3,2025-10-20,Completed,2025-10-30,10,79.1,91.3,1,3.0,4.3
1415,60201,4,2025-07-08,Completed,2025-07-13,5,68.2,91.8,1,4.3,0.9
1416,60201,5,2025-09-07,Completed,2025-09-11,4,65.3,87.6,2,4.0,1.8
1417,60201,6,2025-04-21,Completed,2025-05-03,12,52.7,79.4,2,4.1,3.5
1418,60201,10,2025-01-31,Completed,2025-02-24,24,67.8,95.0,1,4.3,6.7
1419,60202,1,2025-03-08,Dropped,,,70.2,,1,1.9,0.3
1420,60202,2,2025-04-19,Completed,2025-04-30,11,64.6,73.2,2,3.3,4.8
1421,60202,3,2025-06-25,Completed,2025-07-16,21,73.4,87.7,2,2.8,4.4
1422,60202,4,2025-05-25,Completed,2025-05-26,1,88.0,100.0,2,4.8,1.2
1423,60202,5,2025-03-03,Completed,2025-03-07,4,55.1,66.8,3,4.8,1.5
1424,60202,9,2025-05-28,Completed,2025-06-03,6,45.8,61.5,1,3.2,2.6
1425,60202,6,2025-08-30,Completed,2025-09-10,11,72.2,91.1,1,4.0,3.5
1426,60203,1,2025-08-23,Completed,2025-09-19,27,41.1,59.7,1,3.2,5.8
1427,60203,2,2025-02-15,Completed,2025-03-05,18,68.0,81.1,2,3.2,6.2
1428,60203,3,2025-04-23,In Progress,,,44.4,,1,3.3,2.1
1429,60203,4,2025-11-09,Completed,2025-11-11,2,56.4,79.9,2,4.0,1.0
1430,60203,5,2025-03-23,Completed,2025-03-29,6,58.1,72.5,1,4.3,1.3
1431,60203,7,2025-07-07,Completed,2025-07-12,5,60.1,74.2,2,4.4,2.7
1432,60204,1,2025-08-20,In Progress,,,67.8,,1,3.2,2.1
1433,60204,2,2025-02-05,In Progress,,,53.8,,2,2.5,2.7
1434,60204,3,2025-09-01,Completed,2025-09-15,14,66.3,77.0,1,3.2,4.6
1435,60204,4,2025-09-26,Completed,2025-09-28,2,63.0,77.7,1,4.6,0.9
1436,60204,5,2025-03-08,Completed,2025-03-15,7,56.8,87.0,2,4.6,1.7
1437,60204,7,2025-05-10,Completed,2025-05-16,6,53.5,73.7,2,4.1,2.6
1438,60204,9,2025-09-16,Completed,2025-09-24,8,55.3,70.8,2,3.7,3.8
1439,60205,1,2025-05-17,Completed,2025-06-06,20,56.3,61.2,3,4.2,6.9
1440,60205,2,2025-07-15,Completed,2025-08-05,21,58.0,55.4,2,2.8,4.7
1441,60205,3,2025-06-10,Not Started,,,67.8,,0,,0.0
1442,60205,4,2025-07-31,Completed,2025-08-03,3,72.1,100.0,2,5.0,1.0
1443,60205,5,2025-09-04,Completed,2025-09-07,3,67.1,86.6,2,4.3,1.5
1444,60205,10,2025-11-10,Completed,2025-11-30,20,50.7,63.3,1,4.0,5.7
1445,60205,6,2025-05-26,Completed,2025-06-06,11,75.3,96.7,2,4.2,3.1
1446,60205,9,2025-10-31,Completed,2025-11-08,8,64.7,77.6,2,3.3,2.7
1447,60206,1,2025-04-03,Completed,2025-04-12,9,52.0,55.4,3,2.9,5.4
1448,60206,2,2025-08-12,Completed,2025-08-25,13,50.6,60.6,2,3.8,5.7
1449,60206,3,2025-02-11,Completed,2025-02-16,5,42.0,44.4,1,3.5,4.5
1450,60206,4,2025-09-25,Completed,2025-09-26,1,33.4,44.7,2,5.0,1.3
1451,60206,5,2025-10-23,Completed,2025-10-28,5,59.2,75.4,2,5.0,1.9
1452,60206,9,2025-09-28,Completed,2025-10-05,7,69.2,84.8,1,3.7,2.9
1453,60206,10,2025-02-23,Not Started,,,52.1,,0,,0.0
1454,60206,7,2025-07-13,Completed,2025-07-20,7,44.5,63.2,1,4.0,2.2
1455,60207,1,2025-09-09,In Progress,,,70.6,,3,2.9,4.1
1456,60207,2,2025-01-09,In Progress,,,84.5,,1,2.1,2.9
1457,60207,3,2025-04-03,Not Started,,,72.2,,0,,0.0
1458,60207,4,2025-02-01,Completed,2025-02-02,1,81.2,100.0,1,4.7,1.0
1459,60207,5,2025-04-03,Completed,2025-04-10,7,64.9,90.5,1,4.7,1.6
1460,60207,6,2025-05-14,In Progress,,,61.8,,3,3.1,1.7
1461,60207,7,2025-07-14,Completed,2025-07-22,8,61.0,89.8,2,4.1,3.1
1462,60207,10,2025-04-13,Completed,2025-04-26,13,70.9,85.3,2,5.0,6.0
1463,60208,1,2025-08-13,Completed,2025-08-20,7,66.1,68.8,1,3.0,6.7
1464,60208,2,2025-01-27,Completed,2025-02-13,17,60.0,70.5,1,2.8,6.9
1465,60208,3,2025-06-20,Dropped,,,66.0,,1,1.1,0.4
1466,60208,4,2025-07-30,Completed,2025-07-31,1,49.0,75.1,1,4.5,1.2
1467,60208,5,2025-01-09,Completed,2025-01-13,4,66.3,85.4,1,5.0,1.8
1468,60208,9,2025-08-04,Completed,2025-08-20,16,58.7,85.8,1,3.6,3.3
1469,60208,7,2025-03-20,Completed,2025-03-24,4,76.2,87.1,1,4.5,2.8
1470,60209,1,2025-09-11,Not Started,,,79.5,,0,,0.0
1471,60209,2,2025-11-17,Completed,2025-11-29,12,63.0,70.0,2,3.3,4.9
1472,60209,3,2025-10-25,Completed,2025-11-07,13,56.8,60.1,1,3.9,4.4
1473,60209,4,2025-11-19,Completed,2025-11-24,5,41.0,55.0,2,4.5,1.0
1474,60209,5,2025-07-08,Completed,2025-07-11,3,59.7,65.9,2,4.1,1.6
1475,60209,10,2025-10-02,Completed,2025-10-25,23,54.7,75.4,1,3.9,7.1
1476,60209,9,2025-08-11,Completed,2025-08-23,12,49.6,59.6,1,3.1,3.5
1477,60209,8,2025-01-28,Dropped,,,62.5,,2,2.7,0.5
1478,60210,1,2025-06-27,In Progress,,,35.2,,3,3.0,3.5
1479,60210,2,2025-09-01,Completed,2025-09-29,28,47.2,54.8,1,2.7,4.9
1480,60210,3,2025-03-25,Completed,2025-04-05,11,68.2,85.1,1,3.7,5.6
1481,60210,4,2025-03-24,Completed,2025-03-26,2,59.0,73.1,2,3.8,1.2
1482,60210,5,2025-04-06,Dropped,,,52.8,,1,2.5,0.4
1483,60210,7,2025-08-23,Completed,2025-08-30,7,38.5,56.9,2,3.8,2.8
1484,60210,10,2025-05-26,Completed,2025-06-07,12,49.2,70.5,3,4.4,6.4
1485,60211,1,2025-10-10,Dropped,,,44.9,,2,1.7,2.3
1486,60211,2,2025-07-11,Completed,2025-07-28,17,33.1,35.2,2,3.2,6.3
1487,60211,3,2025-02-26,Dropped,,,80.7,,1,1.3,1.6
1488,60211,4,2025-02-09,Completed,2025-02-13,4,55.0,70.2,1,4.2,1.2
1489,60211,5,2025-03-13,Completed,2025-03-18,5,52.8,64.0,1,4.5,1.9
1490,60211,9,2025-10-10,Completed,2025-10-21,11,51.9,65.4,2,4.1,2.9
1491,60212,1,2025-04-26,In Progress,,,59.1,,2,3.4,2.0
1492,60212,2,2025-07-04,Not Started,,,55.8,,0,,0.0
1493,60212,3,2025-01-15,In Progress,,,32.4,,2,2.9,2.8
1494,60212,4,2025-01-20,Completed,2025-01-25,5,40.8,53.0,2,4.3,1.2
1495,60212,5,2025-04-18,Completed,2025-04-25,7,48.0,57.4,2,5.0,1.4
1496,60212,10,2025-03-13,In Progress,,,45.8,,2,3.9,2.6
1497,60213,1,2025-07-12,Dropped,,,59.8,,3,1.3,1.9
1498,60213,2,2025-10-13,Dropped,,,49.2,,2,2.2,0.4
1499,60213,3,2025-07-07,Completed,2025-07-20,13,59.4,68.4,1,3.3,4.7
1500,60213,4,2025-02-25,Completed,2025-03-01,4,46.7,66.0,1,4.4,0.9
1501,60213,5,2025-06-07,Completed,2025-06-09,2,54.6,64.6,1,4.5,1.4
1502,60213,9,2025-09-25,Completed,2025-10-02,7,47.2,62.4,1,3.8,2.7
1503,60213,6,2025-02-10,Completed,2025-02-19,9,48.6,62.7,2,4.1,3.6
1504,60214,1,2025-02-01,In Progress,,,52.1,,2,3.0,1.8
1505,60214,2,2025-04-19,Completed,2025-05-05,16,50.5,54.8,1,3.6,6.9
1506,60214,3,2025-07-01,Completed,2025-07-07,6,54.4,60.4,1,3.9,4.6
1507,60214,4,2025-08-05,Completed,2025-08-07,2,41.6,55.4,1,5.0,1.1
1508,60214,5,2025-11-01,Completed,2025-11-05,4,81.5,100.0,1,4.9,1.4
1509,60214,8,2025-08-17,Completed,2025-08-27,10,57.9,80.8,1,3.8,5.2
1510,60215,1,2025-11-12,Completed,2025-11-30,18,56.4,56.1,2,3.1,5.1
1511,60215,2,2025-07-17,Completed,2025-08-03,17,46.6,49.7,1,3.1,4.8
1512,60215,3,2025-09-23,Completed,2025-10-08,15,49.6,46.5,1,3.4,4.7
1513,60215,4,2025-08-21,Completed,2025-08-22,1,35.8,54.8,2,4.9,1.1
1514,60215,5,2025-06-25,Completed,2025-06-30,5,48.6,68.3,1,5.0,1.9
1515,60215,9,2025-11-06,Dropped,,,58.1,,1,2.2,0.2
1516,60216,1,2025-07-28,Completed,2025-08-17,20,53.2,60.1,2,3.2,7.3
1517,60216,2,2025-06-15,Completed,2025-06-26,11,42.6,44.5,3,3.0,5.8
1518,60216,3,2025-02-05,Completed,2025-02-17,12,63.2,61.1,2,3.7,4.6
1519,60216,4,2025-06-02,Completed,2025-06-06,4,45.6,63.8,1,5.0,1.2
1520,60216,5,2025-10-22,Completed,2025-10-24,2,71.2,88.4,1,4.3,1.4
1521,60216,8,2025-08-09,Completed,2025-08-21,12,44.3,54.3,1,4.1,4.3
1522,60217,1,2025-10-02,Not Started,,,35.2,,0,,0.0
1523,60217,2,2025-02-17,Completed,2025-03-04,15,43.6,56.1,1,3.2,6.1
1524,60217,3,2025-03-10,Completed,2025-03-23,13,43.7,53.2,1,3.2,5.2
1525,60217,4,2025-04-09,Completed,2025-04-12,3,62.7,80.4,1,4.3,0.9
1526,60217,5,2025-05-13,Completed,2025-05-17,4,47.6,57.4,2,3.8,1.4
1527,60217,6,2025-05-12,Completed,2025-05-27,15,47.0,65.8,1,4.0,2.6
1528,60217,7,2025-02-27,Completed,2025-03-11,12,64.1,77.3,2,4.6,3.0
1529,60218,1,2025-03-30,In Progress,,,61.4,,1,3.3,2.2
1530,60218,2,2025-07-20,Completed,2025-07-27,7,63.2,66.3,1,4.0,4.8
1531,60218,3,2025-05-01,Completed,2025-05-15,14,61.9,64.2,1,2.9,5.3
1532,60218,4,2025-03-11,Completed,2025-03-16,5,55.5,67.7,2,4.8,1.0
1533,60218,5,2025-07-26,Completed,2025-08-01,6,46.1,73.3,1,5.0,1.4
1534,60218,8,2025-01-31,Completed,2025-02-06,6,60.6,82.8,2,4.4,4.5
1535,60219,1,2025-08-21,Completed,2025-09-06,16,61.4,77.0,2,3.9,7.4
1536,60219,2,2025-07-21,Completed,2025-08-04,14,69.4,87.9,1,3.5,5.4
1537,60219,3,2025-10-12,Completed,2025-10-26,14,64.7,74.5,2,3.5,4.7
1538,60219,4,2025-06-25,Completed,2025-06-28,3,67.3,93.8,1,4.5,0.9
1539,60219,5,2025-08-17,Completed,2025-08-23,6,59.7,81.0,1,4.0,1.9
1540,60219,10,2025-07-14,Completed,2025-07-25,11,68.8,89.2,1,4.2,7.4
1541,60219,6,2025-01-22,Completed,2025-01-30,8,48.6,65.4,2,4.2,3.4
1542,60220,1,2025-03-23,Dropped,,,55.4,,1,1.5,1.5
1543,60220,2,2025-08-01,Completed,2025-08-25,24,61.9,64.3,2,3.5,4.8
1544,60220,3,2025-09-10,Completed,2025-09-19,9,61.3,53.6,2,3.1,4.0
1545,60220,4,2025-01-10,Completed,2025-01-13,3,47.3,54.7,1,4.5,1.1
1546,60220,5,2025-07-13,Completed,2025-07-14,1,30.2,41.5,2,4.2,1.8
1547,60220,8,2025-03-07,Completed,2025-03-20,13,42.1,48.1,2,3.9,4.6
1548,60220,9,2025-08-26,Completed,2025-09-03,8,48.1,48.8,2,3.8,3.8
1549,60221,1,2025-11-07,Completed,2025-11-19,12,77.1,93.4,2,2.9,7.8
1550,60221,2,2025-04-04,Not Started,,,79.4,,0,,0.0
1551,60221,3,2025-10-28,Completed,2025-11-20,23,89.6,97.4,1,2.7,4.8
1552,60221,4,2025-07-15,Completed,2025-07-16,1,87.0,100.0,1,4.2,1.0
1553,60221,5,2025-07-29,Completed,2025-08-03,5,77.2,100.0,1,4.3,1.4
1554,60221,6,2025-06-06,Completed,2025-06-12,6,93.0,100.0,2,4.3,3.1
1555,60221,10,2025-05-16,Completed,2025-05-30,14,78.9,100.0,2,4.3,5.4
1556,60222,1,2025-01-28,Completed,2025-02-06,9,20.0,21.0,2,3.7,6.3
1557,60222,2,2025-04-24,Completed,2025-05-10,16,34.6,30.7,1,3.3,6.2
1558,60222,3,2025-05-02,Completed,2025-05-20,18,28.5,23.5,2,3.4,4.2
1559,60222,4,2025-01-28,Completed,2025-01-30,2,55.4,70.0,2,5.0,0.9
1560,60222,5,2025-06-23,Completed,2025-06-27,4,46.9,62.0,3,4.2,1.9
1561,60222,6,2025-03-21,Completed,2025-03-31,10,39.2,41.9,2,3.9,3.2
1562,60222,10,2025-05-14,In Progress,,,42.0,,3,3.9,2.0
1563,60223,1,2025-01-23,Completed,2025-02-03,11,46.4,55.6,2,2.7,6.0
1564,60223,2,2025-04-17,Completed,2025-05-06,19,59.1,64.6,1,2.9,4.8
1565,60223,3,2025-02-01,Completed,2025-02-13,12,70.6,73.8,2,2.8,4.8
1566,60223,4,2025-02-07,Completed,2025-02-09,2,58.8,73.1,1,4.0,1.3
1567,60223,5,2025-05-04,Completed,2025-05-08,4,56.5,71.4,2,4.5,1.4
1568,60223,7,2025-08-17,Completed,2025-08-26,9,53.4,71.4,1,4.6,2.4
1569,60223,6,2025-03-04,Completed,2025-03-14,10,50.4,63.4,3,4.2,3.4
1570,60224,1,2025-09-21,Completed,2025-10-16,25,51.8,50.2,2,2.6,6.5
1571,60224,2,2025-11-02,Completed,2025-11-25,23,53.7,64.2,2,3.9,6.7
1572,60224,3,2025-10-30,Completed,2025-11-14,15,49.0,53.2,2,3.1,5.8
1573,60224,4,2025-10-12,Completed,2025-10-13,1,44.2,59.7,3,4.5,1.1
1574,60224,5,2025-09-05,Completed,2025-09-12,7,56.2,67.0,1,4.7,1.9
1575,60224,10,2025-10-28,Dropped,,,48.6,,2,2.7,0.7
1576,60224,7,2025-11-17,Completed,2025-11-21,4,50.7,70.6,1,4.5,2.5
1577,60224,6,2025-08-03,Completed,2025-08-06,3,66.4,78.6,1,3.8,2.9
1578,60225,1,2025-07-23,Dropped,,,71.3,,3,2.6,1.5
1579,60225,2,2025-09-08,Completed,2025-09-22,14,84.6,97.4,1,3.7,5.9
1580,60225,3,2025-03-16,Completed,2025-03-29,13,69.1,78.5,1,2.5,4.6
1581,60225,4,2025-07-05,Completed,2025-07-09,4,83.8,100.0,1,3.8,1.1
1582,60225,5,2025-10-18,Completed,2025-10-23,5,73.5,98.6,2,5.0,1.5
1583,60225,6,2025-08-28,Completed,2025-09-06,9,88.5,100.0,1,3.8,3.2
1584,60225,8,2025-07-28,Not Started,,,58.8,,0,,0.0
1585,60226,1,2025-10-26,Completed,2025-11-23,28,56.1,72.6,1,2.5,7.4
1586,60226,2,2025-08-15,Completed,2025-08-31,16,84.4,99.6,1,3.8,6.3
1587,60226,3,2025-10-20,Completed,2025-11-01,12,62.7,68.5,2,3.8,5.8
1588,60226,4,2025-07-27,Completed,2025-07-30,3,53.2,75.1,1,4.5,1.2
1589,60226,5,2025-01-14,Completed,2025-01-18,4,51.3,74.5,1,5.0,1.9
1590,60226,10,2025-02-03,Completed,2025-02-27,24,68.1,80.5,2,3.6,6.7
1591,60226,7,2025-06-12,Completed,2025-06-19,7,66.3,85.4,1,3.9,2.4
1592,60226,8,2025-06-25,Completed,2025-06-30,5,64.1,82.1,1,4.0,3.8
1593,60227,1,2025-05-30,Completed,2025-06-22,23,68.1,73.6,2,3.0,6.7
1594,60227,2,2025-10-09,Completed,2025-10-27,18,57.5,62.0,1,3.4,6.3
1595,60227,3,2025-02-03,Completed,2025-02-24,21,58.8,66.6,2,3.5,5.8
1596,60227,4,2025-04-30,Completed,2025-05-04,4,66.5,85.6,1,4.9,1.1
1597,60227,5,2025-06-14,Completed,2025-06-18,4,48.7,68.1,1,4.8,1.8
1598,60227,6,2025-02-21,Completed,2025-03-02,9,53.0,68.6,1,4.6,2.8
1599,60227,8,2025-09-17,Not Started,,,85.9,,0,,0.0
1600,60227,9,2025-02-05,Completed,2025-02-19,14,59.8,79.4,1,3.1,3.2
1601,60228,1,2025-05-12,In Progress,,,57.4,,1,2.2,2.6
1602,60228,2,2025-10-26,Dropped,,,57.6,,1,2.4,1.4
1603,60228,3,2025-08-26,Completed,2025-09-10,15,55.3,60.2,1,3.2,5.6
1604,60228,4,2025-06-30,Completed,2025-07-02,2,58.4,84.7,1,4.2,1.1
1605,60228,5,2025-05-08,Completed,2025-05-13,5,47.6,65.2,1,4.7,1.8
1606,60228,6,2025-01-14,Completed,2025-01-24,10,66.6,75.6,2,4.6,3.1
1607,60228,10,2025-04-09,Completed,2025-04-24,15,58.6,66.1,1,4.3,5.6
1608,60228,9,2025-01-17,Completed,2025-01-26,9,59.6,76.2,1,3.4,3.3
1609,60229,1,2025-11-01,Completed,2025-11-22,21,61.5,52.4,2,3.0,7.4
1610,60229,2,2025-06-12,Completed,2025-06-19,7,55.0,57.2,2,3.9,6.3
1611,60229,3,2025-09-20,Completed,2025-10-02,12,61.3,66.1,2,2.7,4.9
1612,60229,4,2025-03-11,Completed,2025-03-14,3,38.0,53.1,2,4.6,1.3
1613,60229,5,2025-02-05,Completed,2025-02-10,5,52.0,67.1,1,4.3,1.4
1614,60229,10,2025-04-18,Completed,2025-05-05,17,48.9,63.2,3,3.9,7.0
1615,60229,9,2025-03-16,Completed,2025-03-26,10,47.9,68.0,1,3.6,3.1
1616,60230,1,2025-01-28,In Progress,,,75.2,,1,2.7,4.0
1617,60230,2,2025-02-18,Not Started,,,54.2,,0,,0.0
1618,60230,3,2025-05-11,In Progress,,,66.0,,1,2.9,2.6
1619,60230,4,2025-08-23,Completed,2025-08-27,4,71.9,93.8,1,5.0,1.1
1620,60230,5,2025-04-03,Completed,2025-04-08,5,69.5,95.4,1,4.8,1.4
1621,60230,7,2025-10-16,Completed,2025-10-21,5,47.6,66.4,1,4.4,2.7
1622,60231,1,2025-03-17,Not Started,,,59.9,,0,,0.0
1623,60231,2,2025-02-26,Completed,2025-03-20,22,73.9,78.6,2,3.0,5.8
1624,60231,3,2025-01-31,Completed,2025-02-07,7,61.2,65.0,1,2.9,4.9
1625,60231,4,2025-01-22,Completed,2025-01-24,2,62.3,80.3,1,4.3,1.3
1626,60231,5,2025-05-16,Completed,2025-05-19,3,49.6,65.1,2,4.1,1.4
1627,60231,9,2025-03-25,Completed,2025-03-31,6,67.7,82.6,1,3.1,3.6
1628,60231,10,2025-06-24,Completed,2025-07-05,11,56.3,76.2,2,4.0,5.5
1629,60232,1,2025-05-07,In Progress,,,58.7,,3,2.9,3.2
1630,60232,2,2025-03-27,Completed,2025-04-12,16,42.9,49.8,1,3.3,5.2
1631,60232,3,2025-09-14,Completed,2025-09-25,11,57.6,64.0,1,2.8,4.3
1632,60232,4,2025-06-26,Completed,2025-06-29,3,47.4,63.3,3,4.2,1.2
1633,60232,5,2025-10-09,Completed,2025-10-11,2,46.1,65.1,2,4.1,1.4
1634,60232,10,2025-11-07,Completed,2025-11-27,20,40.2,57.2,3,4.1,7.4
1635,60233,1,2025-08-11,Completed,2025-08-31,20,47.3,50.3,3,2.6,6.3
1636,60233,2,2025-06-02,Not Started,,,60.8,,0,,0.0
1637,60233,3,2025-08-31,Not Started,,,51.8,,0,,0.0
1638,60233,4,2025-05-23,Completed,2025-05-25,2,46.4,56.9,3,5.0,1.2
1639,60233,5,2025-09-05,Completed,2025-09-12,7,57.2,81.8,2,4.6,1.6
1640,60233,7,2025-11-16,Completed,2025-11-24,8,80.7,97.9,1,4.5,2.2
1641,60234,1,2025-05-20,Completed,2025-05-27,7,43.8,51.7,2,3.3,5.9
1642,60234,2,2025-08-04,Completed,2025-08-26,22,66.7,72.9,3,3.2,6.3
1643,60234,3,2025-09-16,Completed,2025-09-30,14,74.4,77.5,1,3.6,4.3
1644,60234,4,2025-06-08,Completed,2025-06-10,2,69.8,85.4,1,3.9,1.1
1645,60234,5,2025-07-07,Completed,2025-07-11,4,73.6,95.4,1,4.3,1.5
1646,60234,6,2025-09-03,Completed,2025-09-06,3,62.2,73.8,1,3.8,3.8
1647,60234,8,2025-02-19,Completed,2025-02-24,5,62.2,79.2,2,3.8,3.7
1648,60234,9,2025-10-27,Completed,2025-11-07,11,56.7,79.0,1,3.5,2.8
1649,60235,1,2025-02-03,Completed,2025-03-02,27,55.9,61.2,1,3.6,6.0
1650,60235,2,2025-10-13,Completed,2025-11-07,25,59.8,69.9,2,3.0,6.0
1651,60235,3,2025-03-07,Completed,2025-03-22,15,63.8,58.4,1,3.4,4.9
1652,60235,4,2025-02-02,Completed,2025-02-07,5,59.8,70.6,1,4.3,1.2
1653,60235,5,2025-04-04,Completed,2025-04-09,5,55.4,75.0,1,4.9,1.5
1654,60235,7,2025-07-05,Completed,2025-07-14,9,59.1,72.0,2,3.7,2.7
1655,60235,9,2025-05-29,Completed,2025-06-07,9,41.5,55.9,1,4.4,3.0
1656,60235,10,2025-09-21,Completed,2025-10-17,26,54.5,70.1,1,4.1,6.0
1657,60236,1,2025-03-18,Completed,2025-03-28,10,57.4,66.9,1,2.7,7.4
1658,60236,2,2025-04-22,Dropped,,,69.7,,3,1.9,0.8
1659,60236,3,2025-06-04,Completed,2025-06-10,6,64.4,68.8,3,3.2,4.2
1660,60236,4,2025-02-03,Completed,2025-02-05,2,51.1,72.8,1,3.9,1.2
1661,60236,5,2025-09-14,Completed,2025-09-17,3,48.5,65.4,1,4.9,1.4
1662,60236,6,2025-06-19,Completed,2025-07-04,15,57.3,71.6,1,3.9,3.6
1663,60236,9,2025-01-10,Not Started,,,60.2,,0,,0.0
1664,60236,8,2025-06-11,Completed,2025-06-22,11,69.5,73.1,2,3.9,4.8
1665,60237,1,2025-08-23,Not Started,,,46.1,,0,,0.0
1666,60237,2,2025-03-08,Dropped,,,53.4,,1,2.0,1.6
1667,60237,3,2025-11-02,Completed,2025-11-14,12,42.0,52.8,2,3.6,5.4
1668,60237,4,2025-07-25,Completed,2025-07-28,3,44.9,54.5,1,4.7,1.2
1669,60237,5,2025-01-18,Completed,2025-01-22,4,41.0,61.9,1,4.3,1.9
1670,60237,8,2025-04-24,Completed,2025-05-05,11,48.5,63.2,2,3.5,4.8
1671,60238,1,2025-03-25,Completed,2025-04-11,17,56.0,68.0,2,2.9,5.5
1672,60238,2,2025-11-10,Completed,2025-12-07,27,36.0,41.8,2,3.0,5.0
1673,60238,3,2025-11-02,Completed,2025-11-16,14,68.1,73.7,1,3.7,5.2
1674,60238,4,2025-08-10,Completed,2025-08-15,5,54.3,65.4,1,5.0,1.1
1675,60238,5,2025-11-15,Completed,2025-11-20,5,46.1,56.9,2,4.8,1.7
1676,60238,8,2025-07-02,Completed,2025-07-17,15,46.1,68.7,2,3.4,4.3
1677,60238,6,2025-05-18,Completed,2025-05-27,9,48.5,62.8,1,4.2,3.9
1678,60238,9,2025-06-27,Completed,2025-07-05,8,59.1,72.7,1,3.7,3.2
1679,60239,1,2025-05-24,In Progress,,,63.9,,2,2.3,3.5
1680,60239,2,2025-10-24,Dropped,,,58.8,,1,2.0,0.7
1681,60239,3,2025-07-31,Completed,2025-08-14,14,47.4,55.5,2,2.8,5.5
1682,60239,4,2025-08-29,Completed,2025-09-01,3,43.1,62.6,1,4.7,1.2
1683,60239,5,2025-09-30,Completed,2025-10-06,6,56.0,80.7,4,4.6,1.6
1684,60239,8,2025-07-28,Completed,2025-08-08,11,61.5,69.4,2,3.7,5.2
1685,60240,1,2025-10-02,Completed,2025-10-27,25,44.5,52.5,1,3.3,5.7
1686,60240,2,2025-07-03,Completed,2025-07-24,21,37.4,44.3,1,2.8,6.6
1687,60240,3,2025-02-01,Completed,2025-02-11,10,56.7,55.5,2,3.4,5.7
1688,60240,4,2025-03-22,Completed,2025-03-24,2,47.4,58.8,1,4.6,1.0
1689,60240,5,2025-07-06,Completed,2025-07-08,2,58.9,74.0,2,4.4,1.6
1690,60240,7,2025-08-17,Completed,2025-08-24,7,60.8,74.0,2,3.7,2.9
1691,60240,8,2025-05-17,Completed,2025-06-03,17,46.9,57.4,2,4.5,4.3
1692,60240,9,2025-04-22,Completed,2025-05-08,16,51.2,69.3,1,4.1,3.5
1693,60241,1,2025-06-28,Completed,2025-07-16,18,60.1,64.2,2,3.4,7.3
1694,60241,2,2025-08-13,Dropped,,,77.3,,2,1.6,0.8
1695,60241,3,2025-07-12,Not Started,,,45.6,,0,,0.0
1696,60241,4,2025-02-04,Completed,2025-02-06,2,62.9,78.3,1,5.0,1.0
1697,60241,5,2025-01-31,Completed,2025-02-07,7,50.4,68.2,2,4.5,1.5
1698,60241,10,2025-04-29,Completed,2025-05-19,20,65.6,82.0,1,4.4,5.2
1699,60242,1,2025-09-29,Completed,2025-10-12,13,84.1,100.0,1,3.5,5.5
1700,60242,2,2025-07-15,Completed,2025-08-04,20,85.8,95.2,2,3.8,5.7
1701,60242,3,2025-02-25,Completed,2025-03-17,20,79.0,92.3,1,3.6,4.7
1702,60242,4,2025-07-14,Completed,2025-07-17,3,71.7,100.0,2,5.0,0.9
1703,60242,5,2025-07-25,Completed,2025-07-29,4,62.0,90.1,1,4.4,1.6
1704,60242,7,2025-06-11,Not Started,,,77.2,,0,,0.0
1705,60242,10,2025-03-05,Completed,2025-03-25,20,62.2,88.5,2,3.8,7.6
1706,60242,8,2025-01-10,Completed,2025-01-24,14,82.3,100.0,2,4.3,3.4
1707,60243,1,2025-07-06,Completed,2025-07-30,24,63.0,79.8,2,3.1,6.3
1708,60243,2,2025-05-18,Completed,2025-06-05,18,73.6,79.7,1,2.4,6.2
1709,60243,3,2025-08-21,Dropped,,,59.6,,1,1.5,1.3
1710,60243,4,2025-04-28,Completed,2025-05-01,3,48.8,63.9,2,5.0,1.2
1711,60243,5,2025-01-23,Completed,2025-01-28,5,83.9,100.0,2,4.3,1.4
1712,60243,9,2025-09-28,Completed,2025-10-07,9,72.0,93.7,2,3.6,2.7
1713,60243,7,2025-05-25,Completed,2025-05-30,5,61.6,77.5,1,3.6,2.9
1714,60243,10,2025-04-10,Not Started,,,81.7,,0,,0.0
1715,60244,1,2025-10-08,Not Started,,,64.8,,0,,0.0
1716,60244,2,2025-02-06,In Progress,,,62.5,,1,2.8,1.8
1717,60244,3,2025-03-11,Dropped,,,54.6,,3,2.2,0.4
1718,60244,4,2025-02-15,Completed,2025-02-19,4,59.9,77.8,2,4.3,1.2
1719,60244,5,2025-09-08,Completed,2025-09-13,5,65.5,88.7,1,5.0,1.4
1720,60244,9,2025-07-18,Completed,2025-07-28,10,48.5,61.2,2,3.8,2.6
1721,60244,10,2025-06-10,Completed,2025-06-28,18,35.9,45.2,2,4.7,7.4
1722,60244,6,2025-06-06,In Progress,,,40.7,,2,3.8,1.1
1723,60245,1,2025-03-27,Completed,2025-04-09,13,55.1,57.6,3,3.7,6.8
1724,60245,2,2025-06-27,Not Started,,,57.7,,0,,0.0
1725,60245,3,2025-10-19,Completed,2025-10-31,12,45.4,50.9,1,3.2,4.4
1726,60245,4,2025-06-05,Completed,2025-06-07,2,40.7,57.7,1,4.7,1.1
1727,60245,5,2025-11-16,Completed,2025-11-19,3,47.9,71.6,1,4.4,1.5
1728,60245,9,2025-04-27,Completed,2025-05-07,10,56.9,63.1,1,3.9,3.2
1729,60245,7,2025-11-08,Completed,2025-11-16,8,70.8,84.3,3,4.1,2.5
1730,60245,6,2025-03-25,Completed,2025-03-30,5,94.0,100.0,2,3.6,3.1
1731,60246,1,2025-06-09,Completed,2025-06-24,15,48.6,51.7,2,3.7,6.7
1732,60246,2,2025-04-17,Completed,2025-05-06,19,72.4,75.2,1,3.4,6.7
1733,60246,3,2025-06-16,Completed,2025-06-30,14,79.0,81.4,2,3.6,4.8
1734,60246,4,2025-09-09,Completed,2025-09-11,2,54.4,71.1,1,5.0,1.2
1735,60246,5,2025-02-12,Completed,2025-02-18,6,52.5,74.3,2,4.4,1.7
1736,60246,10,2025-08-18,Completed,2025-09-06,19,82.8,95.1,1,3.8,6.4
1737,60246,7,2025-01-20,Completed,2025-01-25,5,56.0,67.2,2,4.2,2.8
1738,60246,8,2025-05-06,Completed,2025-05-17,11,69.7,92.6,1,3.7,4.8
1739,60247,1,2025-08-04,Completed,2025-09-01,28,57.6,60.6,1,3.3,6.6
1740,60247,2,2025-08-02,Completed,2025-08-28,26,60.2,59.6,2,3.3,5.3
1741,60247,3,2025-01-18,In Progress,,,60.0,,2,3.4,1.5
1742,60247,4,2025-02-03,Completed,2025-02-07,4,48.7,64.8,2,4.4,1.2
1743,60247,5,2025-05-03,Completed,2025-05-06,3,57.1,73.7,2,4.5,1.7
1744,60247,10,2025-06-04,In Progress,,,66.8,,2,4.2,3.9
1745,60247,6,2025-09-18,Completed,2025-10-01,13,73.3,95.2,2,4.4,3.1
1746,60247,8,2025-07-17,Completed,2025-08-08,22,54.8,69.7,2,4.3,4.3
1747,60248,1,2025-03-16,Dropped,,,39.4,,2,1.8,2.3
1748,60248,2,2025-05-14,Dropped,,,50.5,,2,1.7,2.0
1749,60248,3,2025-04-27,Completed,2025-05-06,9,34.1,33.1,1,3.1,5.0
1750,60248,4,2025-03-02,Completed,2025-03-04,2,50.0,71.8,1,4.7,0.9
1751,60248,5,2025-11-11,In Progress,,,51.5,,1,3.5,0.7
1752,60248,8,2025-04-12,Completed,2025-04-24,12,45.6,64.8,3,3.8,4.0
1753,60248,7,2025-04-17,In Progress,,,57.4,,2,3.4,1.4
1754,60249,1,2025-06-22,Dropped,,,67.3,,2,1.9,0.3
1755,60249,2,2025-03-30,Completed,2025-04-20,21,55.1,63.1,2,3.3,6.7
1756,60249,3,2025-03-26,Not Started,,,73.5,,0,,0.0
1757,60249,4,2025-02-20,Completed,2025-02-25,5,55.9,77.3,1,4.6,1.1
1758,60249,5,2025-02-15,Completed,2025-02-18,3,64.1,86.7,1,4.7,1.4
1759,60249,7,2025-10-28,Completed,2025-11-04,7,65.3,89.7,1,4.9,2.8
1760,60249,8,2025-08-19,Completed,2025-08-25,6,71.8,82.3,2,4.3,3.4
1761,60250,1,2025-01-07,Completed,2025-01-26,19,65.0,79.8,2,3.2,7.1
1762,60250,2,2025-10-01,Not Started,,,47.0,,0,,0.0
1763,60250,3,2025-07-14,Completed,2025-07-26,12,63.3,60.8,2,2.8,5.5
1764,60250,4,2025-10-11,Completed,2025-10-14,3,68.6,78.6,3,3.6,0.9
1765,60250,5,2025-05-25,Completed,2025-05-30,5,72.6,91.4,1,5.0,1.7
1766,60250,8,2025-01-09,Completed,2025-01-20,11,48.5,59.3,2,4.4,3.6
1767,60250,9,2025-04-07,Completed,2025-04-17,10,77.6,100.0,1,3.9,2.9
1768,60251,1,2025-09-05,Completed,2025-09-19,14,74.3,97.3,1,3.6,7.0
1769,60251,2,2025-08-29,Not Started,,,63.2,,0,,0.0
1770,60251,3,2025-05-19,Not Started,,,72.7,,0,,0.0
1771,60251,4,2025-05-25,Completed,2025-05-26,1,62.5,87.2,1,3.7,0.9
1772,60251,5,2025-03-24,Completed,2025-03-26,2,70.7,94.0,1,4.7,1.3
1773,60251,10,2025-02-19,Completed,2025-03-07,16,74.3,100.0,2,4.1,5.7
1774,60251,9,2025-03-18,Not Started,,,87.0,,0,,0.0
1775,60252,1,2025-03-08,Completed,2025-03-27,19,54.6,73.7,2,3.8,5.4
1776,60252,2,2025-06-10,Completed,2025-06-30,20,53.1,52.3,1,3.6,6.7
1777,60252,3,2025-01-20,In Progress,,,87.6,,1,2.4,2.4
1778,60252,4,2025-07-14,Completed,2025-07-18,4,68.4,91.8,1,4.2,1.3
1779,60252,5,2025-10-28,Completed,2025-10-31,3,67.7,92.3,1,4.2,1.8
1780,60252,7,2025-11-10,Completed,2025-11-19,9,60.3,80.5,3,4.8,2.6
1781,60252,10,2025-03-12,Completed,2025-03-24,12,53.8,71.2,1,3.7,7.2
1782,60253,1,2025-02-04,Completed,2025-02-14,10,51.7,58.9,2,3.1,6.4
1783,60253,2,2025-09-07,Completed,2025-10-03,26,79.0,84.4,1,3.4,6.3
1784,60253,3,2025-06-09,In Progress,,,61.2,,1,2.8,1.4
1785,60253,4,2025-02-05,Completed,2025-02-11,6,53.2,77.3,1,4.3,1.2
1786,60253,5,2025-10-03,Completed,2025-10-09,6,57.0,86.2,2,4.0,1.8
1787,60253,10,2025-07-19,Completed,2025-08-22,34,70.6,87.7,2,4.5,6.2
1788,60253,9,2025-09-04,Completed,2025-09-11,7,64.2,80.4,1,3.4,3.0
1789,60253,6,2025-04-17,Completed,2025-04-25,8,59.8,70.7,2,3.6,2.6
1790,60254,1,2025-10-20,Completed,2025-11-15,26,44.0,47.5,2,2.5,7.1
1791,60254,2,2025-02-28,Completed,2025-03-19,19,59.3,68.9,1,3.3,6.1
1792,60254,3,2025-01-13,Not Started,,,38.3,,0,,0.0
1793,60254,4,2025-08-25,Completed,2025-08-29,4,54.0,70.2,2,4.9,1.1
1794,60254,5,2025-10-27,Completed,2025-11-02,6,65.2,80.3,1,5.0,1.7
1795,60254,9,2025-08-19,Completed,2025-08-28,9,49.8,70.7,2,4.1,3.1
1796,60254,8,2025-09-03,Completed,2025-09-14,11,61.4,79.4,3,4.1,4.1
1797,60255,1,2025-06-15,Completed,2025-07-06,21,50.8,47.7,1,2.3,7.5
1798,60255,2,2025-02-12,Dropped,,,50.1,,2,1.3,1.1
1799,60255,3,2025-07-09,Completed,2025-07-26,17,55.5,57.6,3,3.2,5.0
1800,60255,4,2025-03-17,Completed,2025-03-20,3,30.9,42.5,1,4.7,1.1
1801,60255,5,2025-02-08,Completed,2025-02-15,7,55.6,72.4,2,4.9,1.7
1802,60255,6,2025-09-14,Completed,2025-09-23,9,37.5,41.3,2,3.8,2.6
1803,60255,8,2025-11-05,Completed,2025-11-24,19,56.9,75.0,2,4.0,3.9
1804,60256,1,2025-05-06,Dropped,,,41.7,,3,2.2,0.5
1805,60256,2,2025-02-01,Completed,2025-02-04,3,25.1,24.0,3,3.9,6.1
1806,60256,3,2025-09-01,Dropped,,,45.4,,3,1.9,0.8
1807,60256,4,2025-11-05,Completed,2025-11-08,3,48.9,66.0,2,4.1,1.1
1808,60256,5,2025-01-07,Completed,2025-01-13,6,34.6,50.7,1,4.4,1.4
1809,60256,9,2025-05-16,Completed,2025-05-20,4,50.5,59.5,1,3.6,2.8
1810,60257,1,2025-10-05,Completed,2025-10-16,11,67.6,72.9,2,2.9,7.8
1811,60257,2,2025-02-01,Completed,2025-02-23,22,56.5,63.0,2,2.9,5.8
1812,60257,3,2025-06-07,Not Started,,,61.4,,0,,0.0
1813,60257,4,2025-03-13,Completed,2025-03-14,1,54.5,77.7,2,4.9,1.0
1814,60257,5,2025-09-18,Completed,2025-09-21,3,53.9,69.9,1,5.0,1.9
1815,60257,7,2025-11-06,Completed,2025-11-14,8,47.3,60.6,1,4.5,2.9
1816,60257,10,2025-05-19,Completed,2025-06-07,19,59.9,65.0,3,3.8,5.2
1817,60258,1,2025-03-25,In Progress,,,77.2,,2,2.5,1.9
1818,60258,2,2025-08-23,Completed,2025-09-10,18,66.2,67.6,1,3.0,6.6
1819,60258,3,2025-02-22,Dropped,,,43.6,,2,1.8,1.4
1820,60258,4,2025-08-22,Completed,2025-08-25,3,63.5,71.0,2,4.9,1.1
1821,60258,5,2025-08-16,Completed,2025-08-21,5,67.8,83.4,2,4.5,1.6
1822,60258,8,2025-01-12,Completed,2025-01-25,13,42.3,60.7,1,4.2,3.8
1823,60258,7,2025-10-09,Completed,2025-10-14,5,50.3,69.1,2,4.9,3.2
1824,60259,1,2025-08-24,Not Started,,,72.0,,0,,0.0
1825,60259,2,2025-09-24,Completed,2025-10-15,21,59.1,71.6,3,4.1,6.1
1826,60259,3,2025-10-07,Completed,2025-10-30,23,49.5,57.5,1,3.5,5.8
1827,60259,4,2025-10-23,Completed,2025-10-25,2,40.0,62.1,1,4.4,1.2
1828,60259,5,2025-07-09,Completed,2025-07-11,2,35.3,50.0,1,5.0,1.7
1829,60259,10,2025-11-18,Completed,2025-12-11,23,60.4,76.0,2,4.4,6.4
1830,60259,6,2025-04-05,Completed,2025-04-16,11,65.5,77.7,2,4.7,3.3
1831,60260,1,2025-09-11,In Progress,,,58.5,,1,2.5,2.5
1832,60260,2,2025-03-12,Completed,2025-04-02,21,50.6,57.6,3,3.5,7.0
1833,60260,3,2025-07-09,In Progress,,,46.5,,2,2.2,3.1
1834,60260,4,2025-06-23,Completed,2025-06-26,3,44.4,56.1,1,4.0,1.1
1835,60260,5,2025-07-07,Completed,2025-07-11,4,50.4,68.3,2,4.1,1.7
1836,60260,10,2025-04-11,Completed,2025-04-23,12,64.1,77.6,2,4.2,7.1
1837,60260,8,2025-11-17,Completed,2025-11-26,9,60.1,71.2,2,3.8,4.3
1838,60261,1,2025-04-24,Completed,2025-05-19,25,67.5,75.0,1,3.5,6.8
1839,60261,2,2025-06-24,Dropped,,,60.8,,2,2.2,0.7
1840,60261,3,2025-04-29,Not Started,,,57.3,,0,,0.0
1841,60261,4,2025-07-24,Completed,2025-07-25,1,23.7,39.8,2,4.1,1.2
1842,60261,5,2025-08-11,Completed,2025-08-15,4,50.3,54.0,1,4.9,1.5
1843,60261,6,2025-09-12,Completed,2025-09-21,9,55.0,73.2,1,3.9,3.7
1844,60262,1,2025-01-23,Completed,2025-02-03,11,67.5,74.8,2,4.1,5.7
1845,60262,2,2025-02-19,Completed,2025-03-05,14,45.8,46.7,1,3.6,6.4
1846,60262,3,2025-05-18,Completed,2025-05-30,12,45.6,43.3,3,3.2,4.0
1847,60262,4,2025-02-07,Completed,2025-02-10,3,66.4,92.3,2,4.8,0.9
1848,60262,5,2025-08-13,Completed,2025-08-19,6,54.6,78.1,1,4.4,1.4
1849,60262,9,2025-04-04,Completed,2025-04-14,10,55.8,74.9,1,3.2,3.7
1850,60262,10,2025-09-11,Completed,2025-10-04,23,69.5,95.9,2,4.3,5.1
1851,60263,1,2025-03-27,Completed,2025-04-18,22,44.8,60.1,2,3.0,5.7
1852,60263,2,2025-07-04,Completed,2025-07-21,17,54.0,65.5,2,3.2,6.6
1853,60263,3,2025-09-28,Completed,2025-10-09,11,58.3,56.3,1,3.5,4.6
1854,60263,4,2025-09-23,Completed,2025-09-25,2,49.7,73.3,1,4.4,1.0
1855,60263,5,2025-01-28,Completed,2025-02-01,4,49.6,63.9,2,5.0,1.3
1856,60263,7,2025-09-26,Completed,2025-10-02,6,42.3,49.4,2,4.3,2.1
1857,60263,6,2025-10-26,Completed,2025-11-07,12,49.6,58.7,2,4.1,3.8
1858,60263,9,2025-03-28,Completed,2025-04-02,5,53.3,65.1,2,4.4,3.3
1859,60264,1,2025-06-04,Completed,2025-06-30,26,48.3,51.9,1,3.6,5.9
1860,60264,2,2025-11-12,Completed,2025-11-28,16,63.1,65.0,2,2.9,5.9
1861,60264,3,2025-06-21,Completed,2025-07-06,15,67.7,68.9,1,2.8,3.9
1862,60264,4,2025-01-08,Completed,2025-01-09,1,77.7,99.2,1,4.5,0.9
1863,60264,5,2025-10-08,Completed,2025-10-12,4,36.5,65.5,2,5.0,1.7
1864,60264,10,2025-05-06,Completed,2025-05-23,17,44.8,57.9,1,5.0,6.0
1865,60265,1,2025-08-04,Completed,2025-08-18,14,55.6,65.4,3,3.8,6.0
1866,60265,2,2025-11-01,Completed,2025-11-16,15,41.6,48.8,1,3.0,6.3
1867,60265,3,2025-05-01,Not Started,,,46.5,,0,,0.0
1868,60265,4,2025-09-27,Completed,2025-09-30,3,62.2,82.2,1,4.9,1.0
1869,60265,5,2025-09-07,Completed,2025-09-11,4,61.0,76.8,1,4.6,1.5
1870,60265,8,2025-11-07,Completed,2025-11-21,14,57.9,70.1,2,3.9,3.5
1871,60266,1,2025-04-15,Completed,2025-05-03,18,50.5,59.1,1,3.6,6.1
1872,60266,2,2025-08-22,In Progress,,,86.3,,1,2.2,3.1
1873,60266,3,2025-08-06,Completed,2025-08-16,10,61.9,71.5,2,3.1,5.6
1874,60266,4,2025-11-13,Completed,2025-11-15,2,54.8,83.1,1,4.4,1.1
1875,60266,5,2025-03-25,Completed,2025-04-03,9,55.7,76.7,2,4.5,1.7
1876,60266,9,2025-02-26,Completed,2025-03-12,14,36.0,58.9,1,4.3,2.7
1877,60266,8,2025-03-10,Completed,2025-03-23,13,62.1,76.9,1,4.0,5.0
1878,60267,1,2025-01-10,Completed,2025-01-20,10,68.7,77.0,3,3.5,6.2
1879,60267,2,2025-08-29,In Progress,,,60.2,,2,2.7,3.2
1880,60267,3,2025-11-03,In Progress,,,73.3,,1,2.2,2.5
1881,60267,4,2025-05-19,Completed,2025-05-20,1,57.8,68.8,1,4.5,1.1
1882,60267,5,2025-11-15,Completed,2025-11-18,3,65.1,83.5,1,4.5,1.4
1883,60267,8,2025-07-20,Completed,2025-07-31,11,47.9,63.4,1,3.9,4.3
1884,60267,7,2025-04-17,Completed,2025-05-02,15,48.8,60.2,2,3.9,3.1
1885,60267,10,2025-11-12,Completed,2025-11-25,13,40.1,63.4,1,4.2,6.1
1886,60268,1,2025-05-26,Completed,2025-06-12,17,61.3,66.4,2,2.9,6.9
1887,60268,2,2025-07-10,In Progress,,,64.3,,3,3.3,2.0
1888,60268,3,2025-11-10,Completed,2025-11-28,18,67.7,79.2,1,2.6,4.1
1889,60268,4,2025-04-13,Completed,2025-04-16,3,70.1,85.0,1,3.8,1.0
1890,60268,5,2025-07-21,Completed,2025-07-25,4,54.8,76.5,1,4.8,1.9
1891,60268,9,2025-07-05,Not Started,,,74.8,,0,,0.0
1892,60268,8,2025-09-09,In Progress,,,59.0,,2,4.0,2.8
1893,60269,1,2025-05-01,In Progress,,,32.3,,2,2.7,3.1
1894,60269,2,2025-07-20,Completed,2025-08-03,14,55.6,60.9,3,4.3,6.0
1895,60269,3,2025-06-02,Dropped,,,57.0,,4,1.6,1.3
1896,60269,4,2025-10-23,Completed,2025-10-26,3,52.4,56.5,2,4.4,0.9
1897,60269,5,2025-07-11,Completed,2025-07-15,4,60.9,87.3,2,4.8,1.7
1898,60269,9,2025-03-21,Completed,2025-04-01,11,54.9,67.3,1,3.7,2.8
1899,60269,7,2025-07-05,Completed,2025-07-14,9,46.9,61.0,1,4.6,2.6
1900,60269,8,2025-11-18,Completed,2025-12-08,20,52.6,70.4,3,4.4,4.7
1901,60270,1,2025-11-15,Completed,2025-12-16,31,70.9,77.5,2,3.5,6.7
1902,60270,2,2025-03-08,Completed,2025-03-26,18,52.1,66.4,1,3.3,6.9
1903,60270,3,2025-08-23,Completed,2025-09-01,9,60.8,71.7,1,3.1,5.5
1904,60270,4,2025-05-17,Completed,2025-05-19,2,55.6,64.3,3,4.2,1.2
1905,60270,5,2025-04-20,Completed,2025-04-21,1,60.4,80.7,1,4.7,1.4
1906,60270,8,2025-08-31,In Progress,,,48.7,,2,4.8,2.2
1907,60271,1,2025-09-04,Not Started,,,69.2,,0,,0.0
1908,60271,2,2025-07-13,In Progress,,,74.0,,2,2.5,3.2
1909,60271,3,2025-10-19,Completed,2025-11-03,15,39.2,53.9,3,3.0,4.5
1910,60271,4,2025-09-23,Completed,2025-09-26,3,69.5,84.8,2,4.3,1.1
1911,60271,5,2025-11-06,Completed,2025-11-11,5,55.4,75.5,2,4.2,1.7
1912,60271,8,2025-02-04,Completed,2025-02-18,14,57.0,66.2,1,4.0,3.8
1913,60271,9,2025-10-22,Completed,2025-10-26,4,62.2,79.5,1,3.3,3.2
1914,60272,1,2025-01-27,In Progress,,,81.2,,2,2.3,1.9
1915,60272,2,2025-05-18,Completed,2025-06-09,22,95.0,100.0,1,3.1,6.7
1916,60272,3,2025-10-11,Completed,2025-10-18,7,63.7,77.8,1,2.7,5.3
1917,60272,4,2025-02-12,Completed,2025-02-15,3,55.1,78.8,1,3.8,1.0
1918,60272,5,2025-09-15,Completed,2025-09-19,4,55.3,78.2,1,4.8,1.8
1919,60272,9,2025-05-06,Completed,2025-05-17,11,58.7,81.3,1,3.9,3.9
1920,60272,7,2025-04-27,Completed,2025-05-08,11,57.5,69.5,2,4.7,3.2
1921,60272,8,2025-04-13,Completed,2025-04-21,8,44.5,53.5,1,4.3,4.6
1922,60273,1,2025-07-05,Completed,2025-07-31,26,76.4,89.5,1,3.6,7.1
1923,60273,2,2025-09-09,Completed,2025-10-04,25,78.6,88.0,1,2.3,4.8
1924,60273,3,2025-10-25,Completed,2025-11-04,10,70.0,81.8,2,3.6,4.1
1925,60273,4,2025-08-04,Completed,2025-08-07,3,73.9,98.5,1,4.6,0.9
1926,60273,5,2025-09-12,Completed,2025-09-16,4,57.0,76.6,1,4.8,1.5
1927,60273,7,2025-03-05,Completed,2025-03-10,5,66.9,86.0,1,4.3,2.6
1928,60273,9,2025-06-04,Completed,2025-06-12,8,42.5,57.1,2,4.2,2.8
1929,60274,1,2025-07-12,Dropped,,,85.0,,3,1.2,2.4
1930,60274,2,2025-02-20,In Progress,,,70.9,,3,3.3,3.0
1931,60274,3,2025-06-04,In Progress,,,77.5,,1,2.2,2.2
1932,60274,4,2025-01-13,Completed,2025-01-14,1,63.6,89.1,2,4.2,1.1
1933,60274,5,2025-07-01,Completed,2025-07-06,5,70.5,94.9,1,4.6,1.4
1934,60274,7,2025-05-28,Completed,2025-05-29,1,64.8,85.8,1,4.5,2.4
1935,60274,6,2025-02-28,Completed,2025-03-10,10,69.0,92.7,1,4.4,3.0
1936,60274,9,2025-07-14,Completed,2025-07-22,8,69.7,92.9,1,3.8,3.0
1937,60275,1,2025-07-16,Completed,2025-07-31,15,55.7,63.6,2,3.7,7.7
1938,60275,2,2025-10-12,Completed,2025-10-27,15,75.1,80.4,1,4.1,4.9
1939,60275,3,2025-09-20,Completed,2025-09-24,4,69.7,76.2,3,3.2,5.2
1940,60275,4,2025-03-09,Completed,2025-03-12,3,62.0,81.7,2,4.3,1.1
1941,60275,5,2025-01-12,Completed,2025-01-16,4,68.7,94.2,1,5.0,1.6
1942,60275,8,2025-02-11,Completed,2025-02-24,13,55.1,65.5,2,4.1,4.1
1943,60275,9,2025-08-06,Completed,2025-08-17,11,44.9,57.0,1,4.0,3.1
1944,60276,1,2025-08-08,Completed,2025-08-24,16,68.0,75.0,2,2.8,5.5
1945,60276,2,2025-01-09,In Progress,,,56.5,,1,2.6,2.7
1946,60276,3,2025-08-04,Completed,2025-08-17,13,65.1,72.7,2,2.9,4.4
1947,60276,4,2025-09-08,Completed,2025-09-12,4,51.5,73.6,1,4.3,1.0
1948,60276,5,2025-10-19,Completed,2025-10-25,6,59.8,72.9,2,4.4,1.3
1949,60276,10,2025-01-12,Completed,2025-02-06,25,49.9,68.9,2,3.4,6.1
1950,60276,6,2025-06-23,Completed,2025-07-01,8,49.8,57.4,2,4.5,2.6
1951,60277,1,2025-06-19,Completed,2025-06-23,4,76.2,95.9,1,3.4,5.3
1952,60277,2,2025-01-28,Dropped,,,70.3,,2,1.8,1.1
1953,60277,3,2025-10-07,Completed,2025-10-23,16,65.7,74.5,2,3.4,4.8
1954,60277,4,2025-11-13,Completed,2025-11-16,3,50.4,71.5,1,4.4,1.3
1955,60277,5,2025-10-04,Completed,2025-10-10,6,62.3,89.8,1,4.9,1.8
1956,60277,10,2025-05-28,Completed,2025-06-15,18,64.6,82.5,2,3.7,7.3
1957,60277,8,2025-10-28,Completed,2025-11-02,5,74.5,89.6,1,3.9,4.1
1958,60278,1,2025-10-14,Completed,2025-10-24,10,63.3,63.3,2,3.6,6.1
1959,60278,2,2025-02-22,Completed,2025-03-10,16,39.1,32.8,2,3.4,4.9
1960,60278,3,2025-01-22,In Progress,,,51.5,,2,2.3,2.5
1961,60278,4,2025-10-10,Completed,2025-10-13,3,47.5,70.1,1,4.0,1.3
1962,60278,5,2025-03-11,Completed,2025-03-13,2,52.6,67.4,1,4.5,1.6
1963,60278,8,2025-09-06,Completed,2025-09-20,14,58.9,84.6,1,3.9,4.5
1964,60278,9,2025-09-06,Completed,2025-09-13,7,59.6,66.8,1,3.9,3.2
1965,60279,1,2025-08-09,Dropped,,,66.2,,1,1.8,1.6
1966,60279,2,2025-09-29,Completed,2025-10-12,13,64.5,72.4,1,3.6,5.9
1967,60279,3,2025-07-07,Completed,2025-07-19,12,69.6,79.1,1,3.7,4.9
1968,60279,4,2025-04-04,Completed,2025-04-08,4,91.8,100.0,1,5.0,1.0
1969,60279,5,2025-04-06,Not Started,,,62.1,,0,,0.0
1970,60279,10,2025-10-13,Completed,2025-11-09,27,73.8,93.0,3,4.3,5.3
1971,60280,1,2025-03-17,Completed,2025-03-27,10,52.9,52.7,2,3.5,6.6
1972,60280,2,2025-10-19,Not Started,,,61.5,,0,,0.0
1973,60280,3,2025-06-09,Dropped,,,44.1,,2,1.7,0.4
1974,60280,4,2025-01-31,Completed,2025-02-04,4,52.7,61.6,1,4.5,0.9
1975,60280,5,2025-10-03,Completed,2025-10-07,4,63.1,90.1,3,4.4,1.7
1976,60280,6,2025-04-11,Completed,2025-04-22,11,59.7,78.2,1,3.7,3.7
1977,60280,7,2025-08-09,Completed,2025-08-16,7,42.3,57.5,2,4.6,3.0
1978,60281,1,2025-04-23,Completed,2025-05-20,27,43.9,56.4,1,3.3,6.6
1979,60281,2,2025-02-24,Completed,2025-03-13,17,53.5,55.6,2,2.9,5.3
1980,60281,3,2025-10-15,Dropped,,,68.4,,1,2.0,1.0
1981,60281,4,2025-04-08,Completed,2025-04-10,2,59.9,83.1,2,5.0,1.3
1982,60281,5,2025-10-23,Completed,2025-10-28,5,73.5,100.0,1,4.7,1.8
1983,60281,8,2025-08-10,Dropped,,,51.9,,2,2.3,0.5
1984,60282,1,2025-08-27,Completed,2025-09-14,18,50.6,56.1,2,3.6,5.5
1985,60282,2,2025-08-22,Completed,2025-09-11,20,61.5,60.3,1,4.1,6.0
1986,60282,3,2025-05-05,Completed,2025-05-19,14,51.7,53.8,1,3.6,5.5
1987,60282,4,2025-09-27,Completed,2025-09-30,3,55.0,69.7,1,3.2,1.1
1988,60282,5,2025-06-11,Completed,2025-06-13,2,53.9,69.9,1,4.6,1.4
1989,60282,8,2025-03-31,Completed,2025-04-05,5,55.9,55.9,2,3.8,3.9
1990,60282,6,2025-05-21,Completed,2025-05-22,1,67.8,80.1,1,4.2,2.6
1991,60283,1,2025-10-15,Completed,2025-10-26,11,61.6,68.5,1,3.4,6.3
1992,60283,2,2025-03-26,In Progress,,,80.7,,2,1.9,1.6
1993,60283,3,2025-08-03,In Progress,,,54.9,,2,2.9,2.0
1994,60283,4,2025-04-18,Completed,2025-04-21,3,57.4,84.6,1,4.2,1.1
1995,60283,5,2025-01-18,Completed,2025-01-22,4,61.3,84.0,1,4.5,1.4
1996,60283,9,2025-06-09,Completed,2025-06-19,10,50.4,69.6,1,4.1,2.6
1997,60283,10,2025-05-11,Completed,2025-06-05,25,74.4,84.1,2,4.7,5.2
1998,60284,1,2025-09-19,In Progress,,,34.0,,2,2.6,3.3
1999,60284,2,2025-02-16,In Progress,,,37.4,,1,3.2,2.0
2000,60284,3,2025-03-30,Completed,2025-04-23,24,31.4,30.0,1,3.1,4.3
2001,60284,4,2025-04-18,Completed,2025-04-21,3,53.0,70.9,2,5.0,1.2
2002,60284,5,2025-02-16,Completed,2025-02-20,4,49.4,71.0,2,4.4,1.4
2003,60284,8,2025-09-27,Completed,2025-10-07,10,40.9,54.2,2,3.6,5.2
2004,60284,10,2025-07-19,Completed,2025-08-04,16,54.5,59.8,2,4.2,6.5
2005,60285,1,2025-04-04,Completed,2025-04-30,26,71.7,77.5,1,3.5,6.0
2006,60285,2,2025-04-17,Completed,2025-04-30,13,64.0,78.5,1,3.1,5.9
2007,60285,3,2025-02-19,Completed,2025-03-03,12,82.4,95.1,2,3.4,4.1
2008,60285,4,2025-02-28,Completed,2025-03-01,1,83.3,100.0,1,4.2,0.9
2009,60285,5,2025-09-07,Completed,2025-09-09,2,85.9,100.0,1,3.8,1.7
2010,60285,10,2025-11-19,Completed,2025-12-03,14,78.1,96.3,1,3.2,6.2
2011,60285,8,2025-04-29,Completed,2025-05-10,11,77.9,100.0,1,3.7,4.6
2012,60285,9,2025-07-08,Completed,2025-07-14,6,89.6,100.0,1,4.0,2.8
2013,60286,1,2025-06-05,Completed,2025-06-25,20,77.2,84.5,2,2.9,5.2
2014,60286,2,2025-07-25,Completed,2025-08-18,24,61.7,70.4,1,3.3,6.9
2015,60286,3,2025-02-22,Not Started,,,55.3,,0,,0.0
2016,60286,4,2025-11-19,Completed,2025-11-21,2,74.6,83.1,1,4.2,1.1
2017,60286,5,2025-04-29,Completed,2025-05-04,5,69.8,88.4,2,4.8,1.5
2018,60286,10,2025-01-19,Completed,2025-02-19,31,64.7,74.8,1,3.9,6.6
2019,60287,1,2025-10-19,Completed,2025-10-30,11,65.4,80.9,2,3.3,7.2
2020,60287,2,2025-03-04,Completed,2025-03-25,21,83.7,91.2,2,3.2,5.9
2021,60287,3,2025-05-14,Not Started,,,61.4,,0,,0.0
2022,60287,4,2025-08-18,Completed,2025-08-22,4,65.6,81.8,1,4.5,1.1
2023,60287,5,2025-02-08,In Progress,,,74.9,,1,4.2,0.9
2024,60287,8,2025-09-02,Not Started,,,60.9,,0,,0.0
2025,60288,1,2025-08-13,Completed,2025-08-26,13,77.8,95.1,1,3.2,7.4
2026,60288,2,2025-04-19,Completed,2025-05-16,27,64.2,76.6,1,3.2,5.2
2027,60288,3,2025-05-19,In Progress,,,79.8,,1,2.9,1.9
2028,60288,4,2025-05-24,Completed,2025-05-28,4,70.2,92.0,1,4.2,1.1
2029,60288,5,2025-05-29,Completed,2025-06-05,7,56.7,83.3,1,4.7,1.5
2030,60288,10,2025-02-04,Completed,2025-02-22,18,57.2,81.8,1,4.5,6.4
2031,60289,1,2025-08-16,Completed,2025-09-11,26,60.1,71.3,3,3.1,5.8
2032,60289,2,2025-04-26,In Progress,,,38.8,,1,2.5,3.6
2033,60289,3,2025-08-03,Completed,2025-08-19,16,59.0,67.0,1,2.7,4.3
2034,60289,4,2025-06-28,Completed,2025-07-02,4,57.2,75.7,1,4.5,1.2
2035,60289,5,2025-03-11,Completed,2025-03-12,1,52.7,69.7,2,4.4,1.8
2036,60289,8,2025-02-12,Completed,2025-02-26,14,42.3,60.3,1,3.6,3.8
2037,60289,9,2025-03-14,Completed,2025-03-22,8,52.3,66.4,1,3.5,3.2
2038,60290,1,2025-03-16,In Progress,,,35.9,,1,2.5,2.7
2039,60290,2,2025-08-31,Completed,2025-09-15,15,51.9,52.4,3,2.8,5.1
2040,60290,3,2025-04-13,Completed,2025-04-28,15,43.3,47.8,2,3.8,3.8
2041,60290,4,2025-09-13,Completed,2025-09-17,4,57.8,76.0,2,4.4,1.0
2042,60290,5,2025-09-07,Completed,2025-09-12,5,47.8,67.4,1,4.5,1.4
2043,60290,7,2025-06-15,Completed,2025-06-21,6,63.7,73.5,1,4.1,2.9
2044,60290,9,2025-07-04,Completed,2025-07-14,10,52.3,59.3,2,3.6,2.7
2045,60291,1,2025-03-01,In Progress,,,64.0,,2,2.3,3.4
2046,60291,2,2025-10-29,Completed,2025-11-17,19,58.0,63.9,2,3.4,7.1
2047,60291,3,2025-06-30,Completed,2025-07-24,24,72.7,76.6,2,2.4,5.1
2048,60291,4,2025-06-13,Completed,2025-06-14,1,65.2,90.0,1,4.6,1.2
2049,60291,5,2025-01-22,Completed,2025-01-28,6,62.9,84.3,2,4.6,1.7
2050,60291,6,2025-07-10,Completed,2025-07-18,8,84.2,100.0,1,3.9,2.8
2051,60291,9,2025-09-18,Completed,2025-09-28,10,62.6,80.5,1,3.8,3.3
2052,60292,1,2025-03-10,Completed,2025-04-03,24,46.4,56.3,2,2.8,6.7
2053,60292,2,2025-09-22,Completed,2025-10-18,26,48.8,54.0,2,3.7,5.0
2054,60292,3,2025-06-30,Not Started,,,74.1,,0,,0.0
2055,60292,4,2025-05-12,Completed,2025-05-15,3,65.8,84.8,1,4.6,1.2
2056,60292,5,2025-03-23,Completed,2025-03-29,6,72.4,97.0,2,3.3,1.3
2057,60292,8,2025-03-18,Completed,2025-03-30,12,51.0,66.4,1,3.5,4.6
2058,60293,1,2025-11-05,Completed,2025-11-30,25,50.2,57.0,2,4.6,6.8
2059,60293,2,2025-05-01,Completed,2025-05-16,15,58.6,54.9,2,2.9,6.2
2060,60293,3,2025-02-15,Completed,2025-02-22,7,67.2,87.7,3,3.4,4.0
2061,60293,4,2025-10-27,Completed,2025-10-30,3,48.3,64.1,2,3.4,1.1
2062,60293,5,2025-09-14,Completed,2025-09-17,3,68.6,90.3,2,4.3,1.3
2063,60293,7,2025-05-08,Completed,2025-05-11,3,46.7,64.1,2,4.2,2.7
2064,60293,6,2025-05-11,Completed,2025-05-17,6,53.1,63.7,1,3.9,3.0
2065,60293,10,2025-01-20,Not Started,,,68.8,,0,,0.0
2066,60294,1,2025-06-23,Not Started,,,59.7,,0,,0.0
2067,60294,2,2025-02-11,Completed,2025-02-23,12,50.1,48.9,1,3.3,6.4
2068,60294,3,2025-05-22,Dropped,,,37.5,,1,2.6,1.2
2069,60294,4,2025-05-18,Completed,2025-05-19,1,52.2,62.6,2,4.5,1.2
2070,60294,5,2025-10-22,Completed,2025-10-28,6,41.5,55.9,2,4.6,1.6
2071,60294,6,2025-08-14,Completed,2025-08-26,12,36.3,52.0,2,3.9,2.6
2072,60294,9,2025-03-31,Completed,2025-04-13,13,54.1,65.8,2,4.2,2.6
2073,60294,10,2025-11-08,Completed,2025-11-23,15,48.5,67.0,1,4.3,6.0
2074,60295,1,2025-06-01,Not Started,,,73.0,,0,,0.0
2075,60295,2,2025-07-31,Completed,2025-08-19,19,62.4,68.1,1,3.9,5.8
2076,60295,3,2025-06-07,Completed,2025-06-24,17,51.8,56.1,2,3.0,5.8
2077,60295,4,2025-08-31,Completed,2025-09-02,2,50.6,61.8,1,5.0,1.0
2078,60295,5,2025-03-23,Completed,2025-03-29,6,63.9,86.4,1,4.7,1.9
2079,60295,7,2025-07-10,Completed,2025-07-16,6,45.6,62.4,2,4.8,2.2
2080,60295,6,2025-06-26,Completed,2025-07-04,8,55.3,73.8,2,4.1,3.5
2081,60296,1,2025-07-19,Completed,2025-08-18,30,35.2,30.1,2,3.4,5.6
2082,60296,2,2025-03-28,Completed,2025-04-11,14,29.7,25.7,1,3.2,5.9
2083,60296,3,2025-08-25,Completed,2025-09-09,15,43.6,36.5,2,3.4,5.3
2084,60296,4,2025-01-27,Completed,2025-01-29,2,25.5,32.0,1,4.5,0.9
2085,60296,5,2025-02-21,Completed,2025-02-25,4,33.0,42.3,2,4.1,1.5
2086,60296,10,2025-06-16,Completed,2025-07-03,17,37.5,46.5,2,4.3,7.6
2087,60297,1,2025-01-13,Completed,2025-01-27,14,55.8,67.2,1,3.4,6.1
2088,60297,2,2025-06-15,In Progress,,,41.4,,2,2.4,2.5
2089,60297,3,2025-07-14,In Progress,,,60.7,,1,2.6,3.0
2090,60297,4,2025-03-30,Completed,2025-04-02,3,72.0,78.9,1,4.4,0.9
2091,60297,5,2025-03-21,Completed,2025-03-22,1,59.2,82.7,1,4.5,1.9
2092,60297,6,2025-02-09,Completed,2025-02-20,11,57.5,73.5,3,4.2,3.7
2093,60297,8,2025-10-24,Completed,2025-10-28,4,52.2,71.0,3,3.6,3.6
2094,60298,1,2025-04-25,Dropped,,,51.8,,2,1.9,2.1
2095,60298,2,2025-02-09,In Progress,,,44.6,,1,2.7,2.6
2096,60298,3,2025-01-22,In Progress,,,33.1,,1,3.2,2.9
2097,60298,4,2025-06-26,Completed,2025-06-27,1,75.0,87.7,2,4.6,1.0
2098,60298,5,2025-06-15,Completed,2025-06-16,1,64.2,82.2,1,4.3,1.4
2099,60298,9,2025-02-08,Completed,2025-02-15,7,61.5,68.1,2,4.4,2.8
2100,60298,7,2025-10-13,Completed,2025-10-20,7,79.2,100.0,2,3.8,2.7
2101,60299,1,2025-03-26,Not Started,,,69.6,,0,,0.0
2102,60299,2,2025-09-15,Completed,2025-10-08,23,35.3,45.0,1,2.8,5.6
2103,60299,3,2025-09-04,Completed,2025-09-16,12,51.8,66.5,2,3.4,5.1
2104,60299,4,2025-07-27,Completed,2025-07-28,1,48.0,63.7,1,4.4,1.2
2105,60299,5,2025-06-11,Completed,2025-06-13,2,59.8,84.6,2,4.5,1.6
2106,60299,10,2025-08-10,In Progress,,,65.0,,1,3.6,3.9
2107,60299,7,2025-07-10,Completed,2025-07-18,8,51.9,61.5,2,3.8,2.9
2108,60300,1,2025-04-22,In Progress,,,37.9,,3,2.7,2.1
2109,60300,2,2025-10-07,Not Started,,,65.1,,0,,0.0
2110,60300,3,2025-07-11,In Progress,,,40.5,,2,2.9,2.8
2111,60300,4,2025-09-03,Completed,2025-09-06,3,62.7,76.8,2,4.4,1.0
2112,60300,5,2025-08-04,Completed,2025-08-10,6,46.2,66.8,2,5.0,1.9
2113,60300,7,2025-08-10,Completed,2025-08-15,5,64.7,73.7,1,4.1,2.3
2114,60300,10,2025-11-16,Completed,2025-12-02,16,66.2,80.2,2,4.5,7.2
2115,60301,1,2025-01-28,Completed,2025-02-22,25,48.6,59.1,1,3.1,5.8
2116,60301,2,2025-03-07,Dropped,,,51.1,,1,2.4,0.8
2117,60301,3,2025-04-01,In Progress,,,62.6,,1,2.1,2.1
2118,60301,4,2025-04-16,Completed,2025-04-18,2,42.7,66.8,1,4.3,1.0
2119,60301,5,2025-06-16,Completed,2025-06-18,2,69.9,95.1,2,4.0,1.7
2120,60301,6,2025-06-24,Completed,2025-07-02,8,56.3,75.7,2,3.9,3.4
2121,60302,1,2025-03-31,Not Started,,,58.7,,0,,0.0
2122,60302,2,2025-03-29,Completed,2025-04-13,15,82.5,97.8,1,3.1,6.5
2123,60302,3,2025-08-18,Completed,2025-08-31,13,72.3,89.1,2,3.6,5.4
2124,60302,4,2025-11-16,Completed,2025-11-19,3,69.4,81.7,3,4.7,1.1
2125,60302,5,2025-05-02,Completed,2025-05-04,2,69.7,95.8,1,4.6,1.5
2126,60302,6,2025-05-09,Completed,2025-05-18,9,59.5,75.3,1,4.5,3.4
2127,60303,1,2025-06-27,Completed,2025-07-25,28,84.5,98.1,1,3.6,5.2
2128,60303,2,2025-04-07,In Progress,,,69.5,,2,2.8,3.3
2129,60303,3,2025-06-02,Completed,2025-06-06,4,77.8,80.1,1,3.1,4.9
2130,60303,4,2025-07-03,Completed,2025-07-06,3,89.0,100.0,1,4.7,1.1
2131,60303,5,2025-05-11,Completed,2025-05-17,6,51.5,70.5,1,4.9,1.9
2132,60303,6,2025-05-04,Completed,2025-05-12,8,80.3,99.1,1,3.4,3.3
2133,60303,7,2025-11-04,Completed,2025-11-06,2,72.7,100.0,1,4.4,2.2
2134,60304,1,2025-10-31,Completed,2025-11-18,18,57.6,67.5,3,3.0,5.7
2135,60304,2,2025-04-10,Not Started,,,50.2,,0,,0.0
2136,60304,3,2025-07-24,Completed,2025-08-01,8,65.7,77.3,2,3.5,4.1
2137,60304,4,2025-02-18,Completed,2025-02-21,3,39.6,49.4,2,4.5,1.2
2138,60304,5,2025-06-25,Completed,2025-07-01,6,43.7,61.4,1,3.9,1.6
2139,60304,10,2025-08-12,Completed,2025-08-31,19,65.5,83.1,2,3.9,6.1
2140,60304,7,2025-08-13,Completed,2025-08-19,6,65.4,73.3,1,4.0,2.7
2141,60305,1,2025-03-05,Completed,2025-03-19,14,57.9,66.3,2,3.7,6.0
2142,60305,2,2025-07-08,Completed,2025-07-21,13,42.3,58.9,1,3.7,5.7
2143,60305,3,2025-01-07,Completed,2025-01-27,20,30.1,42.0,1,3.6,4.0
2144,60305,4,2025-06-03,Completed,2025-06-05,2,83.1,99.5,1,4.3,1.0
2145,60305,5,2025-04-12,Completed,2025-04-15,3,69.8,86.4,1,4.2,1.4
2146,60305,10,2025-10-12,Completed,2025-11-09,28,64.7,69.9,2,3.9,6.9
2147,60305,8,2025-10-04,Completed,2025-10-10,6,63.6,77.4,2,4.1,3.8
2148,60306,1,2025-09-05,In Progress,,,36.7,,1,2.3,1.9
2149,60306,2,2025-08-19,In Progress,,,56.3,,1,3.0,3.1
2150,60306,3,2025-10-25,Completed,2025-11-05,11,38.1,33.6,3,3.9,4.1
2151,60306,4,2025-02-12,Completed,2025-02-13,1,68.2,75.2,3,4.9,1.2
2152,60306,5,2025-06-10,Completed,2025-06-16,6,47.5,56.3,1,4.6,1.6
2153,60306,6,2025-01-15,Completed,2025-01-23,8,50.5,62.3,3,4.7,3.7
2154,60306,10,2025-06-17,Completed,2025-06-27,10,38.8,44.4,2,3.9,6.8
2155,60306,8,2025-03-01,Completed,2025-03-18,17,47.4,61.4,2,4.1,4.0
2156,60307,1,2025-02-08,Completed,2025-03-14,34,76.4,92.6,1,3.3,5.2
2157,60307,2,2025-02-16,In Progress,,,63.4,,1,2.7,3.8
2158,60307,3,2025-02-11,Completed,2025-03-04,21,58.4,67.4,1,3.3,5.3
2159,60307,4,2025-04-17,Completed,2025-04-21,4,81.8,92.6,1,4.4,0.9
2160,60307,5,2025-05-01,Completed,2025-05-06,5,73.3,89.6,1,4.9,1.9
2161,60307,8,2025-11-09,Completed,2025-11-15,6,80.7,97.6,2,4.2,4.2
2162,60307,7,2025-01-25,Completed,2025-02-02,8,61.8,86.7,1,4.1,2.4
2163,60308,1,2025-06-28,Dropped,,,64.0,,2,1.8,2.4
2164,60308,2,2025-02-24,In Progress,,,72.5,,2,3.6,3.7
2165,60308,3,2025-05-28,Completed,2025-06-11,14,59.9,67.1,2,3.3,5.3
2166,60308,4,2025-02-10,Completed,2025-02-14,4,59.0,79.3,1,4.7,0.9
2167,60308,5,2025-08-27,Completed,2025-09-01,5,67.1,82.2,1,4.9,1.9
2168,60308,9,2025-05-31,Completed,2025-06-14,14,59.4,79.5,1,3.4,3.7
2169,60309,1,2025-03-10,Completed,2025-03-18,8,46.2,54.0,1,3.1,7.5
2170,60309,2,2025-04-01,Dropped,,,53.0,,2,2.3,1.7
2171,60309,3,2025-02-21,Completed,2025-03-01,8,38.9,43.9,1,3.1,4.8
2172,60309,4,2025-05-05,Completed,2025-05-08,3,42.5,60.7,1,4.9,0.9
2173,60309,5,2025-07-24,Completed,2025-07-28,4,49.6,65.2,2,4.2,1.9
2174,60309,9,2025-05-14,Completed,2025-05-20,6,47.3,63.0,1,3.7,3.0
2175,60309,6,2025-07-17,Completed,2025-07-27,10,52.1,58.1,2,3.6,3.3
2176,60310,1,2025-01-07,Completed,2025-01-29,22,60.9,59.9,2,3.9,5.4
2177,60310,2,2025-03-02,In Progress,,,46.5,,3,3.1,3.2
2178,60310,3,2025-11-18,In Progress,,,45.9,,1,2.4,2.9
2179,60310,4,2025-02-28,Completed,2025-03-01,1,39.3,58.7,2,4.6,1.1
2180,60310,5,2025-10-07,Completed,2025-10-11,4,70.4,90.4,2,4.5,1.7
2181,60310,8,2025-07-05,Completed,2025-07-14,9,52.0,58.8,2,4.7,4.8
2182,60310,6,2025-07-18,Not Started,,,62.1,,0,,0.0
2183,60310,9,2025-03-26,Not Started,,,65.0,,0,,0.0
2184,60311,1,2025-02-22,Completed,2025-03-16,22,59.6,68.9,3,2.9,5.3
2185,60311,2,2025-08-21,Completed,2025-08-30,9,70.3,72.5,2,3.5,7.1
2186,60311,3,2025-02-21,Not Started,,,39.9,,0,,0.0
2187,60311,4,2025-08-16,Completed,2025-08-17,1,53.8,72.0,1,4.5,1.0
2188,60311,5,2025-11-16,Completed,2025-11-20,4,42.9,66.7,2,5.0,1.7
2189,60311,7,2025-09-20,Completed,2025-10-04,14,72.8,89.8,1,4.5,2.4
2190,60312,1,2025-02-04,Completed,2025-02-17,13,60.3,75.4,2,2.5,5.7
2191,60312,2,2025-04-24,Completed,2025-05-17,23,46.0,48.6,1,3.6,4.9
2192,60312,3,2025-08-06,Completed,2025-08-16,10,46.6,54.5,2,2.8,5.8
2193,60312,4,2025-05-06,Completed,2025-05-09,3,51.1,67.4,1,4.4,1.3
2194,60312,5,2025-03-03,Completed,2025-03-06,3,64.2,86.5,2,4.4,1.5
2195,60312,8,2025-08-07,Completed,2025-08-21,14,60.8,74.3,1,3.5,4.7
2196,60312,6,2025-05-16,Completed,2025-05-24,8,70.0,85.9,1,3.9,3.2
2197,60312,7,2025-01-14,Completed,2025-01-23,9,56.8,74.0,3,3.7,2.3
2198,60313,1,2025-10-24,Completed,2025-11-11,18,49.2,53.7,2,3.6,5.5
2199,60313,2,2025-04-11,Not Started,,,65.8,,0,,0.0
2200,60313,3,2025-03-16,Completed,2025-04-09,24,65.1,77.0,1,3.0,5.4
2201,60313,4,2025-10-27,Completed,2025-10-30,3,68.1,81.7,1,4.6,1.0
2202,60313,5,2025-02-06,Completed,2025-02-09,3,74.7,86.8,2,4.0,1.3
2203,60313,9,2025-09-01,Completed,2025-09-17,16,51.7,69.4,1,4.5,2.6
2204,60313,7,2025-10-10,Completed,2025-10-17,7,38.4,53.1,2,3.9,2.9
2205,60313,6,2025-11-18,Completed,2025-11-26,8,59.1,75.0,1,3.8,3.6
2206,60314,1,2025-11-15,Dropped,,,61.5,,2,1.2,1.2
2207,60314,2,2025-07-18,Completed,2025-08-01,14,64.5,66.4,3,3.7,6.0
2208,60314,3,2025-07-22,Completed,2025-08-11,20,54.8,60.5,1,2.7,3.9
2209,60314,4,2025-05-17,Completed,2025-05-20,3,58.7,79.4,2,4.6,1.2
2210,60314,5,2025-06-09,Completed,2025-06-13,4,45.0,66.4,2,4.6,1.5
2211,60314,9,2025-01-11,In Progress,,,63.2,,2,3.4,1.5
2212,60314,6,2025-08-22,Completed,2025-08-25,3,46.3,61.1,1,4.2,2.9
2213,60315,1,2025-10-08,Completed,2025-10-24,16,71.1,71.1,2,3.2,6.0
2214,60315,2,2025-10-31,Completed,2025-11-18,18,49.2,58.0,1,3.1,5.8
2215,60315,3,2025-04-08,Completed,2025-04-18,10,59.2,56.4,1,3.4,4.1
2216,60315,4,2025-02-09,Completed,2025-02-10,1,66.5,91.6,2,4.3,1.3
2217,60315,5,2025-10-16,Completed,2025-10-18,2,41.3,57.1,2,3.8,1.7
2218,60315,10,2025-03-11,Completed,2025-03-28,17,41.3,57.7,2,4.3,6.6
2219,60316,1,2025-03-26,Completed,2025-04-19,24,77.7,76.3,2,3.6,5.2
2220,60316,2,2025-03-17,In Progress,,,63.8,,1,2.5,2.2
2221,60316,3,2025-03-30,Completed,2025-04-04,5,59.1,65.7,2,3.5,4.6
2222,60316,4,2025-05-09,Completed,2025-05-12,3,68.5,81.1,1,4.4,1.2
2223,60316,5,2025-08-09,Completed,2025-08-12,3,61.5,76.3,1,4.4,1.4
2224,60316,9,2025-03-23,Completed,2025-04-02,10,44.0,62.3,2,3.8,3.5
2225,60316,7,2025-10-27,Completed,2025-11-03,7,60.0,76.6,1,3.9,3.0
2226,60316,10,2025-07-13,In Progress,,,60.9,,1,3.5,3.1
2227,60317,1,2025-04-07,Not Started,,,36.7,,0,,0.0
2228,60317,2,2025-09-19,Completed,2025-10-03,14,43.4,38.6,2,4.3,4.9
2229,60317,3,2025-08-13,In Progress,,,44.6,,1,2.6,1.8
2230,60317,4,2025-09-02,Completed,2025-09-06,4,41.7,46.7,2,4.6,0.9
2231,60317,5,2025-03-27,Completed,2025-03-30,3,74.7,90.6,2,5.0,1.8
2232,60317,6,2025-07-01,Completed,2025-07-14,13,41.9,56.4,2,4.1,3.4
2233,60318,1,2025-09-29,Completed,2025-10-24,25,77.9,92.3,2,3.8,5.2
2234,60318,2,2025-02-21,In Progress,,,73.0,,2,2.9,1.5
2235,60318,3,2025-09-17,Completed,2025-10-07,20,74.4,85.5,2,3.2,3.9
2236,60318,4,2025-08-15,Completed,2025-08-17,2,69.1,90.0,1,4.4,1.0
2237,60318,5,2025-03-27,Not Started,,,68.9,,0,,0.0
2238,60318,10,2025-04-21,Completed,2025-05-09,18,69.9,92.0,2,4.1,6.5
2239,60318,7,2025-06-08,In Progress,,,95.0,,2,4.1,0.7
2240,60319,1,2025-04-05,Completed,2025-04-20,15,59.8,64.8,1,3.0,6.5
2241,60319,2,2025-04-14,Not Started,,,71.9,,0,,0.0
2242,60319,3,2025-10-05,Completed,2025-10-17,12,78.1,89.0,2,2.8,4.3
2243,60319,4,2025-10-17,Completed,2025-10-20,3,62.4,89.2,1,4.3,1.2
2244,60319,5,2025-11-01,Completed,2025-11-04,3,79.1,100.0,1,4.3,1.3
2245,60319,6,2025-05-24,Completed,2025-06-03,10,85.8,100.0,2,3.8,2.6
2246,60319,9,2025-01-28,Completed,2025-02-04,7,65.6,78.8,2,4.3,3.1
2247,60320,1,2025-03-01,Not Started,,,62.8,,0,,0.0
2248,60320,2,2025-09-28,Completed,2025-10-15,17,52.3,59.1,2,3.0,5.6
2249,60320,3,2025-06-25,Completed,2025-07-03,8,74.8,85.2,1,2.8,5.6
2250,60320,4,2025-10-26,Completed,2025-10-31,5,66.5,93.7,2,4.8,1.0
2251,60320,5,2025-11-08,Completed,2025-11-12,4,67.1,87.9,1,4.7,1.5
2252,60320,9,2025-09-29,Completed,2025-10-10,11,62.1,73.4,1,4.2,3.1
2253,60320,10,2025-11-16,Completed,2025-12-13,27,69.4,89.0,2,4.1,6.4
2254,60321,1,2025-05-24,Completed,2025-06-15,22,62.8,76.1,3,3.9,7.7
2255,60321,2,2025-04-30,Completed,2025-05-16,16,49.4,58.1,2,3.2,6.1
2256,60321,3,2025-07-18,Dropped,,,49.9,,3,2.3,0.5
2257,60321,4,2025-06-08,Completed,2025-06-10,2,65.5,85.7,2,4.7,0.9
2258,60321,5,2025-01-21,Completed,2025-01-23,2,60.3,80.7,2,4.2,1.9
2259,60321,10,2025-04-19,Not Started,,,56.5,,0,,0.0
2260,60321,6,2025-08-01,Completed,2025-08-11,10,59.1,79.3,1,4.0,3.3
2261,60321,9,2025-08-18,Completed,2025-09-02,15,55.9,60.2,1,3.3,2.7
2262,60322,1,2025-01-23,Completed,2025-02-23,31,36.7,45.8,2,3.2,7.3
2263,60322,2,2025-08-13,Not Started,,,42.8,,0,,0.0
2264,60322,3,2025-02-13,Completed,2025-03-12,27,63.6,72.1,2,3.9,4.9
2265,60322,4,2025-08-05,Completed,2025-08-09,4,53.8,71.6,1,4.7,1.2
2266,60322,5,2025-07-21,Completed,2025-07-24,3,42.3,60.1,1,4.4,1.4
2267,60322,6,2025-05-01,Completed,2025-05-10,9,51.0,71.2,1,4.0,3.4
2268,60322,10,2025-11-17,Completed,2025-12-10,23,39.7,54.7,2,3.4,6.6
2269,60323,1,2025-06-29,Completed,2025-07-25,26,58.5,64.4,3,3.4,7.2
2270,60323,2,2025-07-21,Completed,2025-08-14,24,63.8,74.8,2,3.6,6.2
2271,60323,3,2025-04-05,Not Started,,,66.4,,0,,0.0
2272,60323,4,2025-04-12,Completed,2025-04-16,4,62.5,75.9,2,4.7,1.2
2273,60323,5,2025-01-06,Completed,2025-01-12,6,39.8,56.3,1,5.0,1.3
2274,60323,10,2025-06-19,Completed,2025-07-03,14,60.8,76.0,1,4.4,6.9
2275,60324,1,2025-10-15,Completed,2025-11-08,24,74.0,79.9,3,2.7,7.2
2276,60324,2,2025-02-28,In Progress,,,59.5,,2,2.6,1.9
2277,60324,3,2025-11-06,Dropped,,,67.0,,2,1.6,1.4
2278,60324,4,2025-11-06,Completed,2025-11-07,1,55.3,70.2,1,4.9,1.2
2279,60324,5,2025-03-29,Completed,2025-04-01,3,54.6,69.5,1,4.9,1.4
2280,60324,10,2025-07-23,Not Started,,,54.9,,0,,0.0
2281,60324,8,2025-03-27,Completed,2025-04-09,13,66.9,84.4,2,3.7,5.1
2282,60325,1,2025-04-27,Completed,2025-05-19,22,64.0,76.2,1,3.4,6.9
2283,60325,2,2025-03-08,Completed,2025-03-18,10,56.2,62.9,1,3.0,7.0
2284,60325,3,2025-01-25,Completed,2025-02-11,17,89.0,94.9,2,3.1,4.7
2285,60325,4,2025-06-14,Completed,2025-06-18,4,75.8,100.0,2,4.7,1.1
2286,60325,5,2025-08-16,Completed,2025-08-22,6,78.7,100.0,1,3.9,1.8
2287,60325,10,2025-08-06,Completed,2025-08-18,12,78.2,100.0,1,4.5,7.4
2288,60325,9,2025-09-26,Completed,2025-10-03,7,78.8,98.4,2,4.6,3.2
2289,60326,1,2025-10-31,Dropped,,,67.7,,2,2.4,1.5
2290,60326,2,2025-05-05,Completed,2025-05-22,17,73.8,76.7,1,2.6,6.9
2291,60326,3,2025-05-13,Completed,2025-06-01,19,69.2,76.1,2,4.3,5.6
2292,60326,4,2025-11-09,Dropped,,,68.6,,2,3.3,0.1
2293,60326,5,2025-06-17,Completed,2025-06-20,3,91.6,100.0,1,4.6,1.9
2294,60326,10,2025-06-10,Completed,2025-07-01,21,77.3,100.0,3,4.7,5.4
2295,60327,1,2025-10-02,Completed,2025-10-25,23,66.7,81.5,2,3.5,5.9
2296,60327,2,2025-07-24,In Progress,,,59.8,,1,2.7,2.4
2297,60327,3,2025-08-26,Not Started,,,80.5,,0,,0.0
2298,60327,4,2025-09-25,Completed,2025-09-27,2,47.5,69.5,1,4.5,1.1
2299,60327,5,2025-06-04,Completed,2025-06-07,3,67.1,89.4,1,4.5,1.5
2300,60327,10,2025-09-11,Completed,2025-10-05,24,69.3,88.1,2,4.1,5.2
2301,60327,9,2025-09-09,Completed,2025-09-18,9,58.2,75.3,1,4.2,3.2
2302,60328,1,2025-01-22,Completed,2025-02-11,20,37.8,31.4,4,3.7,5.5
2303,60328,2,2025-09-22,Completed,2025-10-06,14,48.3,48.0,2,3.4,5.2
2304,60328,3,2025-04-11,Completed,2025-04-27,16,21.1,12.8,3,3.1,5.3
2305,60328,4,2025-09-26,Completed,2025-09-27,1,37.5,49.6,3,4.4,1.2
2306,60328,5,2025-01-22,Completed,2025-01-26,4,63.3,67.6,3,4.4,1.5
2307,60328,10,2025-06-28,Completed,2025-07-07,9,22.9,26.5,3,3.8,5.1
2308,60328,7,2025-09-10,Completed,2025-09-24,14,29.2,32.0,2,4.3,2.8
2309,60329,1,2025-06-03,Dropped,,,45.7,,2,1.9,1.6
2310,60329,2,2025-07-12,Completed,2025-07-28,16,30.3,35.2,1,3.0,5.0
2311,60329,3,2025-01-29,Dropped,,,62.6,,3,2.3,1.2
2312,60329,4,2025-03-02,Completed,2025-03-05,3,54.8,69.4,1,4.4,1.3
2313,60329,5,2025-10-26,Completed,2025-10-31,5,60.2,75.2,1,4.4,1.5
2314,60329,10,2025-07-13,Completed,2025-07-27,14,51.8,66.9,1,5.0,5.5
2315,60329,6,2025-11-10,Dropped,,,45.1,,2,2.7,0.9
2316,60330,1,2025-09-10,Completed,2025-09-26,16,59.6,62.9,3,4.1,6.2
2317,60330,2,2025-08-13,Completed,2025-08-26,13,56.8,65.2,1,3.3,5.5
2318,60330,3,2025-07-21,Completed,2025-08-01,11,66.2,77.3,2,2.4,5.5
2319,60330,4,2025-08-01,Completed,2025-08-05,4,61.4,78.6,2,4.7,1.0
2320,60330,5,2025-10-28,Completed,2025-11-02,5,60.0,79.1,2,4.0,1.9
2321,60330,9,2025-03-05,Completed,2025-03-18,13,77.3,92.5,1,4.4,3.1
2322,60330,10,2025-02-06,Completed,2025-02-26,20,75.3,89.5,1,3.9,6.1
2323,60331,1,2025-01-28,Dropped,,,66.9,,1,1.7,0.4
2324,60331,2,2025-10-16,Completed,2025-10-26,10,67.1,78.5,2,2.6,6.2
2325,60331,3,2025-02-03,Completed,2025-02-18,15,58.7,59.7,2,2.8,4.8
2326,60331,4,2025-07-03,Completed,2025-07-08,5,63.7,74.5,1,5.0,1.1
2327,60331,5,2025-02-02,Completed,2025-02-06,4,73.0,96.7,2,4.9,1.4
2328,60331,10,2025-10-28,Completed,2025-11-23,26,60.2,71.5,2,4.4,6.9
2329,60331,6,2025-04-03,Completed,2025-04-10,7,66.8,80.1,2,4.6,3.1
2330,60331,9,2025-09-30,Completed,2025-10-11,11,79.1,97.7,2,4.0,3.5
2331,60332,1,2025-07-30,Completed,2025-08-18,19,64.3,70.7,1,2.8,5.6
2332,60332,2,2025-05-16,Completed,2025-06-20,35,68.2,74.1,2,2.7,4.9
2333,60332,3,2025-07-27,Completed,2025-08-02,6,51.2,67.4,2,3.1,5.4
2334,60332,4,2025-08-04,Completed,2025-08-08,4,54.3,69.7,2,4.1,1.1
2335,60332,5,2025-09-10,Completed,2025-09-14,4,52.3,66.1,1,5.0,1.3
2336,60332,8,2025-03-20,Completed,2025-03-27,7,49.8,66.9,3,4.3,4.3
2337,60332,9,2025-08-24,Completed,2025-09-04,11,56.5,72.8,2,4.0,2.9
2338,60332,6,2025-01-23,Completed,2025-02-01,9,55.8,73.4,1,4.1,3.3
2339,60333,1,2025-01-13,Completed,2025-01-27,14,46.1,44.9,2,3.7,6.1
2340,60333,2,2025-06-08,Not Started,,,64.3,,0,,0.0
2341,60333,3,2025-03-05,Completed,2025-03-20,15,59.5,71.7,1,2.7,5.0
2342,60333,4,2025-11-18,Completed,2025-11-20,2,38.4,54.6,1,4.7,1.3
2343,60333,5,2025-09-12,Completed,2025-09-18,6,58.5,81.5,2,4.6,1.9
2344,60333,6,2025-01-07,Completed,2025-01-16,9,43.9,55.2,2,4.2,3.7
2345,60333,9,2025-11-19,Dropped,,,61.0,,1,2.4,0.9
2346,60333,10,2025-10-25,Completed,2025-11-11,17,44.1,62.6,2,3.7,5.7
2347,60334,1,2025-05-30,Completed,2025-06-11,12,51.5,60.2,1,3.3,7.0
2348,60334,2,2025-04-04,Not Started,,,52.5,,0,,0.0
2349,60334,3,2025-02-06,Not Started,,,48.2,,0,,0.0
2350,60334,4,2025-09-03,Completed,2025-09-06,3,36.8,51.8,3,4.7,1.0
2351,60334,5,2025-03-30,Completed,2025-04-03,4,65.8,81.4,2,4.1,1.9
2352,60334,9,2025-02-01,Completed,2025-02-08,7,57.0,80.0,2,3.7,3.4
2353,60334,6,2025-09-24,Completed,2025-10-01,7,67.7,91.6,2,4.4,2.7
2354,60335,1,2025-07-29,Completed,2025-08-13,15,43.5,43.4,3,3.2,5.4
2355,60335,2,2025-08-06,In Progress,,,59.6,,2,2.7,1.7
2356,60335,3,2025-02-15,Completed,2025-02-28,13,54.5,65.6,1,4.0,4.5
2357,60335,4,2025-11-15,Dropped,,,56.3,,1,2.7,0.3
2358,60335,5,2025-10-21,Completed,2025-10-23,2,64.8,95.0,1,4.2,1.8
2359,60335,7,2025-07-27,Completed,2025-08-01,5,82.2,97.8,2,3.9,2.2
2360,60336,1,2025-06-13,In Progress,,,38.6,,2,2.9,2.6
2361,60336,2,2025-01-25,Completed,2025-02-17,23,45.6,38.2,3,3.7,5.4
2362,60336,3,2025-04-02,Completed,2025-04-14,12,20.0,25.6,2,2.9,5.3
2363,60336,4,2025-11-04,Completed,2025-11-05,1,47.5,62.0,2,4.6,1.2
2364,60336,5,2025-09-30,Completed,2025-10-02,2,51.7,69.2,2,5.0,1.9
2365,60336,10,2025-06-04,Completed,2025-06-29,25,25.6,37.5,2,5.0,6.5
2366,60336,7,2025-05-26,Completed,2025-06-04,9,44.0,55.8,1,5.0,2.6
2367,60337,1,2025-01-26,Dropped,,,60.2,,2,1.5,0.6
2368,60337,2,2025-02-05,In Progress,,,57.5,,2,2.5,2.8
2369,60337,3,2025-04-07,Completed,2025-04-16,9,54.1,49.9,2,3.3,5.5
2370,60337,4,2025-11-01,Completed,2025-11-03,2,36.9,61.6,1,4.8,0.9
2371,60337,5,2025-02-05,Completed,2025-02-11,6,68.9,81.2,2,5.0,1.6
2372,60337,6,2025-05-14,Completed,2025-05-24,10,52.7,72.1,2,4.7,2.8
2373,60337,8,2025-04-02,In Progress,,,55.5,,2,2.7,1.8
2374,60338,1,2025-10-17,Not Started,,,57.9,,0,,0.0
2375,60338,2,2025-03-02,Not Started,,,58.6,,0,,0.0
2376,60338,3,2025-06-20,Completed,2025-06-29,9,66.0,74.7,1,3.3,4.4
2377,60338,4,2025-10-25,Not Started,,,66.1,,0,,0.0
2378,60338,5,2025-09-12,Completed,2025-09-18,6,62.8,84.4,1,4.8,1.4
2379,60338,10,2025-06-03,Completed,2025-06-16,13,62.1,83.1,3,3.7,6.9
2380,60338,9,2025-07-12,Completed,2025-07-17,5,66.0,81.1,3,4.4,2.9
2381,60339,1,2025-09-08,In Progress,,,45.1,,2,1.9,3.4
2382,60339,2,2025-09-02,Completed,2025-09-19,17,57.2,67.2,2,3.0,5.1
2383,60339,3,2025-01-14,In Progress,,,46.8,,2,2.9,1.3
2384,60339,4,2025-03-25,Completed,2025-03-28,3,61.7,72.1,2,4.4,1.0
2385,60339,5,2025-03-13,Completed,2025-03-14,1,53.7,82.0,1,4.9,1.4
2386,60339,8,2025-05-28,Completed,2025-06-09,12,59.8,77.6,2,4.0,4.6
2387,60339,9,2025-09-19,Completed,2025-10-03,14,47.5,69.8,2,4.1,2.8
2388,60340,1,2025-07-03,Completed,2025-08-05,33,57.3,69.1,1,3.4,6.7
2389,60340,2,2025-05-20,Completed,2025-06-18,29,58.7,63.9,2,3.4,6.4
2390,60340,3,2025-04-18,Completed,2025-05-12,24,74.1,87.4,2,2.9,4.3
2391,60340,4,2025-09-12,Completed,2025-09-16,4,66.0,88.9,1,4.5,0.9
2392,60340,5,2025-09-30,Completed,2025-10-07,7,90.2,100.0,2,4.1,1.7
2393,60340,7,2025-06-28,Dropped,,,55.4,,2,3.3,0.9
2394,60340,10,2025-02-12,Completed,2025-02-18,6,50.2,68.0,2,4.4,6.2
2395,60340,9,2025-01-24,Completed,2025-01-30,6,73.5,92.9,1,3.5,3.6
2396,60341,1,2025-06-06,Completed,2025-06-20,14,64.8,77.6,1,2.7,5.2
2397,60341,2,2025-02-15,Not Started,,,59.3,,0,,0.0
2398,60341,3,2025-05-12,Completed,2025-06-01,20,57.5,65.8,1,3.2,5.1
2399,60341,4,2025-06-01,Completed,2025-06-05,4,62.2,83.5,1,3.6,1.0
2400,60341,5,2025-04-08,Completed,2025-04-16,8,53.5,83.2,2,4.0,1.9
2401,60341,6,2025-08-12,Completed,2025-08-16,4,62.8,83.5,1,3.8,3.1
2402,60342,1,2025-09-27,Completed,2025-10-21,24,77.7,88.6,2,3.5,7.1
2403,60342,2,2025-05-10,Completed,2025-05-25,15,58.0,58.7,1,3.4,6.5
2404,60342,3,2025-05-04,In Progress,,,61.2,,3,2.5,2.5
2405,60342,4,2025-10-30,Completed,2025-11-02,3,69.5,84.5,1,4.3,1.2
2406,60342,5,2025-09-29,Completed,2025-10-02,3,56.8,78.7,1,4.9,1.6
2407,60342,9,2025-11-12,Completed,2025-11-23,11,68.8,87.1,1,4.0,3.8
2408,60342,10,2025-03-20,Completed,2025-04-07,18,80.3,100.0,1,4.5,7.5
2409,60342,7,2025-06-09,Completed,2025-06-19,10,52.1,62.9,1,3.8,2.5
2410,60343,1,2025-08-25,Dropped,,,61.3,,1,1.8,0.3
2411,60343,2,2025-03-29,Not Started,,,56.0,,0,,0.0
2412,60343,3,2025-02-26,Completed,2025-03-04,6,70.1,67.7,1,3.6,4.4
2413,60343,4,2025-07-28,Completed,2025-07-31,3,79.4,100.0,1,5.0,1.1
2414,60343,5,2025-10-07,Completed,2025-10-10,3,75.5,95.0,1,4.2,1.9
2415,60343,7,2025-05-09,Completed,2025-05-13,4,53.9,71.2,2,4.6,2.4
2416,60343,8,2025-07-22,Completed,2025-08-07,16,76.3,85.6,2,3.8,3.8
2417,60344,1,2025-01-23,In Progress,,,73.5,,3,2.9,3.5
2418,60344,2,2025-01-26,Completed,2025-02-12,17,68.4,76.2,2,3.1,6.2
2419,60344,3,2025-11-12,Completed,2025-12-06,24,57.1,70.7,1,3.0,4.9
2420,60344,4,2025-02-16,Completed,2025-02-19,3,83.7,100.0,1,4.5,1.0
2421,60344,5,2025-11-10,Completed,2025-11-15,5,50.5,69.1,1,4.2,1.7
2422,60344,8,2025-06-01,Completed,2025-06-11,10,61.5,74.1,3,4.5,4.8
2423,60345,1,2025-10-16,Completed,2025-11-03,18,58.1,62.6,1,2.7,6.1
2424,60345,2,2025-09-10,Not Started,,,36.1,,0,,0.0
2425,60345,3,2025-08-09,Not Started,,,62.6,,0,,0.0
2426,60345,4,2025-05-17,Completed,2025-05-21,4,58.2,72.1,1,4.5,1.0
2427,60345,5,2025-08-09,Completed,2025-08-14,5,55.1,69.4,1,4.5,1.3
2428,60345,7,2025-07-21,Completed,2025-07-26,5,50.4,72.0,1,4.4,2.5
2429,60345,10,2025-05-09,Completed,2025-06-05,27,52.7,72.9,3,4.6,6.4
2430,60346,1,2025-10-26,Completed,2025-11-17,22,73.2,74.0,1,3.3,7.3
2431,60346,2,2025-10-23,In Progress,,,63.4,,1,3.1,1.7
2432,60346,3,2025-01-09,Completed,2025-01-27,18,58.8,64.5,2,3.1,5.2
2433,60346,4,2025-03-14,Dropped,,,60.3,,1,2.4,0.2
2434,60346,5,2025-09-09,Completed,2025-09-14,5,74.3,93.8,2,4.7,1.4
2435,60346,7,2025-06-29,In Progress,,,44.3,,1,3.5,1.3
2436,60346,9,2025-09-25,Completed,2025-10-03,8,56.0,74.6,2,3.2,3.3
2437,60347,1,2025-07-08,Completed,2025-08-01,24,35.8,34.8,2,3.2,5.6
2438,60347,2,2025-07-28,Not Started,,,25.3,,0,,0.0
2439,60347,3,2025-10-18,Completed,2025-11-09,22,28.0,22.6,2,3.8,4.3
2440,60347,4,2025-05-30,Completed,2025-06-02,3,27.8,34.3,2,4.1,0.9
2441,60347,5,2025-02-23,Completed,2025-02-27,4,34.0,43.3,1,4.5,1.8
2442,60347,8,2025-01-30,Completed,2025-02-19,20,51.0,62.8,2,3.1,3.9
2443,60348,1,2025-07-24,Dropped,,,57.2,,1,2.7,1.8
2444,60348,2,2025-07-13,Completed,2025-08-02,20,67.6,70.8,1,2.6,5.9
2445,60348,3,2025-05-02,Dropped,,,56.2,,2,1.8,0.3
2446,60348,4,2025-02-18,Completed,2025-02-21,3,58.6,77.7,1,3.8,0.9
2447,60348,5,2025-07-19,Completed,2025-07-22,3,60.6,68.9,2,4.7,1.8
2448,60348,10,2025-09-27,Completed,2025-10-17,20,68.3,75.6,2,4.3,6.7
2449,60348,6,2025-04-25,Completed,2025-05-02,7,48.6,69.0,1,3.7,3.1
2450,60349,1,2025-07-08,Completed,2025-07-23,15,67.5,82.1,2,4.2,7.5
2451,60349,2,2025-03-04,Completed,2025-03-21,17,75.9,80.8,2,3.0,5.0
2452,60349,3,2025-01-07,Completed,2025-01-22,15,53.0,59.1,2,2.8,5.8
2453,60349,4,2025-01-16,Completed,2025-01-20,4,66.5,84.5,2,3.8,1.3
2454,60349,5,2025-03-13,Completed,2025-03-16,3,44.8,65.1,1,4.4,1.3
2455,60349,9,2025-04-12,Completed,2025-04-21,9,75.6,93.1,2,3.5,3.4
2456,60350,1,2025-04-10,Completed,2025-04-15,5,74.7,79.8,1,3.0,6.6
2457,60350,2,2025-05-05,Not Started,,,72.2,,0,,0.0
2458,60350,3,2025-11-07,Completed,2025-11-21,14,58.7,65.9,2,3.2,4.7
2459,60350,4,2025-11-18,Completed,2025-11-20,2,67.3,90.2,2,4.5,1.0
2460,60350,5,2025-09-05,Completed,2025-09-09,4,57.5,86.4,1,3.9,1.8
2461,60350,7,2025-05-07,Completed,2025-05-15,8,64.9,78.7,1,4.5,2.8
2462,60350,9,2025-06-17,Completed,2025-06-26,9,87.7,100.0,2,4.1,3.8
2463,60351,1,2025-08-31,Completed,2025-09-22,22,67.7,69.9,2,3.1,6.4
2464,60351,2,2025-01-31,Not Started,,,55.4,,0,,0.0
2465,60351,3,2025-01-06,Completed,2025-01-15,9,52.6,60.0,2,2.7,4.4
2466,60351,4,2025-09-27,Completed,2025-10-01,4,53.0,63.6,1,4.4,1.0
2467,60351,5,2025-10-21,Completed,2025-10-26,5,65.2,92.0,1,4.7,1.8
2468,60351,9,2025-04-01,In Progress,,,73.8,,3,2.9,1.2
2469,60352,1,2025-09-23,Dropped,,,72.7,,3,2.7,0.5
2470,60352,2,2025-08-12,In Progress,,,47.8,,2,2.4,2.4
2471,60352,3,2025-07-19,Completed,2025-07-27,8,50.2,46.2,2,2.9,5.2
2472,60352,4,2025-08-20,Completed,2025-08-22,2,47.8,60.0,1,4.3,1.2
2473,60352,5,2025-10-15,Completed,2025-10-21,6,60.4,77.1,2,4.5,1.8
2474,60352,6,2025-10-31,Completed,2025-11-10,10,37.7,50.4,2,3.8,2.8
2475,60353,1,2025-07-17,Completed,2025-07-24,7,45.9,47.9,3,3.1,7.6
2476,60353,2,2025-04-15,Completed,2025-04-26,11,53.9,56.0,2,3.3,6.9
2477,60353,3,2025-07-21,Completed,2025-08-01,11,50.1,50.3,2,3.1,5.4
2478,60353,4,2025-11-10,Completed,2025-11-13,3,45.6,54.3,2,4.6,1.0
2479,60353,5,2025-05-21,Completed,2025-05-28,7,42.7,59.6,2,3.9,1.7
2480,60353,8,2025-03-02,In Progress,,,58.6,,1,3.3,2.5
2481,60353,10,2025-02-23,Completed,2025-03-26,31,25.4,35.1,3,4.0,6.2
2482,60354,1,2025-01-19,Completed,2025-02-13,25,63.6,66.9,2,3.1,7.8
2483,60354,2,2025-03-17,Dropped,,,74.2,,1,2.2,0.5
2484,60354,3,2025-11-02,Completed,2025-11-26,24,60.0,68.7,1,3.0,5.4
2485,60354,4,2025-06-25,Completed,2025-06-29,4,75.4,92.8,1,4.2,1.0
2486,60354,5,2025-05-24,Completed,2025-05-28,4,44.8,69.2,1,4.6,1.7
2487,60354,9,2025-09-18,Completed,2025-10-01,13,61.7,83.3,1,3.9,3.8
2488,60354,10,2025-05-11,Not Started,,,65.0,,0,,0.0
2489,60355,1,2025-08-09,Completed,2025-08-26,17,29.5,34.4,3,2.4,7.1
2490,60355,2,2025-09-10,Completed,2025-09-24,14,41.5,44.2,3,3.1,5.9
2491,60355,3,2025-04-05,Completed,2025-04-15,10,43.5,43.7,2,3.1,4.0
2492,60355,4,2025-06-13,Completed,2025-06-15,2,26.1,43.1,1,4.5,1.1
2493,60355,5,2025-03-10,Completed,2025-03-14,4,41.0,48.6,1,4.5,1.6
2494,60355,7,2025-09-26,Completed,2025-09-30,4,40.3,53.4,1,4.3,2.5
2495,60355,10,2025-08-30,Completed,2025-09-06,7,51.8,55.0,2,4.5,6.0
2496,60355,9,2025-09-25,Completed,2025-10-06,11,40.4,46.3,1,3.1,3.0
2497,60356,1,2025-01-13,In Progress,,,67.8,,2,2.6,2.3
2498,60356,2,2025-09-27,Completed,2025-10-24,27,72.2,81.7,2,3.2,4.8
2499,60356,3,2025-03-08,Completed,2025-03-16,8,75.3,76.8,3,3.3,4.7
2500,60356,4,2025-10-19,Completed,2025-10-21,2,76.2,100.0,2,5.0,0.9
2501,60356,5,2025-06-15,Completed,2025-06-19,4,41.7,57.1,2,4.7,1.4
2502,60356,8,2025-05-04,Dropped,,,49.5,,1,1.9,0.2
2503,60356,7,2025-07-18,Completed,2025-07-30,12,65.3,73.4,2,3.9,3.0
2504,60357,1,2025-01-23,Completed,2025-02-13,21,64.7,70.7,1,3.0,6.4
2505,60357,2,2025-10-25,Completed,2025-11-03,9,59.8,55.3,1,3.9,4.7
2506,60357,3,2025-11-17,Completed,2025-11-23,6,54.1,68.6,1,3.4,4.8
2507,60357,4,2025-07-27,Completed,2025-07-30,3,50.6,70.9,1,5.0,1.0
2508,60357,5,2025-10-28,Completed,2025-11-02,5,64.9,87.9,1,4.5,1.4
2509,60357,8,2025-05-27,Completed,2025-06-02,6,46.4,50.3,1,3.6,3.8
2510,60358,1,2025-01-18,Completed,2025-02-13,26,66.4,86.9,2,3.1,6.8
2511,60358,2,2025-08-17,Completed,2025-09-03,17,67.4,79.1,1,2.2,7.0
2512,60358,3,2025-07-13,In Progress,,,63.7,,1,3.4,2.0
2513,60358,4,2025-09-03,Completed,2025-09-06,3,61.9,86.2,1,4.2,1.2
2514,60358,5,2025-07-28,Completed,2025-08-02,5,73.8,100.0,1,4.6,1.6
2515,60358,8,2025-04-03,Completed,2025-04-07,4,52.9,70.7,2,4.1,4.0
2516,60358,10,2025-06-17,Completed,2025-07-11,24,66.0,82.7,1,4.7,7.4
2517,60359,1,2025-05-23,Completed,2025-06-09,17,51.5,45.8,4,3.4,6.7
2518,60359,2,2025-04-20,Completed,2025-05-06,16,20.1,18.3,4,3.1,6.3
2519,60359,3,2025-10-23,Completed,2025-11-03,11,41.7,43.8,2,3.6,4.8
2520,60359,4,2025-02-10,Completed,2025-02-12,2,41.6,61.5,1,4.2,1.2
2521,60359,5,2025-04-10,Completed,2025-04-18,8,57.8,56.2,2,3.8,1.9
2522,60359,7,2025-01-19,Completed,2025-01-26,7,34.2,56.4,1,4.5,2.4
2523,60359,6,2025-01-30,Completed,2025-02-06,7,37.8,47.8,3,4.4,3.6
2524,60360,1,2025-07-27,Dropped,,,44.2,,2,1.2,0.9
2525,60360,2,2025-06-15,Not Started,,,36.2,,0,,0.0
2526,60360,3,2025-07-03,Completed,2025-07-12,9,35.9,39.1,3,2.8,5.5
2527,60360,4,2025-08-10,Completed,2025-08-11,1,48.3,55.8,1,4.7,1.3
2528,60360,5,2025-04-25,Completed,2025-04-29,4,28.4,40.5,2,4.9,1.3
2529,60360,7,2025-03-27,Completed,2025-04-09,13,43.0,47.1,2,4.1,2.2
2530,60361,1,2025-04-11,Completed,2025-05-02,21,64.8,77.7,2,3.0,7.6
2531,60361,2,2025-09-02,Completed,2025-09-17,15,57.8,70.4,3,3.0,7.1
2532,60361,3,2025-09-25,In Progress,,,60.7,,3,3.2,1.6
2533,60361,4,2025-08-12,Completed,2025-08-15,3,74.6,90.0,2,4.9,0.9
2534,60361,5,2025-02-04,Completed,2025-02-08,4,61.0,79.4,3,4.4,1.3
2535,60361,7,2025-04-02,Completed,2025-04-06,4,53.8,69.2,1,4.1,2.5
2536,60361,8,2025-04-25,Completed,2025-05-07,12,74.0,88.2,1,3.8,5.1
2537,60362,1,2025-05-09,Completed,2025-05-26,17,48.4,56.4,4,3.3,5.4
2538,60362,2,2025-07-30,In Progress,,,46.2,,1,2.4,1.4
2539,60362,3,2025-10-05,Completed,2025-10-20,15,48.9,52.5,3,3.1,4.8
2540,60362,4,2025-02-08,Completed,2025-02-12,4,63.5,80.6,1,4.0,1.2
2541,60362,5,2025-06-20,Completed,2025-06-26,6,40.0,59.5,2,5.0,1.6
2542,60362,9,2025-06-14,Completed,2025-06-24,10,61.0,72.6,1,3.3,3.6
2543,60363,1,2025-05-27,Not Started,,,43.3,,0,,0.0
2544,60363,2,2025-03-14,Completed,2025-03-28,14,63.1,71.5,1,3.1,6.3
2545,60363,3,2025-06-22,Completed,2025-07-10,18,48.7,52.8,2,3.2,5.6
2546,60363,4,2025-10-05,Completed,2025-10-08,3,63.5,88.9,2,4.0,1.0
2547,60363,5,2025-09-30,Completed,2025-10-02,2,73.0,91.1,1,4.8,1.3
2548,60363,7,2025-02-11,Completed,2025-02-18,7,70.3,93.3,2,4.0,3.2
2549,60364,1,2025-09-28,In Progress,,,27.4,,2,2.4,2.5
2550,60364,2,2025-02-18,Completed,2025-03-03,13,40.3,37.1,2,3.9,5.4
2551,60364,3,2025-11-14,Completed,2025-11-30,16,24.3,24.5,2,2.9,5.7
2552,60364,4,2025-04-09,Completed,2025-04-11,2,40.2,53.9,1,4.7,1.1
2553,60364,5,2025-06-11,Completed,2025-06-16,5,50.2,66.0,1,5.0,1.5
2554,60364,9,2025-03-20,Dropped,,,50.6,,2,2.5,1.2
2555,60364,10,2025-05-05,Completed,2025-05-18,13,58.0,59.8,2,4.4,7.2
2556,60365,1,2025-06-30,Not Started,,,35.8,,0,,0.0
2557,60365,2,2025-04-23,Completed,2025-05-12,19,57.0,60.4,2,3.6,5.4
2558,60365,3,2025-11-15,Completed,2025-11-26,11,43.2,46.4,2,3.2,4.8
2559,60365,4,2025-08-06,Completed,2025-08-07,1,55.3,67.9,2,4.6,0.9
2560,60365,5,2025-07-01,Completed,2025-07-05,4,84.2,100.0,1,4.0,1.5
2561,60365,8,2025-03-14,In Progress,,,51.7,,1,3.3,1.6
2562,60365,9,2025-09-18,Completed,2025-09-22,4,69.1,78.2,2,3.9,3.2
2563,60366,1,2025-04-26,Completed,2025-05-06,10,40.2,42.1,2,2.8,5.5
2564,60366,2,2025-02-04,Completed,2025-02-11,7,46.2,41.1,2,3.6,4.8
2565,60366,3,2025-03-21,Completed,2025-03-31,10,49.0,45.1,1,2.8,4.8
2566,60366,4,2025-03-10,Completed,2025-03-13,3,43.0,59.4,1,4.8,1.3
2567,60366,5,2025-08-11,Completed,2025-08-13,2,48.7,66.1,1,4.7,1.9
2568,60366,8,2025-09-20,Completed,2025-10-07,17,46.9,57.4,2,4.2,4.9
2569,60366,7,2025-08-10,Completed,2025-08-17,7,42.3,51.1,1,3.9,2.7
2570,60367,1,2025-10-05,Completed,2025-10-20,15,45.7,53.3,2,3.1,7.2
2571,60367,2,2025-04-17,Completed,2025-05-03,16,64.7,66.2,1,3.6,6.6
2572,60367,3,2025-07-12,Completed,2025-08-05,24,53.8,64.8,2,3.5,3.9
2573,60367,4,2025-01-12,Dropped,,,60.9,,1,2.7,0.3
2574,60367,5,2025-08-27,Completed,2025-08-29,2,60.5,69.1,1,4.9,1.9
2575,60367,8,2025-09-10,Completed,2025-09-24,14,53.3,59.6,1,3.9,3.7
2576,60367,6,2025-07-09,Completed,2025-07-19,10,51.6,67.0,1,4.1,2.6
2577,60367,10,2025-10-07,Completed,2025-10-30,23,36.5,44.5,3,4.2,5.2
2578,60368,1,2025-03-14,Completed,2025-04-03,20,62.5,64.0,2,3.4,6.6
2579,60368,2,2025-10-29,In Progress,,,68.3,,1,2.7,3.5
2580,60368,3,2025-01-23,In Progress,,,56.7,,1,2.7,2.9
2581,60368,4,2025-08-24,Completed,2025-08-25,1,32.0,55.5,2,4.3,1.1
2582,60368,5,2025-11-06,Completed,2025-11-12,6,56.9,73.9,1,4.7,1.6
2583,60368,10,2025-02-01,Completed,2025-02-23,22,49.1,77.0,3,4.6,6.6
2584,60368,6,2025-09-01,Not Started,,,68.1,,0,,0.0
2585,60369,1,2025-09-03,In Progress,,,68.4,,3,2.4,1.8
2586,60369,2,2025-03-14,Completed,2025-04-01,18,63.4,68.0,1,2.7,5.6
2587,60369,3,2025-04-26,Not Started,,,57.5,,0,,0.0
2588,60369,4,2025-11-06,Completed,2025-11-09,3,67.4,81.5,1,4.0,1.1
2589,60369,5,2025-10-20,Completed,2025-10-23,3,67.1,82.4,1,4.6,1.4
2590,60369,9,2025-01-07,Completed,2025-01-20,13,58.0,73.8,2,3.9,3.6
2591,60369,10,2025-11-04,Completed,2025-11-15,11,61.4,75.1,1,4.2,6.6
2592,60369,8,2025-05-01,Completed,2025-05-07,6,54.9,73.9,2,3.3,4.0
2593,60370,1,2025-04-09,Completed,2025-05-04,25,49.0,54.7,1,3.4,6.0
2594,60370,2,2025-07-26,Completed,2025-08-14,19,61.3,71.0,2,3.2,5.4
2595,60370,3,2025-06-08,Completed,2025-06-23,15,62.5,68.5,2,2.8,5.0
2596,60370,4,2025-02-07,Completed,2025-02-09,2,72.5,85.4,1,5.0,1.0
2597,60370,5,2025-10-22,Completed,2025-10-27,5,59.1,82.5,1,4.7,1.5
2598,60370,8,2025-05-07,Completed,2025-05-18,11,64.6,84.0,1,3.8,3.5
2599,60370,10,2025-08-14,Completed,2025-09-13,30,66.1,86.9,1,3.9,7.1
2600,60370,7,2025-08-28,Completed,2025-09-05,8,49.0,62.8,2,3.8,2.3
2601,60371,1,2025-01-16,Not Started,,,48.6,,0,,0.0
2602,60371,2,2025-06-25,In Progress,,,78.3,,2,2.6,2.7
2603,60371,3,2025-01-07,Completed,2025-01-18,11,65.4,68.5,2,3.4,4.7
2604,60371,4,2025-05-03,Not Started,,,54.7,,0,,0.0
2605,60371,5,2025-05-25,Completed,2025-05-27,2,66.4,85.4,1,4.2,1.6
2606,60371,7,2025-07-01,Completed,2025-07-08,7,71.3,90.6,2,5.0,3.1
2607,60371,8,2025-06-02,Completed,2025-06-11,9,68.4,89.9,2,3.7,3.6
2608,60372,1,2025-02-16,Completed,2025-03-09,21,67.7,71.3,2,3.5,7.0
2609,60372,2,2025-11-11,Not Started,,,61.5,,0,,0.0
2610,60372,3,2025-10-24,Completed,2025-11-07,14,36.4,45.5,2,2.7,5.8
2611,60372,4,2025-05-16,Completed,2025-05-18,2,51.0,68.3,1,4.2,1.0
2612,60372,5,2025-08-08,Completed,2025-08-11,3,62.4,77.7,2,4.6,1.4
2613,60372,7,2025-01-31,Completed,2025-02-08,8,58.2,75.5,2,4.1,3.1
2614,60372,10,2025-02-28,Completed,2025-03-13,13,60.0,71.3,3,3.8,7.5
2615,60373,1,2025-09-22,Not Started,,,37.5,,0,,0.0
2616,60373,2,2025-04-17,In Progress,,,56.5,,1,2.1,2.4
2617,60373,3,2025-03-24,Completed,2025-04-11,18,33.1,45.6,1,3.3,4.8
2618,60373,4,2025-04-09,Completed,2025-04-13,4,46.0,66.3,3,4.4,1.1
2619,60373,5,2025-04-09,Completed,2025-04-10,1,40.4,53.9,1,5.0,1.7
2620,60373,9,2025-02-12,Completed,2025-02-21,9,42.6,50.8,1,3.6,2.9
2621,60374,1,2025-07-08,Not Started,,,72.4,,0,,0.0
2622,60374,2,2025-05-03,In Progress,,,69.9,,2,3.0,2.3
2623,60374,3,2025-09-14,Completed,2025-09-29,15,87.0,97.4,3,3.5,5.4
2624,60374,4,2025-11-16,Completed,2025-11-19,3,60.2,84.6,1,4.8,0.9
2625,60374,5,2025-01-31,Completed,2025-02-07,7,75.5,100.0,1,5.0,1.7
2626,60374,7,2025-08-12,Completed,2025-08-20,8,49.6,63.3,1,4.5,2.2
2627,60375,1,2025-04-06,Completed,2025-05-02,26,59.6,69.0,2,3.4,7.4
2628,60375,2,2025-10-01,Completed,2025-10-14,13,63.5,67.6,1,3.2,6.1
2629,60375,3,2025-10-31,Completed,2025-11-19,19,50.1,44.3,2,3.4,4.0
2630,60375,4,2025-08-08,Completed,2025-08-11,3,65.1,82.9,1,4.6,1.1
2631,60375,5,2025-09-01,Completed,2025-09-10,9,51.0,70.6,3,4.8,1.9
2632,60375,7,2025-01-13,Completed,2025-01-18,5,49.2,68.3,2,4.2,2.3
2633,60375,8,2025-02-28,Completed,2025-03-08,8,62.5,87.7,1,4.1,5.1
2634,60376,1,2025-09-15,Completed,2025-09-22,7,69.9,77.6,1,3.3,5.6
2635,60376,2,2025-05-30,Completed,2025-06-21,22,46.8,53.6,1,2.7,5.2
2636,60376,3,2025-09-15,Completed,2025-09-22,7,56.3,64.9,2,2.5,4.0
2637,60376,4,2025-01-06,Completed,2025-01-09,3,48.0,67.0,1,5.0,0.9
2638,60376,5,2025-07-19,Completed,2025-07-22,3,40.1,46.6,2,3.6,1.5
2639,60376,6,2025-09-29,Not Started,,,55.9,,0,,0.0
2640,60376,10,2025-04-25,Completed,2025-05-10,15,50.0,67.3,2,3.8,7.0
2641,60377,1,2025-05-13,Completed,2025-06-02,20,54.2,59.8,2,3.4,5.6
2642,60377,2,2025-11-14,Completed,2025-12-02,18,58.8,59.0,2,2.9,6.5
2643,60377,3,2025-03-15,Completed,2025-03-27,12,53.5,60.5,2,3.4,5.6
2644,60377,4,2025-04-16,Completed,2025-04-20,4,41.3,48.7,1,4.5,1.1
2645,60377,5,2025-05-23,Completed,2025-05-26,3,56.1,72.5,1,4.7,1.4
2646,60377,8,2025-05-27,In Progress,,,29.2,,2,3.1,2.5
2647,60377,9,2025-06-29,In Progress,,,50.7,,1,3.6,1.3
2648,60378,1,2025-04-15,Not Started,,,78.0,,0,,0.0
2649,60378,2,2025-10-06,Completed,2025-10-23,17,62.3,63.6,1,3.2,6.7
2650,60378,3,2025-07-18,Dropped,,,71.3,,1,1.6,1.3
2651,60378,4,2025-07-27,Completed,2025-07-30,3,70.6,86.5,1,5.0,0.9
2652,60378,5,2025-06-15,Completed,2025-06-20,5,82.9,100.0,1,4.8,1.7
2653,60378,6,2025-08-02,Completed,2025-08-12,10,84.3,96.6,1,4.0,3.8
2654,60378,10,2025-02-03,Completed,2025-02-23,20,74.6,94.2,2,4.2,6.9
2655,60378,8,2025-05-13,In Progress,,,63.7,,2,3.3,1.7
2656,60379,1,2025-01-29,Dropped,,,47.6,,2,2.0,0.7
2657,60379,2,2025-09-24,Dropped,,,48.8,,1,2.3,1.6
2658,60379,3,2025-11-14,In Progress,,,59.7,,1,2.5,1.8
2659,60379,4,2025-08-06,Completed,2025-08-09,3,55.3,59.1,1,4.8,1.1
2660,60379,5,2025-05-19,Completed,2025-05-22,3,57.3,71.2,1,4.0,1.7
2661,60379,8,2025-09-04,Completed,2025-09-19,15,47.3,61.6,3,3.9,4.1
2662,60379,9,2025-02-15,Completed,2025-02-25,10,38.3,47.8,1,4.1,2.6
2663,60380,1,2025-08-29,Not Started,,,61.6,,0,,0.0
2664,60380,2,2025-02-19,Completed,2025-03-01,10,50.2,60.7,1,3.7,5.6
2665,60380,3,2025-03-29,Completed,2025-04-12,14,56.8,67.7,1,3.3,4.9
2666,60380,4,2025-07-13,Completed,2025-07-15,2,62.8,78.1,1,4.4,1.3
2667,60380,5,2025-03-10,Completed,2025-03-13,3,52.6,61.0,1,3.8,1.9
2668,60380,9,2025-01-12,Completed,2025-01-21,9,56.5,71.9,1,4.5,3.4
2669,60380,10,2025-05-28,Completed,2025-06-21,24,27.0,47.7,1,4.1,5.3
2670,60381,1,2025-09-05,Completed,2025-09-20,15,33.2,26.8,2,3.8,6.3
2671,60381,2,2025-04-26,Completed,2025-05-15,19,47.4,47.1,1,3.7,6.5
2672,60381,3,2025-03-31,Completed,2025-04-11,11,46.9,52.5,2,3.3,5.4
2673,60381,4,2025-06-06,Completed,2025-06-11,5,28.2,45.6,1,4.3,0.9
2674,60381,5,2025-01-23,Completed,2025-01-28,5,39.7,55.2,1,4.2,1.5
2675,60381,10,2025-05-07,Completed,2025-06-04,28,50.4,59.1,3,4.2,5.6
2676,60382,1,2025-02-09,Completed,2025-02-24,15,44.1,46.3,3,3.2,5.5
2677,60382,2,2025-07-11,In Progress,,,48.5,,2,2.1,3.1
2678,60382,3,2025-01-30,In Progress,,,48.6,,2,2.9,1.7
2679,60382,4,2025-06-19,Completed,2025-06-21,2,53.8,69.3,3,4.8,1.0
2680,60382,5,2025-11-17,Completed,2025-11-20,3,29.6,33.8,2,4.9,1.9
2681,60382,9,2025-06-07,Completed,2025-06-17,10,45.0,63.8,1,3.5,2.6
2682,60383,1,2025-11-11,Completed,2025-12-15,34,47.6,46.7,2,3.6,7.1
2683,60383,2,2025-02-19,Completed,2025-03-11,20,52.9,54.3,2,2.7,4.9
2684,60383,3,2025-01-15,Completed,2025-01-25,10,46.4,41.5,1,3.6,4.0
2685,60383,4,2025-08-21,Completed,2025-08-23,2,51.5,59.6,1,4.6,0.9
2686,60383,5,2025-11-16,Completed,2025-11-20,4,46.8,60.9,2,5.0,1.3
2687,60383,7,2025-09-09,Not Started,,,65.9,,0,,0.0
2688,60384,1,2025-10-17,Completed,2025-11-11,25,56.0,54.6,1,2.7,5.3
2689,60384,2,2025-03-11,Completed,2025-03-21,10,56.4,66.1,1,3.6,5.7
2690,60384,3,2025-02-15,Completed,2025-02-28,13,72.8,80.3,2,3.0,5.4
2691,60384,4,2025-10-21,Not Started,,,64.1,,0,,0.0
2692,60384,5,2025-05-14,Completed,2025-05-17,3,38.3,55.9,2,4.1,1.3
2693,60384,6,2025-05-08,Completed,2025-05-18,10,37.4,52.6,1,4.1,3.2
2694,60384,10,2025-03-28,Not Started,,,49.5,,0,,0.0
2695,60384,9,2025-02-08,Completed,2025-02-20,12,32.7,48.3,2,3.9,3.4
2696,60385,1,2025-01-15,Completed,2025-02-06,22,72.2,74.1,2,2.8,5.1
2697,60385,2,2025-08-13,Completed,2025-08-31,18,57.3,58.9,3,3.1,6.0
2698,60385,3,2025-03-01,Completed,2025-03-12,11,65.2,85.1,1,3.5,4.7
2699,60385,4,2025-02-08,Completed,2025-02-10,2,67.5,76.1,1,4.4,0.9
2700,60385,5,2025-08-21,Completed,2025-08-28,7,42.2,65.2,3,4.3,1.5
2701,60385,10,2025-04-18,Completed,2025-05-09,21,74.9,89.8,1,4.3,5.6
2702,60386,1,2025-03-17,Dropped,,,56.2,,1,1.0,1.5
2703,60386,2,2025-06-17,Completed,2025-07-01,14,62.9,68.6,2,3.0,6.0
2704,60386,3,2025-03-29,Completed,2025-04-02,4,69.7,78.4,1,2.7,5.1
2705,60386,4,2025-05-19,Completed,2025-05-22,3,66.2,90.3,1,4.6,1.0
2706,60386,5,2025-08-13,Completed,2025-08-17,4,71.0,84.6,2,4.1,1.4
2707,60386,7,2025-10-03,Completed,2025-10-11,8,58.4,81.6,1,4.9,3.0
2708,60386,9,2025-04-10,Completed,2025-04-19,9,75.8,100.0,1,3.7,3.5
2709,60387,1,2025-05-21,Completed,2025-06-01,11,69.3,66.7,1,3.0,7.2
2710,60387,2,2025-09-01,In Progress,,,38.9,,2,2.4,3.5
2711,60387,3,2025-03-30,Completed,2025-04-19,20,56.1,59.3,2,2.9,5.4
2712,60387,4,2025-05-22,Completed,2025-05-24,2,55.3,77.1,1,4.1,0.9
2713,60387,5,2025-03-27,Completed,2025-04-01,5,60.3,78.6,2,4.5,1.4
2714,60387,10,2025-06-12,Completed,2025-07-04,22,51.9,60.7,1,4.5,7.7
2715,60388,1,2025-03-23,Completed,2025-04-11,19,61.1,62.2,2,3.8,5.2
2716,60388,2,2025-02-04,Completed,2025-02-20,16,55.2,65.0,2,3.3,6.1
2717,60388,3,2025-01-18,Completed,2025-02-03,16,55.6,60.0,2,3.7,5.7
2718,60388,4,2025-10-12,Completed,2025-10-14,2,37.4,48.8,1,5.0,1.3
2719,60388,5,2025-01-15,Completed,2025-01-19,4,50.1,58.1,1,4.7,1.7
2720,60388,8,2025-01-23,Completed,2025-02-04,12,41.5,50.3,1,3.5,4.0
2721,60388,7,2025-10-04,Completed,2025-10-05,1,41.2,58.5,2,4.2,3.2
2722,60389,1,2025-08-27,Completed,2025-09-18,22,64.9,84.1,2,2.7,6.4
2723,60389,2,2025-06-07,Completed,2025-06-29,22,66.2,75.3,2,3.1,5.4
2724,60389,3,2025-08-02,Completed,2025-08-09,7,71.3,75.1,1,3.1,5.5
2725,60389,4,2025-04-18,Completed,2025-04-20,2,90.3,100.0,1,4.3,0.9
2726,60389,5,2025-03-09,Completed,2025-03-14,5,83.4,100.0,2,4.1,1.8
2727,60389,6,2025-05-02,Completed,2025-05-11,9,51.1,68.2,1,3.4,2.8
2728,60389,8,2025-06-09,Completed,2025-06-23,14,80.0,98.7,1,3.8,3.7
2729,60390,1,2025-05-26,Completed,2025-06-05,10,52.5,59.0,2,3.4,7.2
2730,60390,2,2025-05-12,Completed,2025-05-31,19,50.7,58.2,2,3.0,4.9
2731,60390,3,2025-02-12,Completed,2025-02-25,13,53.5,56.4,2,3.1,5.5
2732,60390,4,2025-04-29,Completed,2025-05-03,4,57.2,68.9,2,4.5,1.2
2733,60390,5,2025-07-12,Completed,2025-07-17,5,59.0,74.2,1,3.7,1.3
2734,60390,9,2025-02-05,Completed,2025-02-21,16,48.2,57.8,1,2.9,3.6
2735,60391,1,2025-01-24,Completed,2025-02-12,19,58.2,64.6,1,3.5,5.9
2736,60391,2,2025-04-03,Completed,2025-04-25,22,54.6,65.4,1,2.8,5.2
2737,60391,3,2025-07-09,Not Started,,,66.6,,0,,0.0
2738,60391,4,2025-07-17,Completed,2025-07-18,1,53.5,65.3,2,4.3,1.1
2739,60391,5,2025-08-23,Completed,2025-08-26,3,47.0,67.0,2,4.4,1.3
2740,60391,7,2025-04-21,Completed,2025-04-23,2,47.0,59.9,1,4.4,2.9
2741,60391,10,2025-06-22,Completed,2025-07-14,22,58.3,74.1,2,4.4,6.1
2742,60392,1,2025-03-21,Completed,2025-04-11,21,65.9,76.8,2,3.0,5.4
2743,60392,2,2025-01-11,Completed,2025-01-28,17,64.5,80.3,3,3.4,5.3
2744,60392,3,2025-11-05,Completed,2025-11-19,14,62.5,72.3,2,3.7,4.8
2745,60392,4,2025-10-23,Completed,2025-10-26,3,60.3,71.5,1,3.8,1.1
2746,60392,5,2025-06-27,In Progress,,,71.7,,2,4.4,0.6
2747,60392,9,2025-07-10,Completed,2025-07-17,7,61.1,74.9,3,3.8,2.7
2748,60392,8,2025-01-13,Completed,2025-02-01,19,55.6,73.2,1,4.5,4.9
2749,60393,1,2025-08-30,Completed,2025-09-26,27,39.9,44.8,3,3.6,6.3
2750,60393,2,2025-09-16,In Progress,,,52.5,,2,3.4,1.8
2751,60393,3,2025-09-24,Completed,2025-10-09,15,47.9,58.0,2,3.4,5.5
2752,60393,4,2025-02-06,Completed,2025-02-10,4,65.9,85.8,2,4.6,1.3
2753,60393,5,2025-01-14,Completed,2025-01-19,5,68.3,89.0,1,4.3,1.7
2754,60393,10,2025-03-13,Completed,2025-03-30,17,60.5,73.2,2,5.0,6.4
2755,60393,6,2025-06-28,Completed,2025-07-08,10,70.6,89.5,1,3.6,3.1
2756,60394,1,2025-03-31,Completed,2025-05-01,31,50.0,59.9,2,2.9,7.5
2757,60394,2,2025-11-02,Completed,2025-11-05,3,48.4,43.9,2,3.1,7.0
2758,60394,3,2025-01-21,Not Started,,,46.6,,0,,0.0
2759,60394,4,2025-07-10,Completed,2025-07-14,4,50.8,60.2,1,5.0,1.2
2760,60394,5,2025-06-08,Completed,2025-06-16,8,59.5,73.1,1,4.6,1.9
2761,60394,9,2025-02-02,Completed,2025-02-12,10,44.7,60.5,1,3.8,2.6
2762,60394,10,2025-01-08,Completed,2025-01-29,21,62.0,70.9,2,3.7,6.7
2763,60395,1,2025-07-20,Not Started,,,54.9,,0,,0.0
2764,60395,2,2025-08-06,Completed,2025-09-02,27,47.1,41.6,2,3.8,4.8
2765,60395,3,2025-06-19,Completed,2025-07-03,14,57.1,71.0,2,3.4,3.9
2766,60395,4,2025-03-31,Completed,2025-04-01,1,55.1,69.5,3,4.1,0.9
2767,60395,5,2025-02-17,Completed,2025-02-21,4,52.6,65.0,1,4.8,1.6
2768,60395,8,2025-08-14,Completed,2025-09-01,18,47.5,56.4,2,3.8,4.8
2769,60395,7,2025-02-01,Completed,2025-02-06,5,58.5,71.7,1,4.0,2.4
2770,60395,6,2025-10-12,Dropped,,,41.5,,2,3.1,0.8
2771,60396,1,2025-05-15,In Progress,,,45.9,,1,2.8,3.8
2772,60396,2,2025-01-30,In Progress,,,59.4,,2,2.8,2.6
2773,60396,3,2025-02-19,Dropped,,,75.4,,3,1.5,1.4
2774,60396,4,2025-04-15,Completed,2025-04-16,1,59.4,87.2,2,4.2,1.1
2775,60396,5,2025-01-24,Completed,2025-01-26,2,56.0,70.5,1,5.0,1.6
2776,60396,8,2025-04-29,Completed,2025-05-14,15,47.6,69.5,2,3.8,5.0
2777,60396,9,2025-06-09,Completed,2025-06-17,8,66.7,79.9,2,3.8,3.2
2778,60397,1,2025-09-24,Completed,2025-10-08,14,42.5,50.0,1,3.8,7.6
2779,60397,2,2025-01-30,Completed,2025-02-19,20,58.6,69.3,1,3.6,6.9
2780,60397,3,2025-02-17,Completed,2025-03-04,15,76.0,77.4,1,3.5,4.4
2781,60397,4,2025-02-23,Completed,2025-02-25,2,62.9,85.0,2,3.9,1.3
2782,60397,5,2025-03-31,Completed,2025-04-06,6,67.9,91.0,2,4.4,1.7
2783,60397,9,2025-01-18,Completed,2025-01-27,9,59.3,75.9,1,3.6,3.0
2784,60397,8,2025-07-18,Not Started,,,52.4,,0,,0.0
2785,60398,1,2025-03-04,In Progress,,,37.7,,2,4.0,3.9
2786,60398,2,2025-11-01,Completed,2025-11-21,20,36.8,32.9,2,3.1,4.7
2787,60398,3,2025-10-01,Completed,2025-10-10,9,53.0,42.4,2,2.6,5.3
2788,60398,4,2025-09-14,In Progress,,,23.5,,2,4.2,0.5
2789,60398,5,2025-04-04,Completed,2025-04-11,7,25.0,27.7,1,4.5,1.9
2790,60398,10,2025-10-23,Completed,2025-11-02,10,39.4,50.1,4,3.9,7.2
2791,60398,8,2025-10-17,Completed,2025-10-26,9,22.2,17.9,3,3.9,5.0
2792,60399,1,2025-05-02,Completed,2025-05-28,26,56.2,65.0,1,3.6,7.2
2793,60399,2,2025-02-08,Completed,2025-02-24,16,59.7,65.6,2,3.0,6.4
2794,60399,3,2025-10-21,Completed,2025-11-10,20,54.4,53.3,2,3.5,4.3
2795,60399,4,2025-03-26,Completed,2025-03-27,1,52.8,66.2,2,4.3,1.0
2796,60399,5,2025-03-05,Completed,2025-03-07,2,64.4,81.9,2,4.3,1.5
2797,60399,9,2025-08-26,Dropped,,,63.4,,1,2.4,0.6
2798,60399,6,2025-03-02,In Progress,,,53.1,,1,3.6,1.5
2799,60400,1,2025-06-20,In Progress,,,74.8,,4,2.6,4.1
2800,60400,2,2025-05-14,Completed,2025-05-30,16,61.8,69.8,2,3.3,6.5
2801,60400,3,2025-03-17,Completed,2025-04-03,17,44.2,49.8,1,3.1,4.2
2802,60400,4,2025-10-13,Completed,2025-10-16,3,45.8,53.6,3,4.4,1.1
2803,60400,5,2025-03-10,Completed,2025-03-13,3,47.8,69.6,2,4.6,1.4
2804,60400,9,2025-07-22,Completed,2025-07-31,9,57.0,69.1,2,3.3,3.3
2805,60400,7,2025-06-22,Completed,2025-06-29,7,47.8,63.0,2,4.6,3.2
2806,60401,1,2025-01-12,Completed,2025-01-28,16,64.9,69.3,1,2.9,7.7
2807,60401,2,2025-10-11,In Progress,,,68.2,,2,2.7,3.1
2808,60401,3,2025-03-21,Completed,2025-04-06,16,63.5,70.4,2,3.8,5.1
2809,60401,4,2025-05-20,Completed,2025-05-23,3,64.7,83.2,2,5.0,1.0
2810,60401,5,2025-08-04,Completed,2025-08-08,4,57.2,82.9,1,4.4,1.8
2811,60401,10,2025-03-29,Completed,2025-04-21,23,53.7,67.4,2,4.5,5.3
2812,60402,1,2025-05-27,Completed,2025-06-09,13,55.3,65.2,2,3.3,6.2
2813,60402,2,2025-07-30,Completed,2025-08-22,23,63.3,74.2,2,2.8,6.5
2814,60402,3,2025-09-11,Completed,2025-09-19,8,51.1,62.4,1,3.2,5.3
2815,60402,4,2025-07-02,Completed,2025-07-05,3,60.3,80.2,1,4.1,1.0
2816,60402,5,2025-07-03,Completed,2025-07-11,8,74.1,87.5,2,4.6,1.6
2817,60402,8,2025-05-08,Completed,2025-05-22,14,77.0,90.1,1,3.9,4.6
2818,60402,6,2025-04-14,Completed,2025-04-24,10,67.5,82.1,2,4.1,2.9
2819,60403,1,2025-07-28,In Progress,,,62.2,,3,2.9,2.9
2820,60403,2,2025-07-30,Completed,2025-08-11,12,68.5,75.0,2,3.4,6.7
2821,60403,3,2025-05-08,Completed,2025-05-25,17,40.7,46.7,2,3.8,5.6
2822,60403,4,2025-02-18,Completed,2025-02-19,1,60.8,72.3,1,4.2,1.0
2823,60403,5,2025-01-12,Completed,2025-01-14,2,55.3,77.2,2,4.0,1.4
2824,60403,6,2025-03-28,Completed,2025-04-09,12,59.2,74.1,1,4.0,3.6
2825,60403,7,2025-07-03,Completed,2025-07-08,5,52.6,71.5,1,4.1,2.7
2826,60403,10,2025-02-22,Completed,2025-03-10,16,53.8,69.3,2,4.5,5.9
2827,60404,1,2025-02-19,Completed,2025-03-15,24,53.5,53.2,2,3.1,5.2
2828,60404,2,2025-10-07,Completed,2025-10-24,17,47.4,54.3,2,2.5,6.9
2829,60404,3,2025-05-19,Completed,2025-05-28,9,45.6,44.0,3,3.0,4.3
2830,60404,4,2025-08-03,Completed,2025-08-05,2,45.0,62.5,1,4.5,1.2
2831,60404,5,2025-04-07,Completed,2025-04-10,3,52.3,72.9,1,4.4,1.4
2832,60404,10,2025-06-20,Completed,2025-07-18,28,56.0,67.7,2,4.2,5.5
2833,60405,1,2025-05-20,Completed,2025-06-03,14,66.0,74.4,2,3.1,5.9
2834,60405,2,2025-08-03,Completed,2025-08-19,16,60.0,75.6,1,3.6,5.1
2835,60405,3,2025-08-17,Completed,2025-09-01,15,73.8,81.5,1,3.6,5.4
2836,60405,4,2025-01-20,Completed,2025-01-23,3,69.0,89.6,1,3.6,0.9
2837,60405,5,2025-05-18,Completed,2025-05-21,3,59.0,75.6,1,4.1,1.7
2838,60405,10,2025-03-03,Completed,2025-03-16,13,69.0,93.0,3,4.7,7.6
2839,60405,7,2025-10-18,Dropped,,,81.4,,1,2.1,0.6
2840,60406,1,2025-03-07,Completed,2025-03-31,24,74.8,92.2,2,3.5,7.1
2841,60406,2,2025-11-19,Dropped,,,62.6,,1,2.1,1.7
2842,60406,3,2025-10-19,Completed,2025-10-31,12,74.1,92.8,1,3.5,4.3
2843,60406,4,2025-07-08,Completed,2025-07-11,3,55.6,77.2,2,4.5,0.9
2844,60406,5,2025-05-12,Completed,2025-05-15,3,54.8,78.9,2,4.6,1.4
2845,60406,7,2025-11-13,Completed,2025-11-17,4,74.8,94.1,1,4.1,3.2
2846,60406,10,2025-03-09,Dropped,,,64.3,,3,2.5,1.4
2847,60406,9,2025-07-19,Completed,2025-07-28,9,78.8,98.5,3,3.3,2.9
2848,60407,1,2025-05-20,Completed,2025-06-21,32,51.8,56.7,3,3.6,6.9
2849,60407,2,2025-05-03,Not Started,,,57.7,,0,,0.0
2850,60407,3,2025-03-10,Completed,2025-03-18,8,58.7,62.1,1,3.1,4.7
2851,60407,4,2025-02-27,Completed,2025-02-28,1,77.4,100.0,1,5.0,1.3
2852,60407,5,2025-03-16,Completed,2025-03-19,3,64.2,81.0,2,3.9,1.9
2853,60407,9,2025-05-17,Completed,2025-05-24,7,53.8,67.7,2,4.4,3.6
2854,60408,1,2025-08-04,Completed,2025-08-27,23,36.3,39.8,2,3.4,7.6
2855,60408,2,2025-08-14,Completed,2025-09-01,18,65.9,65.3,2,2.7,6.3
2856,60408,3,2025-07-29,Completed,2025-08-20,22,68.0,70.8,2,2.8,5.5
2857,60408,4,2025-04-24,Completed,2025-04-27,3,63.3,69.6,2,4.1,1.1
2858,60408,5,2025-04-07,Completed,2025-04-11,4,45.0,59.6,1,4.8,1.7
2859,60408,9,2025-07-07,Completed,2025-07-14,7,53.8,60.3,2,3.9,3.7
2860,60408,8,2025-06-13,In Progress,,,44.6,,3,3.8,2.4
2861,60408,7,2025-03-20,Completed,2025-03-25,5,31.4,43.5,2,4.9,2.9
2862,60409,1,2025-08-06,In Progress,,,75.8,,1,2.5,3.1
2863,60409,2,2025-11-08,Not Started,,,60.7,,0,,0.0
2864,60409,3,2025-08-22,Completed,2025-09-14,23,72.6,78.4,3,3.3,5.1
2865,60409,4,2025-03-02,Completed,2025-03-06,4,70.6,82.7,2,4.7,1.3
2866,60409,5,2025-04-16,Completed,2025-04-21,5,55.8,86.7,1,4.6,1.8
2867,60409,10,2025-05-12,Completed,2025-06-03,22,52.2,76.9,1,4.1,6.0
2868,60409,8,2025-07-25,Completed,2025-08-10,16,77.0,91.5,1,4.0,3.8
2869,60410,1,2025-01-25,Completed,2025-02-08,14,82.8,97.1,1,3.4,6.1
2870,60410,2,2025-02-19,In Progress,,,72.9,,1,2.4,2.0
2871,60410,3,2025-02-27,In Progress,,,73.4,,1,3.3,2.1
2872,60410,4,2025-08-10,Completed,2025-08-13,3,74.7,100.0,1,4.5,1.1
2873,60410,5,2025-05-04,Completed,2025-05-09,5,77.7,100.0,1,5.0,1.4
2874,60410,7,2025-03-31,Completed,2025-04-06,6,83.5,100.0,1,3.8,3.2
2875,60410,10,2025-09-13,Completed,2025-09-25,12,80.1,100.0,1,4.7,6.4
2876,60411,1,2025-10-12,Completed,2025-10-28,16,55.5,66.3,2,2.8,6.2
2877,60411,2,2025-11-01,Completed,2025-11-20,19,65.2,78.4,1,2.7,6.5
2878,60411,3,2025-10-07,Dropped,,,83.7,,1,1.5,1.1
2879,60411,4,2025-02-09,Completed,2025-02-13,4,75.5,95.9,1,4.6,1.1
2880,60411,5,2025-01-19,Completed,2025-01-23,4,76.3,95.7,3,4.9,1.5
2881,60411,10,2025-03-14,Completed,2025-03-23,9,67.7,88.4,2,5.0,7.1
2882,60411,7,2025-10-05,Completed,2025-10-11,6,49.2,61.8,1,4.3,2.5
2883,60412,1,2025-10-16,In Progress,,,42.1,,2,2.7,3.3
2884,60412,2,2025-07-21,In Progress,,,65.6,,3,2.8,2.2
2885,60412,3,2025-06-28,Completed,2025-07-09,11,76.6,87.2,1,2.8,4.3
2886,60412,4,2025-02-17,Completed,2025-02-20,3,70.1,81.9,2,3.8,0.9
2887,60412,5,2025-10-15,Completed,2025-10-22,7,71.4,91.0,2,4.5,1.3
2888,60412,8,2025-06-12,Completed,2025-06-19,7,62.8,78.8,1,4.3,3.7
2889,60412,10,2025-01-16,Completed,2025-02-03,18,71.1,73.1,1,4.0,5.9
2890,60413,1,2025-03-02,In Progress,,,46.3,,2,2.7,3.8
2891,60413,2,2025-07-16,Completed,2025-08-02,17,48.5,50.3,3,3.0,5.3
2892,60413,3,2025-01-12,Completed,2025-01-30,18,52.8,55.5,2,2.9,3.9
2893,60413,4,2025-07-10,Completed,2025-07-11,1,45.9,55.6,1,4.7,1.3
2894,60413,5,2025-07-16,Completed,2025-07-17,1,46.2,51.9,2,4.2,1.8
2895,60413,6,2025-10-14,Completed,2025-10-23,9,61.6,71.5,1,3.7,2.8
2896,60414,1,2025-08-21,Not Started,,,51.7,,0,,0.0
2897,60414,2,2025-03-15,Completed,2025-04-03,19,67.7,74.6,1,3.5,5.9
2898,60414,3,2025-04-25,Dropped,,,56.4,,1,2.8,1.3
2899,60414,4,2025-06-05,Completed,2025-06-09,4,70.5,90.8,2,4.2,1.0
2900,60414,5,2025-03-26,Completed,2025-03-31,5,53.5,78.6,1,5.0,1.8
2901,60414,7,2025-09-30,Completed,2025-10-06,6,70.0,86.7,1,4.6,2.9
2902,60414,8,2025-03-08,Completed,2025-03-21,13,58.8,81.2,2,4.4,3.8
2903,60415,1,2025-05-14,In Progress,,,73.2,,2,3.1,2.3
2904,60415,2,2025-04-22,Not Started,,,61.7,,0,,0.0
2905,60415,3,2025-04-15,In Progress,,,61.5,,3,2.7,2.7
2906,60415,4,2025-09-20,Completed,2025-09-23,3,60.8,87.6,1,4.2,1.0
2907,60415,5,2025-02-24,Completed,2025-02-28,4,59.2,73.3,1,4.4,1.9
2908,60415,10,2025-11-06,Completed,2025-11-28,22,42.4,61.9,1,4.0,6.0
2909,60415,9,2025-06-17,Dropped,,,55.5,,1,2.4,1.1
2910,60416,1,2025-08-27,Dropped,,,52.5,,1,2.6,0.9
2911,60416,2,2025-05-16,Completed,2025-06-19,34,54.4,60.5,1,3.9,4.9
2912,60416,3,2025-07-31,In Progress,,,77.3,,2,2.6,1.9
2913,60416,4,2025-05-21,Completed,2025-05-23,2,55.2,81.6,1,4.1,1.0
2914,60416,5,2025-04-28,Completed,2025-05-02,4,75.9,92.7,1,5.0,1.9
2915,60416,8,2025-05-02,Completed,2025-05-17,15,64.4,88.7,2,3.9,4.6
2916,60416,6,2025-08-27,Completed,2025-09-04,8,68.6,89.8,2,4.7,2.8
2917,60417,1,2025-02-20,Completed,2025-03-12,20,67.9,82.9,1,2.7,5.5
2918,60417,2,2025-07-05,Completed,2025-07-23,18,81.9,92.7,2,2.4,4.9
2919,60417,3,2025-07-20,Completed,2025-07-30,10,77.4,88.9,2,3.4,5.1
2920,60417,4,2025-01-17,Completed,2025-01-18,1,59.0,86.9,1,4.0,1.1
2921,60417,5,2025-04-06,Completed,2025-04-08,2,78.3,100.0,1,4.7,1.8
2922,60417,9,2025-02-26,Not Started,,,88.3,,0,,0.0
2923,60417,10,2025-03-01,Completed,2025-03-22,21,88.1,100.0,3,3.8,6.2
2924,60418,1,2025-07-15,Completed,2025-08-14,30,48.9,49.7,3,2.5,6.7
2925,60418,2,2025-01-28,Dropped,,,29.2,,2,2.3,0.9
2926,60418,3,2025-01-22,Completed,2025-02-08,17,30.6,35.3,2,3.3,3.9
2927,60418,4,2025-08-27,Completed,2025-08-31,4,43.1,39.6,1,4.3,1.1
2928,60418,5,2025-04-28,Completed,2025-05-02,4,48.1,54.3,4,4.1,1.4
2929,60418,7,2025-04-03,Completed,2025-04-14,11,32.7,40.5,2,3.6,2.4
2930,60419,1,2025-08-28,In Progress,,,40.8,,1,2.6,2.7
2931,60419,2,2025-08-27,Dropped,,,59.2,,2,1.7,0.5
2932,60419,3,2025-03-25,In Progress,,,45.5,,2,2.7,2.2
2933,60419,4,2025-05-21,Completed,2025-05-24,3,57.1,82.3,2,4.2,0.9
2934,60419,5,2025-03-13,Completed,2025-03-19,6,73.4,83.9,2,4.3,1.4
2935,60419,7,2025-11-17,Completed,2025-11-25,8,51.2,68.9,1,4.0,2.8
2936,60419,10,2025-10-25,Completed,2025-11-14,20,46.9,63.1,2,3.8,7.0
2937,60419,6,2025-09-27,Completed,2025-10-06,9,46.9,58.7,3,4.6,3.4
2938,60420,1,2025-09-09,In Progress,,,56.9,,2,2.3,3.0
2939,60420,2,2025-06-02,Not Started,,,56.3,,0,,0.0
2940,60420,3,2025-05-25,Completed,2025-06-01,7,64.2,71.3,1,3.0,4.9
2941,60420,4,2025-03-12,Completed,2025-03-14,2,53.3,78.9,2,5.0,1.3
2942,60420,5,2025-02-27,Completed,2025-03-02,3,52.9,72.4,2,5.0,1.5
2943,60420,8,2025-09-12,Completed,2025-09-24,12,45.5,62.4,3,4.1,4.9
2944,60421,1,2025-06-26,Not Started,,,62.2,,0,,0.0
2945,60421,2,2025-05-30,Not Started,,,69.4,,0,,0.0
2946,60421,3,2025-08-12,Completed,2025-09-01,20,76.8,89.0,2,2.5,4.7
2947,60421,4,2025-02-28,Completed,2025-03-04,4,55.6,71.4,2,4.3,1.2
2948,60421,5,2025-04-15,Completed,2025-04-18,3,66.5,87.7,1,4.1,1.9
2949,60421,9,2025-03-29,Completed,2025-04-04,6,76.4,94.2,2,3.5,3.6
2950,60421,8,2025-07-25,Completed,2025-08-03,9,60.0,80.4,2,4.5,4.4
2951,60422,1,2025-07-26,Completed,2025-08-23,28,64.6,69.1,2,2.7,6.6
2952,60422,2,2025-07-29,Not Started,,,44.1,,0,,0.0
2953,60422,3,2025-03-14,Completed,2025-03-25,11,61.9,70.5,2,3.0,4.6
2954,60422,4,2025-04-06,Completed,2025-04-07,1,50.9,67.8,1,4.2,1.0
2955,60422,5,2025-09-23,Completed,2025-09-26,3,46.9,67.8,1,4.1,1.7
2956,60422,8,2025-07-11,Completed,2025-07-14,3,41.9,58.3,2,4.1,3.4
2957,60422,7,2025-05-09,Completed,2025-05-16,7,56.2,65.5,1,4.4,2.3
2958,60423,1,2025-05-29,In Progress,,,60.2,,3,3.0,2.3
2959,60423,2,2025-05-07,Completed,2025-05-25,18,67.6,66.2,2,3.9,6.5
2960,60423,3,2025-03-26,In Progress,,,54.9,,2,2.4,3.1
2961,60423,4,2025-10-18,Completed,2025-10-21,3,68.7,84.0,2,5.0,1.0
2962,60423,5,2025-01-06,Completed,2025-01-13,7,71.4,84.2,1,4.9,1.9
2963,60423,10,2025-09-04,Completed,2025-09-27,23,65.9,83.1,3,4.0,7.7
2964,60423,9,2025-11-06,Completed,2025-11-13,7,48.3,64.2,1,4.0,3.6
2965,60423,7,2025-02-10,Completed,2025-02-15,5,53.2,63.8,2,4.8,3.1
2966,60424,1,2025-07-23,Completed,2025-08-04,12,42.8,47.4,2,3.2,7.1
2967,60424,2,2025-07-16,Completed,2025-08-12,27,39.4,38.6,1,3.5,5.6
2968,60424,3,2025-09-12,Completed,2025-09-26,14,51.4,61.6,2,3.0,4.8
2969,60424,4,2025-09-13,Completed,2025-09-16,3,42.2,51.0,2,3.8,0.9
2970,60424,5,2025-09-28,Completed,2025-09-30,2,42.8,57.2,1,4.2,1.3
2971,60424,8,2025-09-11,Completed,2025-09-27,16,52.0,58.4,2,4.3,4.8
2972,60424,10,2025-04-23,Completed,2025-05-14,21,51.4,67.5,3,4.0,5.6
2973,60425,1,2025-06-26,Completed,2025-07-13,17,55.4,55.8,3,3.1,5.2
2974,60425,2,2025-11-09,Completed,2025-11-27,18,41.0,47.7,2,3.5,4.8
2975,60425,3,2025-06-23,Completed,2025-07-06,13,56.2,54.1,3,3.3,4.7
2976,60425,4,2025-02-16,Completed,2025-02-19,3,35.6,54.5,2,4.6,1.1
2977,60425,5,2025-02-03,Completed,2025-02-10,7,56.8,64.6,1,4.3,1.6
2978,60425,6,2025-05-03,In Progress,,,55.1,,1,3.7,1.2
2979,60425,7,2025-09-03,Completed,2025-09-08,5,59.9,78.9,1,4.6,3.2
2980,60425,8,2025-04-03,Completed,2025-04-26,23,40.1,64.7,3,4.5,4.2
2981,60426,1,2025-07-06,In Progress,,,55.8,,2,1.8,3.0
2982,60426,2,2025-09-24,Completed,2025-10-12,18,82.7,94.8,2,3.8,6.1
2983,60426,3,2025-11-05,Completed,2025-11-09,4,61.8,74.5,2,3.9,3.9
2984,60426,4,2025-07-27,Completed,2025-07-29,2,67.9,89.8,1,4.1,1.0
2985,60426,5,2025-02-27,Completed,2025-03-02,3,88.6,100.0,1,3.8,1.7
2986,60426,7,2025-11-16,Completed,2025-11-28,12,83.8,100.0,1,4.9,2.7
2987,60427,1,2025-03-30,Completed,2025-04-14,15,46.8,45.8,4,3.0,7.4
2988,60427,2,2025-01-13,Completed,2025-02-03,21,51.4,57.0,1,3.5,6.6
2989,60427,3,2025-10-28,Completed,2025-11-12,15,68.7,78.3,1,4.0,5.4
2990,60427,4,2025-11-10,Completed,2025-11-13,3,44.3,69.3,2,4.9,1.2
2991,60427,5,2025-05-14,Completed,2025-05-18,4,57.8,80.0,2,4.6,1.9
2992,60427,8,2025-06-11,Completed,2025-06-22,11,52.9,68.0,2,3.9,3.7
2993,60427,10,2025-11-10,Completed,2025-12-03,23,35.3,41.5,2,3.8,6.5
2994,60428,1,2025-07-24,In Progress,,,72.6,,3,2.2,3.3
2995,60428,2,2025-10-22,Completed,2025-10-31,9,64.4,73.1,2,2.3,4.9
2996,60428,3,2025-02-03,Dropped,,,47.6,,1,2.3,1.5
2997,60428,4,2025-08-14,Completed,2025-08-18,4,81.0,100.0,1,4.6,1.3
2998,60428,5,2025-08-23,Completed,2025-08-28,5,64.5,82.7,1,4.9,1.8
2999,60428,10,2025-03-22,In Progress,,,57.0,,1,3.8,3.0
3000,60428,9,2025-07-20,Completed,2025-07-24,4,66.1,96.2,1,3.2,2.9
3001,60429,1,2025-10-31,Completed,2025-11-20,20,77.4,91.4,1,2.9,5.6
3002,60429,2,2025-04-27,Completed,2025-05-10,13,80.8,92.9,1,3.0,7.0
3003,60429,3,2025-06-24,Dropped,,,59.5,,2,1.5,0.3
3004,60429,4,2025-02-05,Completed,2025-02-08,3,67.0,81.2,1,4.8,0.9
3005,60429,5,2025-04-20,Completed,2025-04-24,4,65.6,70.1,1,3.8,1.6
3006,60429,8,2025-04-07,Completed,2025-04-22,15,66.8,72.4,2,3.8,3.5
3007,60429,6,2025-10-18,Completed,2025-10-28,10,60.4,76.1,1,4.8,3.3
3008,60430,1,2025-11-18,Completed,2025-12-15,27,61.7,64.8,2,2.8,6.6
3009,60430,2,2025-05-07,Completed,2025-05-20,13,57.4,71.3,2,3.1,4.8
3010,60430,3,2025-05-30,Not Started,,,49.2,,0,,0.0
3011,60430,4,2025-02-02,Completed,2025-02-06,4,49.5,62.6,1,4.1,1.0
3012,60430,5,2025-07-29,Completed,2025-08-01,3,53.5,77.4,2,4.5,1.7
3013,60430,7,2025-09-12,Completed,2025-09-18,6,40.5,55.9,1,4.2,2.2
3014,60430,6,2025-10-13,In Progress,,,39.9,,2,3.6,1.0
3015,60431,1,2025-05-17,Completed,2025-06-06,20,56.9,51.7,3,3.8,5.2
3016,60431,2,2025-09-03,Completed,2025-09-22,19,59.1,64.7,2,2.8,6.1
3017,60431,3,2025-01-22,In Progress,,,44.1,,3,2.5,2.3
3018,60431,4,2025-09-24,Completed,2025-09-25,1,35.2,46.6,2,4.7,1.2
3019,60431,5,2025-05-01,Completed,2025-05-07,6,44.4,58.4,3,5.0,1.7
3020,60431,6,2025-08-16,Completed,2025-08-22,6,48.5,55.2,1,4.0,3.6
3021,60431,10,2025-06-28,Completed,2025-08-02,35,51.5,59.1,2,3.9,7.6
3022,60432,1,2025-10-02,Dropped,,,48.7,,3,1.9,1.0
3023,60432,2,2025-10-01,Completed,2025-10-24,23,41.5,47.9,2,3.0,6.1
3024,60432,3,2025-07-21,Dropped,,,61.4,,2,2.0,0.3
3025,60432,4,2025-02-28,Completed,2025-03-04,4,62.0,81.9,2,4.4,0.9
3026,60432,5,2025-02-05,Completed,2025-02-12,7,29.6,50.0,1,4.3,1.5
3027,60432,10,2025-09-29,Completed,2025-10-08,9,48.6,63.8,3,4.0,7.3
3028,60433,1,2025-01-27,In Progress,,,37.7,,2,2.6,2.8
3029,60433,2,2025-10-31,Completed,2025-11-15,15,73.6,76.5,1,3.1,5.8
3030,60433,3,2025-09-09,Dropped,,,45.9,,1,2.1,1.6
3031,60433,4,2025-01-27,Completed,2025-01-29,2,68.7,83.2,1,4.7,0.9
3032,60433,5,2025-04-01,Completed,2025-04-10,9,52.2,72.3,1,4.5,1.7
3033,60433,7,2025-11-07,Completed,2025-11-11,4,46.6,70.6,2,4.9,3.2
3034,60433,6,2025-02-23,Completed,2025-03-04,9,67.4,83.0,2,3.4,3.4
3035,60434,1,2025-04-06,Dropped,,,79.6,,2,1.4,0.4
3036,60434,2,2025-07-02,Completed,2025-07-12,10,48.2,59.5,2,2.9,5.6
3037,60434,3,2025-06-09,Dropped,,,62.5,,2,2.2,0.8
3038,60434,4,2025-03-16,Completed,2025-03-18,2,42.5,58.8,2,4.7,1.0
3039,60434,5,2025-04-26,Completed,2025-04-28,2,61.7,80.6,1,4.2,1.4
3040,60434,8,2025-06-14,Completed,2025-07-06,22,44.4,49.1,2,3.9,4.2
3041,60434,10,2025-06-26,Completed,2025-07-10,14,61.2,80.0,1,4.1,7.5
3042,60435,1,2025-09-03,Completed,2025-09-19,16,57.0,62.7,2,3.1,5.1
3043,60435,2,2025-02-23,Completed,2025-03-20,25,73.6,72.2,3,3.2,6.6
3044,60435,3,2025-01-13,Completed,2025-02-02,20,60.2,69.0,3,3.1,4.4
3045,60435,4,2025-06-27,Completed,2025-06-30,3,57.7,74.8,2,4.6,0.9
3046,60435,5,2025-11-01,Completed,2025-11-05,4,54.0,68.6,1,4.2,1.9
3047,60435,9,2025-02-01,Completed,2025-02-10,9,72.2,88.7,1,3.9,2.8
3048,60435,6,2025-03-02,Completed,2025-03-12,10,56.2,64.2,2,3.8,3.7
3049,60436,1,2025-05-01,Completed,2025-05-22,21,63.5,72.3,1,3.7,7.0
3050,60436,2,2025-07-04,Not Started,,,60.8,,0,,0.0
3051,60436,3,2025-04-29,In Progress,,,56.7,,2,2.7,2.2
3052,60436,4,2025-01-18,Completed,2025-01-19,1,71.8,92.7,1,4.5,1.2
3053,60436,5,2025-05-15,Completed,2025-05-19,4,56.9,70.0,1,4.9,1.8
3054,60436,8,2025-06-08,Completed,2025-06-12,4,61.5,71.6,2,4.1,3.7
3055,60436,7,2025-09-12,Completed,2025-09-19,7,64.1,77.7,2,4.9,2.4
3056,60437,1,2025-11-15,Completed,2025-12-07,22,35.8,39.5,3,2.7,7.5
3057,60437,2,2025-05-01,Completed,2025-05-19,18,48.8,49.8,2,3.3,5.1
3058,60437,3,2025-06-15,In Progress,,,54.2,,2,2.9,1.5
3059,60437,4,2025-07-28,Completed,2025-07-30,2,63.0,78.9,3,4.6,0.9
3060,60437,5,2025-09-19,Completed,2025-09-21,2,43.0,55.9,2,4.9,1.9
3061,60437,8,2025-06-19,Completed,2025-06-28,9,64.8,80.6,2,4.6,4.4
3062,60437,7,2025-02-01,Completed,2025-02-09,8,44.1,56.1,1,4.0,3.1
3063,60438,1,2025-09-15,Not Started,,,55.8,,0,,0.0
3064,60438,2,2025-09-28,Dropped,,,55.3,,1,1.2,1.5
3065,60438,3,2025-10-09,Dropped,,,59.4,,1,2.3,0.4
3066,60438,4,2025-04-26,Completed,2025-04-27,1,60.2,88.6,2,4.0,1.2
3067,60438,5,2025-03-31,Completed,2025-04-05,5,70.3,94.3,1,4.8,1.7
3068,60438,7,2025-03-09,Completed,2025-03-23,14,68.9,86.9,1,3.6,3.0
3069,60438,6,2025-04-08,Completed,2025-04-13,5,55.7,76.3,1,4.0,3.1
3070,60439,1,2025-08-14,Completed,2025-09-06,23,62.5,69.6,2,2.3,5.2
3071,60439,2,2025-08-18,Not Started,,,49.9,,0,,0.0
3072,60439,3,2025-09-29,Completed,2025-10-17,18,64.4,65.7,1,3.5,4.5
3073,60439,4,2025-05-18,Completed,2025-05-22,4,75.1,88.6,2,3.9,1.2
3074,60439,5,2025-06-12,Completed,2025-06-16,4,48.7,66.3,2,4.5,1.7
3075,60439,9,2025-09-24,Completed,2025-10-06,12,58.0,71.2,2,4.0,2.6
3076,60439,10,2025-09-21,Completed,2025-10-01,10,58.4,74.1,3,4.0,7.5
3077,60439,8,2025-11-18,Completed,2025-12-04,16,64.3,82.2,1,3.7,3.6
3078,60440,1,2025-08-07,Completed,2025-08-28,21,81.8,88.4,1,3.0,6.1
3079,60440,2,2025-10-31,In Progress,,,80.9,,1,2.8,2.4
3080,60440,3,2025-01-22,In Progress,,,72.5,,3,2.1,2.3
3081,60440,4,2025-04-06,Completed,2025-04-10,4,72.2,100.0,1,4.0,0.9
3082,60440,5,2025-09-25,Completed,2025-09-29,4,87.4,100.0,1,4.6,1.7
3083,60440,9,2025-07-01,Completed,2025-07-11,10,73.6,100.0,1,3.7,3.1
3084,60440,8,2025-01-06,Completed,2025-01-17,11,60.5,83.9,1,4.0,3.6
3085,60440,6,2025-05-18,Completed,2025-05-30,12,74.7,100.0,2,3.2,3.8
3086,60441,1,2025-10-19,In Progress,,,46.5,,2,2.3,2.7
3087,60441,2,2025-02-05,Completed,2025-02-17,12,52.1,55.8,1,3.2,7.0
3088,60441,3,2025-01-26,Completed,2025-02-10,15,37.5,42.7,4,3.7,4.6
3089,60441,4,2025-02-01,Completed,2025-02-04,3,60.4,79.7,1,4.7,1.2
3090,60441,5,2025-05-30,Completed,2025-06-07,8,42.8,51.7,2,4.3,1.6
3091,60441,10,2025-11-10,Completed,2025-11-21,11,41.2,47.4,1,4.3,7.0
3092,60441,7,2025-07-18,Completed,2025-07-27,9,36.5,48.2,3,4.3,2.6
3093,60441,8,2025-06-17,Completed,2025-06-27,10,32.6,47.0,2,4.6,4.8
3094,60442,1,2025-07-12,Completed,2025-07-22,10,33.7,46.7,3,4.0,6.3
3095,60442,2,2025-08-31,Completed,2025-09-25,25,59.5,66.0,1,3.9,6.6
3096,60442,3,2025-02-20,Completed,2025-02-25,5,59.0,69.5,2,3.5,4.5
3097,60442,4,2025-07-30,Completed,2025-08-02,3,54.4,73.5,1,4.3,0.9
3098,60442,5,2025-07-22,Completed,2025-07-27,5,53.9,68.3,1,4.8,1.7
3099,60442,10,2025-08-04,Completed,2025-08-14,10,57.0,66.7,3,5.0,6.9
3100,60442,9,2025-01-21,Completed,2025-01-27,6,59.2,67.3,1,4.2,3.8
3101,60443,1,2025-01-15,Not Started,,,63.7,,0,,0.0
3102,60443,2,2025-07-09,Not Started,,,73.3,,0,,0.0
3103,60443,3,2025-07-08,Not Started,,,57.1,,0,,0.0
3104,60443,4,2025-11-07,Completed,2025-11-09,2,65.0,84.6,3,4.3,0.9
3105,60443,5,2025-10-03,Completed,2025-10-06,3,44.9,62.7,2,4.0,1.4
3106,60443,7,2025-03-04,Completed,2025-03-13,9,57.9,86.0,1,4.2,2.4
3107,60443,8,2025-02-06,Completed,2025-02-16,10,53.8,66.4,2,4.0,5.0
3108,60443,6,2025-03-29,Completed,2025-03-30,1,49.7,56.9,2,4.1,3.3
3109,60444,1,2025-06-24,Completed,2025-07-19,25,65.6,74.2,2,3.1,6.5
3110,60444,2,2025-02-28,In Progress,,,60.8,,2,3.5,3.2
3111,60444,3,2025-08-20,In Progress,,,43.7,,1,2.1,2.4
3112,60444,4,2025-04-09,Completed,2025-04-10,1,65.9,92.9,1,4.2,0.9
3113,60444,5,2025-05-17,Completed,2025-05-21,4,81.9,95.9,1,4.5,1.7
3114,60444,6,2025-09-18,Completed,2025-09-28,10,59.9,80.7,1,3.7,3.5
3115,60444,10,2025-02-02,Completed,2025-02-22,20,59.1,77.7,2,4.1,6.7
3116,60444,9,2025-10-06,Completed,2025-10-09,3,67.9,85.1,1,4.2,3.1
3117,60445,1,2025-08-02,Completed,2025-08-27,25,44.8,45.8,2,3.6,6.5
3118,60445,2,2025-08-31,In Progress,,,45.6,,1,3.3,1.9
3119,60445,3,2025-10-24,Completed,2025-11-10,17,42.2,38.9,3,3.1,5.7
3120,60445,4,2025-01-07,Completed,2025-01-10,3,55.8,75.4,1,4.6,1.3
3121,60445,5,2025-03-15,Completed,2025-03-18,3,52.9,60.8,1,4.3,1.8
3122,60445,6,2025-06-27,Completed,2025-07-02,5,41.0,50.4,2,3.9,2.6
3123,60445,7,2025-09-12,Completed,2025-09-17,5,57.2,67.1,2,4.4,2.2
3124,60445,9,2025-06-15,Completed,2025-06-23,8,56.7,72.4,1,3.5,3.8
3125,60446,1,2025-06-10,In Progress,,,74.8,,2,2.6,4.1
3126,60446,2,2025-09-03,Completed,2025-09-18,15,46.8,51.3,1,2.5,5.9
3127,60446,3,2025-01-19,Completed,2025-02-01,13,72.7,79.8,1,2.9,5.4
3128,60446,4,2025-08-17,Completed,2025-08-19,2,62.4,81.2,2,4.4,1.1
3129,60446,5,2025-06-04,Completed,2025-06-09,5,43.7,64.8,1,4.5,1.7
3130,60446,8,2025-10-18,In Progress,,,51.7,,2,3.0,2.6
3131,60446,9,2025-10-06,In Progress,,,60.5,,2,2.7,1.9
3132,60446,10,2025-06-06,Completed,2025-06-18,12,67.2,92.3,2,4.1,6.6
3133,60447,1,2025-03-07,In Progress,,,60.2,,2,3.1,3.9
3134,60447,2,2025-01-28,Completed,2025-02-15,18,52.8,60.0,2,2.6,4.8
3135,60447,3,2025-10-10,Completed,2025-10-24,14,44.6,50.2,2,3.7,4.8
3136,60447,4,2025-06-28,Completed,2025-07-01,3,54.9,69.4,1,4.7,1.2
3137,60447,5,2025-06-16,Completed,2025-06-23,7,50.0,68.5,2,4.9,1.5
3138,60447,9,2025-07-05,Completed,2025-07-16,11,70.1,77.9,2,4.5,3.4
3139,60447,8,2025-09-20,Completed,2025-10-01,11,65.3,80.8,1,4.1,3.7
3140,60448,1,2025-04-02,Completed,2025-04-16,14,45.9,54.0,1,3.4,5.6
3141,60448,2,2025-09-27,Completed,2025-10-14,17,56.4,65.7,2,2.8,5.8
3142,60448,3,2025-01-14,Dropped,,,43.6,,2,2.3,1.0
3143,60448,4,2025-04-24,Completed,2025-04-25,1,67.3,78.2,1,4.5,1.2
3144,60448,5,2025-05-07,Completed,2025-05-11,4,60.4,82.3,1,4.4,1.4
3145,60448,10,2025-07-22,Completed,2025-08-16,25,75.2,98.5,1,3.9,5.5
3146,60448,8,2025-08-17,Completed,2025-09-03,17,41.1,63.5,1,4.3,4.8
3147,60449,1,2025-08-02,Completed,2025-08-12,10,64.9,68.5,3,3.1,7.5
3148,60449,2,2025-03-14,Dropped,,,20.0,,2,1.7,1.6
3149,60449,3,2025-03-06,Completed,2025-03-22,16,43.4,43.5,2,3.1,4.1
3150,60449,4,2025-01-11,Completed,2025-01-13,2,50.5,66.4,3,5.0,1.1
3151,60449,5,2025-05-08,Completed,2025-05-11,3,48.6,64.6,2,4.5,1.7
3152,60449,9,2025-10-01,Completed,2025-10-12,11,47.8,58.3,2,3.4,2.9
3153,60449,7,2025-07-31,Completed,2025-08-08,8,52.0,57.1,1,3.7,2.1
3154,60450,1,2025-01-29,In Progress,,,41.5,,2,1.9,3.0
3155,60450,2,2025-05-12,Completed,2025-06-01,20,55.8,66.0,1,3.3,6.1
3156,60450,3,2025-03-28,In Progress,,,58.6,,1,1.9,3.1
3157,60450,4,2025-07-14,Completed,2025-07-16,2,44.4,61.7,1,4.2,1.0
3158,60450,5,2025-02-20,Dropped,,,70.3,,1,2.7,0.5
3159,60450,9,2025-02-13,In Progress,,,67.5,,1,3.0,1.5
3160,60450,7,2025-07-23,Completed,2025-08-02,10,64.9,78.7,2,4.4,2.2
3161,60451,1,2025-10-06,Completed,2025-10-10,4,80.0,91.8,2,3.9,6.7
3162,60451,2,2025-08-28,Not Started,,,77.0,,0,,0.0
3163,60451,3,2025-04-20,Completed,2025-05-12,22,68.5,84.2,1,2.8,5.5
3164,60451,4,2025-10-21,Completed,2025-10-24,3,69.3,88.1,1,3.6,1.0
3165,60451,5,2025-07-04,Completed,2025-07-09,5,61.0,74.7,1,4.2,1.4
3166,60451,7,2025-07-30,Completed,2025-08-08,9,56.1,76.7,2,3.8,2.3
3167,60451,10,2025-07-03,Completed,2025-07-24,21,75.3,96.4,2,4.2,6.6
3168,60452,1,2025-02-09,In Progress,,,60.8,,2,3.3,3.3
3169,60452,2,2025-09-03,Not Started,,,46.7,,0,,0.0
3170,60452,3,2025-11-04,Completed,2025-11-05,1,51.5,58.1,1,3.5,3.9
3171,60452,4,2025-07-12,Completed,2025-07-15,3,41.9,56.7,1,3.9,0.9
3172,60452,5,2025-09-29,Completed,2025-10-03,4,36.3,53.9,2,4.4,1.9
3173,60452,8,2025-02-21,Completed,2025-03-06,13,43.2,43.4,2,4.4,4.9
3174,60452,10,2025-07-11,Completed,2025-07-18,7,54.1,71.7,3,4.7,7.7
3175,60453,1,2025-05-20,Completed,2025-06-10,21,54.1,59.6,1,3.1,5.2
3176,60453,2,2025-02-04,Completed,2025-02-19,15,68.5,70.8,1,3.4,4.9
3177,60453,3,2025-04-24,Completed,2025-05-10,16,50.6,56.2,1,3.0,4.3
3178,60453,4,2025-08-23,Completed,2025-08-26,3,63.0,80.6,1,4.3,1.0
3179,60453,5,2025-04-07,Completed,2025-04-08,1,55.1,72.8,2,4.4,1.3
3180,60453,7,2025-06-21,Completed,2025-06-24,3,57.5,79.5,2,4.3,2.8
3181,60454,1,2025-10-05,Completed,2025-10-15,10,59.8,69.5,1,3.4,7.4
3182,60454,2,2025-01-16,Dropped,,,35.0,,1,2.1,1.8
3183,60454,3,2025-11-12,Completed,2025-11-27,15,75.3,81.3,1,3.5,4.8
3184,60454,4,2025-01-26,Completed,2025-01-30,4,74.1,91.7,2,4.5,1.2
3185,60454,5,2025-05-23,Completed,2025-05-28,5,52.2,67.8,1,4.9,1.4
3186,60454,7,2025-02-15,Completed,2025-02-26,11,55.7,69.8,1,4.1,3.1
3187,60454,8,2025-03-07,Completed,2025-03-23,16,58.2,66.6,2,3.7,4.5
3188,60454,9,2025-05-06,Not Started,,,53.5,,0,,0.0
3189,60455,1,2025-09-06,Not Started,,,64.1,,0,,0.0
3190,60455,2,2025-08-07,Completed,2025-08-28,21,76.5,84.3,3,3.2,5.6
3191,60455,3,2025-07-28,Completed,2025-08-17,20,82.5,85.8,3,3.4,5.8
3192,60455,4,2025-09-20,Completed,2025-09-23,3,75.2,93.4,1,4.7,1.1
3193,60455,5,2025-08-14,Completed,2025-08-16,2,63.6,84.8,1,4.9,1.6
3194,60455,6,2025-01-25,Completed,2025-02-05,11,45.2,56.8,1,3.7,3.5
3195,60455,9,2025-01-10,Completed,2025-01-19,9,56.6,64.9,1,3.8,3.6
3196,60456,1,2025-09-05,Dropped,,,54.6,,1,1.4,1.1
3197,60456,2,2025-10-02,In Progress,,,56.1,,1,2.4,2.7
3198,60456,3,2025-07-14,Completed,2025-08-03,20,61.7,65.6,1,3.3,4.7
3199,60456,4,2025-01-12,Completed,2025-01-14,2,76.4,96.7,2,4.1,1.3
3200,60456,5,2025-07-04,Completed,2025-07-08,4,76.8,97.5,1,5.0,1.4
3201,60456,8,2025-03-11,In Progress,,,47.8,,1,3.9,1.2
3202,60456,10,2025-02-13,Completed,2025-03-01,16,55.2,76.8,1,3.9,6.9
3203,60457,1,2025-03-22,Completed,2025-04-13,22,76.5,81.0,2,2.9,5.1
3204,60457,2,2025-04-04,Completed,2025-04-21,17,62.7,63.9,2,2.5,6.6
3205,60457,3,2025-02-06,Completed,2025-02-17,11,63.1,77.4,2,3.8,5.2
3206,60457,4,2025-05-15,Completed,2025-05-18,3,73.5,94.3,1,4.2,1.0
3207,60457,5,2025-11-14,Completed,2025-11-20,6,71.1,93.8,1,3.7,1.3
3208,60457,6,2025-06-04,Completed,2025-06-08,4,71.5,94.0,2,3.9,2.7
3209,60457,10,2025-10-25,Not Started,,,75.1,,0,,0.0
3210,60458,1,2025-08-04,Completed,2025-08-25,21,44.8,49.2,2,3.4,6.5
3211,60458,2,2025-02-19,In Progress,,,55.1,,3,2.0,3.0
3212,60458,3,2025-01-29,Completed,2025-02-17,19,68.2,68.5,2,3.5,5.8
3213,60458,4,2025-11-06,Completed,2025-11-08,2,51.0,63.4,2,4.4,0.9
3214,60458,5,2025-11-14,Completed,2025-11-19,5,60.5,79.4,3,4.7,1.5
3215,60458,9,2025-10-07,Completed,2025-10-22,15,42.2,53.0,2,3.7,3.9
3216,60458,6,2025-02-09,Completed,2025-02-17,8,56.0,74.8,1,4.4,3.8
3217,60458,8,2025-08-16,Completed,2025-09-04,19,57.3,73.5,2,4.2,4.1
3218,60459,1,2025-07-07,In Progress,,,71.5,,3,2.2,3.1
3219,60459,2,2025-01-18,Completed,2025-02-16,29,67.9,81.0,2,2.7,5.8
3220,60459,3,2025-11-12,In Progress,,,32.4,,1,2.9,3.0
3221,60459,4,2025-05-26,Completed,2025-05-27,1,81.8,93.8,2,4.8,1.1
3222,60459,5,2025-06-24,Completed,2025-06-27,3,76.1,97.6,2,4.2,1.4
3223,60459,9,2025-08-13,Completed,2025-08-31,18,54.3,71.4,1,4.5,3.7
3224,60459,7,2025-09-03,Completed,2025-09-13,10,68.5,91.3,2,4.2,2.4
3225,60459,10,2025-05-18,Completed,2025-06-07,20,59.5,87.6,1,4.2,7.2
3226,60460,1,2025-02-27,Completed,2025-03-16,17,64.2,67.2,2,3.1,6.6
3227,60460,2,2025-01-12,Not Started,,,41.2,,0,,0.0
3228,60460,3,2025-08-31,Completed,2025-09-14,14,50.8,53.0,3,2.8,4.0
3229,60460,4,2025-01-14,Completed,2025-01-15,1,62.5,76.2,1,4.8,1.2
3230,60460,5,2025-04-04,Completed,2025-04-09,5,57.1,71.8,1,4.3,1.5
3231,60460,10,2025-05-21,Completed,2025-05-26,5,36.2,47.2,2,4.4,7.0
3232,60460,8,2025-10-30,Completed,2025-11-09,10,59.4,64.6,1,4.5,4.4
3233,60461,1,2025-08-16,Completed,2025-08-27,11,50.7,51.3,2,3.1,5.2
3234,60461,2,2025-03-16,Dropped,,,50.2,,4,1.0,1.0
3235,60461,3,2025-03-12,Completed,2025-03-28,16,53.4,57.0,2,3.1,5.7
3236,60461,4,2025-03-19,Completed,2025-03-22,3,53.3,68.9,3,4.3,1.2
3237,60461,5,2025-05-27,Completed,2025-06-01,5,42.0,60.4,2,4.8,1.5
3238,60461,10,2025-03-22,Completed,2025-04-08,17,50.6,62.7,3,4.5,5.3
3239,60461,8,2025-06-02,Completed,2025-06-11,9,49.5,59.3,2,3.5,3.9
3240,60461,9,2025-10-01,Completed,2025-10-12,11,43.9,56.7,2,3.2,3.3
3241,60462,1,2025-07-07,Not Started,,,85.5,,0,,0.0
3242,60462,2,2025-10-05,Completed,2025-10-16,11,57.5,65.7,2,3.2,5.1
3243,60462,3,2025-08-09,Not Started,,,53.9,,0,,0.0
3244,60462,4,2025-11-14,Completed,2025-11-17,3,52.7,66.1,1,4.4,1.3
3245,60462,5,2025-03-17,Completed,2025-03-22,5,66.9,85.9,1,4.4,1.9
3246,60462,6,2025-03-03,Completed,2025-03-19,16,64.1,82.5,2,4.5,3.8
3247,60462,10,2025-08-18,Not Started,,,60.0,,0,,0.0
3248,60463,1,2025-05-16,Completed,2025-06-13,28,62.7,76.6,2,3.0,6.2
3249,60463,2,2025-03-05,Completed,2025-03-22,17,54.3,58.8,2,3.8,6.3
3250,60463,3,2025-02-16,Completed,2025-03-01,13,71.1,71.7,1,3.0,4.5
3251,60463,4,2025-07-24,Completed,2025-07-25,1,47.4,68.5,1,4.7,1.1
3252,60463,5,2025-01-25,Completed,2025-01-31,6,78.6,100.0,2,4.4,1.4
3253,60463,7,2025-01-06,Completed,2025-01-19,13,51.1,70.0,2,4.7,3.1
3254,60464,1,2025-02-07,Completed,2025-02-22,15,73.0,86.6,2,3.4,5.4
3255,60464,2,2025-01-11,Not Started,,,70.2,,0,,0.0
3256,60464,3,2025-09-23,Completed,2025-10-07,14,64.5,70.7,2,2.8,4.3
3257,60464,4,2025-01-20,Completed,2025-01-22,2,56.7,73.7,2,4.3,0.9
3258,60464,5,2025-11-07,Completed,2025-11-10,3,66.5,85.9,1,4.4,1.8
3259,60464,8,2025-02-13,Completed,2025-03-09,24,63.6,76.6,1,3.9,3.8
3260,60464,10,2025-04-04,Completed,2025-04-27,23,44.8,62.0,2,4.4,7.1
3261,60464,9,2025-08-09,Completed,2025-08-18,9,57.2,68.5,1,3.9,3.8
3262,60465,1,2025-09-27,In Progress,,,56.7,,3,1.9,1.5
3263,60465,2,2025-07-16,Completed,2025-07-29,13,82.4,89.9,1,4.0,5.5
3264,60465,3,2025-01-25,Completed,2025-02-06,12,50.3,51.4,3,3.1,5.1
3265,60465,4,2025-01-06,Completed,2025-01-07,1,58.8,80.3,1,4.2,1.2
3266,60465,5,2025-02-18,Completed,2025-02-19,1,59.3,84.1,1,4.6,1.5
3267,60465,9,2025-07-17,Completed,2025-07-24,7,54.8,81.6,1,4.1,3.0
3268,60465,6,2025-01-08,Completed,2025-01-19,11,72.3,90.0,1,3.9,3.2
3269,60465,7,2025-02-04,Completed,2025-02-11,7,62.6,80.0,1,4.1,2.5
3270,60466,1,2025-08-30,Completed,2025-09-26,27,63.3,79.3,1,3.4,5.8
3271,60466,2,2025-04-23,Completed,2025-05-15,22,69.0,83.3,1,2.9,6.2
3272,60466,3,2025-08-18,Completed,2025-09-10,23,65.3,76.9,1,3.7,4.9
3273,60466,4,2025-06-30,Completed,2025-07-03,3,65.2,86.5,2,5.0,1.1
3274,60466,5,2025-04-01,Completed,2025-04-04,3,51.8,63.3,1,5.0,1.8
3275,60466,7,2025-08-13,Completed,2025-08-17,4,60.5,78.3,1,4.2,2.6
3276,60466,9,2025-10-25,Completed,2025-11-07,13,59.8,77.7,2,4.1,2.6
3277,60467,1,2025-08-24,Completed,2025-09-19,26,73.2,86.2,3,3.6,6.0
3278,60467,2,2025-04-11,In Progress,,,84.5,,1,2.8,3.5
3279,60467,3,2025-05-28,Completed,2025-05-29,1,86.3,97.1,1,2.3,3.9
3280,60467,4,2025-06-02,Completed,2025-06-05,3,55.1,79.7,1,4.0,1.0
3281,60467,5,2025-09-09,Completed,2025-09-13,4,72.3,89.8,1,4.5,1.7
3282,60467,9,2025-04-08,Completed,2025-04-14,6,89.0,100.0,2,4.4,3.2
3283,60468,1,2025-02-06,Completed,2025-02-23,17,57.3,64.8,2,2.5,6.3
3284,60468,2,2025-05-30,Completed,2025-06-24,25,59.1,60.7,2,3.4,6.2
3285,60468,3,2025-01-25,Completed,2025-02-16,22,52.5,60.5,2,3.3,4.1
3286,60468,4,2025-06-14,Completed,2025-06-15,1,70.7,93.2,2,4.4,1.1
3287,60468,5,2025-04-19,Completed,2025-04-27,8,69.8,90.6,1,4.3,1.4
3288,60468,10,2025-04-09,In Progress,,,88.8,,2,3.2,2.4
3289,60468,8,2025-10-18,Completed,2025-11-03,16,75.1,97.7,1,4.1,4.8
3290,60469,1,2025-04-12,In Progress,,,73.9,,2,2.7,2.3
3291,60469,2,2025-03-26,In Progress,,,52.8,,2,2.7,3.1
3292,60469,3,2025-05-11,Completed,2025-05-23,12,78.9,82.2,2,3.6,3.9
3293,60469,4,2025-05-22,Completed,2025-05-25,3,68.6,95.9,1,4.6,1.0
3294,60469,5,2025-05-15,Completed,2025-05-21,6,52.6,78.4,2,5.0,1.7
3295,60469,9,2025-03-19,Completed,2025-03-21,2,58.3,72.5,1,4.0,3.6
3296,60469,10,2025-08-28,Completed,2025-09-18,21,52.8,71.1,2,4.7,6.8
3297,60469,7,2025-03-26,Completed,2025-04-05,10,58.7,73.3,2,4.6,3.1
3298,60470,1,2025-07-27,Completed,2025-08-02,6,57.2,68.2,2,3.0,5.9
3299,60470,2,2025-02-11,Completed,2025-02-17,6,52.4,65.3,1,3.5,6.9
3300,60470,3,2025-03-29,In Progress,,,57.6,,2,2.7,1.3
3301,60470,4,2025-04-04,Completed,2025-04-06,2,63.4,83.8,1,4.9,1.3
3302,60470,5,2025-10-13,Completed,2025-10-17,4,63.0,84.8,1,5.0,1.6
3303,60470,10,2025-09-27,Dropped,,,56.7,,2,3.3,1.5
3304,60470,9,2025-01-07,Completed,2025-01-16,9,49.5,57.7,1,3.4,2.8
3305,60471,1,2025-03-11,Completed,2025-03-28,17,59.0,63.4,3,3.6,6.0
3306,60471,2,2025-02-24,Completed,2025-03-13,17,58.6,72.7,2,3.3,5.5
3307,60471,3,2025-10-31,Completed,2025-11-12,12,74.1,83.7,2,3.2,5.1
3308,60471,4,2025-09-28,Completed,2025-10-02,4,57.0,80.8,2,4.4,1.1
3309,60471,5,2025-01-11,Completed,2025-01-13,2,63.8,77.1,2,4.7,1.9
3310,60471,6,2025-10-08,Completed,2025-10-13,5,57.3,62.2,1,3.7,3.8
3311,60471,7,2025-02-13,Completed,2025-02-21,8,49.9,67.8,2,4.6,2.4
3312,60472,1,2025-09-22,In Progress,,,30.7,,3,2.4,1.8
3313,60472,2,2025-06-02,Not Started,,,61.5,,0,,0.0
3314,60472,3,2025-05-26,In Progress,,,44.5,,3,3.0,2.4
3315,60472,4,2025-10-15,Completed,2025-10-17,2,37.3,47.9,1,4.6,1.2
3316,60472,5,2025-07-26,Completed,2025-07-29,3,20.0,34.5,1,4.9,1.7
3317,60472,7,2025-10-24,Completed,2025-11-09,16,30.3,40.4,2,4.2,2.9
3318,60472,10,2025-04-25,Completed,2025-06-03,39,44.0,49.1,2,4.1,6.7
3319,60473,1,2025-05-27,Not Started,,,49.7,,0,,0.0
3320,60473,2,2025-05-03,Completed,2025-06-02,30,62.8,65.0,1,3.4,6.1
3321,60473,3,2025-02-11,Completed,2025-02-22,11,58.6,70.6,2,2.9,5.2
3322,60473,4,2025-05-18,Completed,2025-05-21,3,56.7,71.6,1,3.9,0.9
3323,60473,5,2025-04-19,Completed,2025-04-22,3,55.8,70.5,1,4.8,1.4
3324,60473,7,2025-05-10,Completed,2025-05-17,7,49.1,63.7,2,3.9,2.3
3325,60474,1,2025-04-10,Completed,2025-04-28,18,40.6,46.3,2,3.8,5.5
3326,60474,2,2025-05-07,Completed,2025-06-04,28,52.5,50.5,1,3.1,7.0
3327,60474,3,2025-09-23,Not Started,,,41.5,,0,,0.0
3328,60474,4,2025-05-23,Completed,2025-05-24,1,62.5,81.1,1,4.1,1.1
3329,60474,5,2025-07-03,Completed,2025-07-08,5,61.8,82.8,2,4.6,1.9
3330,60474,8,2025-05-13,Dropped,,,68.8,,2,2.6,0.9
3331,60475,1,2025-04-12,Completed,2025-05-02,20,61.6,70.9,3,3.4,5.4
3332,60475,2,2025-01-13,Completed,2025-02-04,22,53.3,60.9,2,2.9,6.3
3333,60475,3,2025-06-27,Completed,2025-07-04,7,63.8,71.7,1,3.3,4.1
3334,60475,4,2025-11-16,Completed,2025-11-18,2,42.2,55.1,2,5.0,1.0
3335,60475,5,2025-09-21,Completed,2025-09-27,6,46.0,64.8,2,4.5,1.7
3336,60475,8,2025-04-30,Completed,2025-05-08,8,55.4,67.6,1,4.4,4.5
3337,60475,10,2025-02-06,Completed,2025-02-25,19,59.2,85.5,3,4.0,6.7
3338,60476,1,2025-10-10,Completed,2025-10-25,15,47.3,45.7,1,3.0,5.6
3339,60476,2,2025-02-28,Completed,2025-03-20,20,45.4,50.8,2,3.0,6.4
3340,60476,3,2025-11-09,Completed,2025-11-26,17,58.0,66.0,3,2.8,4.9
3341,60476,4,2025-01-14,Completed,2025-01-18,4,63.7,83.0,1,4.2,0.9
3342,60476,5,2025-11-04,Completed,2025-11-06,2,39.8,53.2,2,3.7,1.6
3343,60476,9,2025-02-26,Completed,2025-03-08,10,47.7,59.3,1,3.9,2.9
3344,60476,6,2025-09-30,Completed,2025-10-07,7,37.6,48.0,2,3.9,3.9
3345,60477,1,2025-06-12,In Progress,,,42.2,,2,2.6,3.8
3346,60477,2,2025-01-13,Not Started,,,55.7,,0,,0.0
3347,60477,3,2025-11-17,Completed,2025-12-03,16,57.8,66.8,2,3.4,5.1
3348,60477,4,2025-03-03,Completed,2025-03-04,1,50.9,64.7,1,4.6,1.2
3349,60477,5,2025-08-17,Completed,2025-08-22,5,53.2,75.9,1,4.0,1.8
3350,60477,6,2025-11-10,Completed,2025-11-16,6,39.0,50.2,1,3.9,3.6
3351,60478,1,2025-01-30,Dropped,,,73.9,,3,2.0,0.4
3352,60478,2,2025-07-08,In Progress,,,54.6,,1,3.0,3.5
3353,60478,3,2025-11-13,Dropped,,,58.8,,2,1.8,1.3
3354,60478,4,2025-06-21,Completed,2025-06-23,2,57.3,83.4,1,4.3,1.3
3355,60478,5,2025-06-09,Completed,2025-06-12,3,81.0,94.0,1,4.4,1.8
3356,60478,9,2025-08-15,Completed,2025-08-24,9,64.7,75.8,1,4.0,3.5
3357,60478,6,2025-09-08,Completed,2025-09-15,7,46.7,62.0,2,4.2,2.8
3358,60479,1,2025-03-13,Completed,2025-04-09,27,53.0,64.0,2,3.0,6.6
3359,60479,2,2025-10-20,Completed,2025-11-11,22,50.4,58.1,1,3.4,6.8
3360,60479,3,2025-08-03,Completed,2025-08-19,16,54.0,64.6,2,3.4,5.6
3361,60479,4,2025-01-16,Completed,2025-01-18,2,63.1,80.2,3,4.2,1.0
3362,60479,5,2025-05-21,Not Started,,,65.9,,0,,0.0
3363,60479,6,2025-07-13,Completed,2025-07-22,9,49.1,74.9,1,3.8,3.4
3364,60479,9,2025-06-22,Completed,2025-07-02,10,53.1,63.1,1,4.1,3.7
3365,60479,10,2025-06-26,Completed,2025-07-04,8,70.0,89.9,2,4.0,6.1
3366,60480,1,2025-08-10,In Progress,,,88.1,,2,2.2,1.7
3367,60480,2,2025-03-01,Completed,2025-03-24,23,70.7,79.4,3,3.3,6.8
3368,60480,3,2025-05-16,Not Started,,,62.2,,0,,0.0
3369,60480,4,2025-09-10,Completed,2025-09-13,3,42.9,63.9,1,4.2,1.0
3370,60480,5,2025-08-29,Completed,2025-09-04,6,68.4,94.1,1,4.4,1.8
3371,60480,10,2025-05-18,Completed,2025-06-01,14,54.9,70.8,2,4.1,7.3
3372,60480,8,2025-11-12,Completed,2025-11-23,11,57.4,79.7,1,4.2,4.5
3373,60480,9,2025-08-17,Completed,2025-08-24,7,59.5,69.5,1,3.8,3.1
3374,60481,1,2025-10-27,Completed,2025-11-19,23,35.7,33.7,2,3.3,6.4
3375,60481,2,2025-02-06,In Progress,,,65.7,,2,2.8,3.7
3376,60481,3,2025-08-03,Completed,2025-08-24,21,41.8,37.2,1,2.7,5.3
3377,60481,4,2025-08-23,Completed,2025-08-28,5,47.1,58.6,2,5.0,0.9
3378,60481,5,2025-08-19,Completed,2025-08-20,1,50.9,69.5,3,4.4,1.5
3379,60481,10,2025-06-07,Not Started,,,74.7,,0,,0.0
3380,60482,1,2025-08-02,Completed,2025-08-28,26,61.7,74.9,2,4.0,7.4
3381,60482,2,2025-10-25,Completed,2025-11-11,17,65.7,73.5,2,3.0,5.7
3382,60482,3,2025-11-19,Completed,2025-12-07,18,70.6,81.0,1,2.9,5.4
3383,60482,4,2025-07-02,Completed,2025-07-06,4,67.7,83.4,1,4.5,1.1
3384,60482,5,2025-03-02,Completed,2025-03-06,4,56.1,81.9,1,4.5,1.3
3385,60482,8,2025-11-08,Completed,2025-11-18,10,68.5,85.5,2,4.0,4.5
3386,60483,1,2025-10-28,Not Started,,,49.8,,0,,0.0
3387,60483,2,2025-11-18,Completed,2025-12-08,20,47.1,43.3,2,3.4,5.7
3388,60483,3,2025-07-10,Completed,2025-07-19,9,42.3,44.0,3,3.3,4.8
3389,60483,4,2025-04-30,Completed,2025-05-03,3,75.9,91.2,2,4.0,1.3
3390,60483,5,2025-03-03,Completed,2025-03-08,5,36.2,44.9,1,4.4,1.4
3391,60483,6,2025-10-06,Completed,2025-10-14,8,59.9,67.1,1,4.4,3.5
3392,60483,8,2025-04-25,Completed,2025-05-09,14,33.7,39.4,2,4.4,4.3
3393,60484,1,2025-05-10,Completed,2025-06-02,23,54.3,53.6,2,2.6,7.7
3394,60484,2,2025-10-07,Completed,2025-10-21,14,53.6,53.9,1,3.1,5.0
3395,60484,3,2025-09-04,Completed,2025-09-11,7,42.2,50.2,1,3.4,4.4
3396,60484,4,2025-08-21,Completed,2025-08-23,2,54.6,71.0,3,3.9,0.9
3397,60484,5,2025-02-01,Completed,2025-02-05,4,41.8,52.3,1,5.0,1.8
3398,60484,6,2025-07-21,Completed,2025-07-29,8,58.5,65.8,3,3.9,3.0
3399,60484,10,2025-07-04,Completed,2025-07-27,23,51.9,65.3,1,4.7,6.6
3400,60485,1,2025-11-19,Completed,2025-12-09,20,79.0,86.6,2,3.2,6.4
3401,60485,2,2025-04-08,Not Started,,,75.3,,0,,0.0
3402,60485,3,2025-01-18,Dropped,,,65.4,,2,2.1,1.4
3403,60485,4,2025-06-08,Completed,2025-06-12,4,57.7,76.5,1,3.6,1.2
3404,60485,5,2025-04-27,Completed,2025-05-04,7,71.6,89.5,2,4.6,1.4
3405,60485,6,2025-01-31,Completed,2025-02-04,4,78.8,95.6,1,3.8,3.9
3406,60485,7,2025-06-17,Completed,2025-06-30,13,63.2,83.7,1,4.0,3.0
3407,60486,1,2025-06-27,Not Started,,,65.9,,0,,0.0
3408,60486,2,2025-01-13,In Progress,,,66.5,,1,2.5,2.7
3409,60486,3,2025-10-08,Completed,2025-10-22,14,63.3,74.2,1,2.9,4.3
3410,60486,4,2025-11-11,Completed,2025-11-14,3,71.9,80.0,1,4.2,1.1
3411,60486,5,2025-09-07,Completed,2025-09-13,6,74.2,92.1,1,4.3,1.3
3412,60486,8,2025-08-23,Completed,2025-09-02,10,54.5,64.2,2,3.5,5.1
3413,60487,1,2025-04-28,In Progress,,,64.8,,1,2.4,2.0
3414,60487,2,2025-02-21,Completed,2025-03-15,22,61.9,63.4,3,3.6,5.4
3415,60487,3,2025-10-24,Completed,2025-11-02,9,69.0,77.0,1,2.9,5.0
3416,60487,4,2025-09-14,Completed,2025-09-18,4,70.4,90.0,2,4.2,1.0
3417,60487,5,2025-08-02,Completed,2025-08-04,2,61.8,79.4,1,4.3,1.3
3418,60487,7,2025-01-22,Completed,2025-01-30,8,79.6,100.0,1,4.3,3.2
3419,60487,6,2025-07-31,Completed,2025-08-13,13,64.7,88.3,1,4.2,3.4
3420,60488,1,2025-11-05,Dropped,,,64.1,,2,2.1,1.2
3421,60488,2,2025-08-06,Completed,2025-08-28,22,65.3,74.5,2,2.9,4.7
3422,60488,3,2025-03-09,Completed,2025-03-19,10,58.4,64.5,1,2.9,5.8
3423,60488,4,2025-05-14,Completed,2025-05-16,2,64.3,89.6,1,4.6,1.2
3424,60488,5,2025-10-15,Completed,2025-10-19,4,60.5,79.1,1,4.8,1.5
3425,60488,6,2025-01-22,Completed,2025-02-04,13,47.9,59.0,1,4.2,2.9
3426,60488,7,2025-11-08,Completed,2025-11-19,11,59.6,73.9,1,4.3,2.9
3427,60489,1,2025-01-27,Dropped,,,45.0,,4,1.6,1.6
3428,60489,2,2025-09-27,In Progress,,,62.5,,2,3.3,1.9
3429,60489,3,2025-01-17,Completed,2025-02-03,17,53.4,50.2,1,3.1,4.3
3430,60489,4,2025-02-03,Completed,2025-02-08,5,67.3,80.3,1,5.0,1.1
3431,60489,5,2025-07-26,Completed,2025-07-30,4,53.9,80.6,1,4.7,1.7
3432,60489,7,2025-06-19,Completed,2025-07-02,13,42.9,65.0,2,4.4,2.7
3433,60490,1,2025-04-17,Completed,2025-05-11,24,52.0,58.9,4,4.1,7.8
3434,60490,2,2025-06-25,Dropped,,,77.0,,1,1.9,1.6
3435,60490,3,2025-10-21,In Progress,,,49.3,,2,3.1,2.4
3436,60490,4,2025-03-19,Completed,2025-03-21,2,49.8,65.6,1,4.4,1.0
3437,60490,5,2025-03-02,Completed,2025-03-07,5,58.0,71.1,2,5.0,1.7
3438,60490,10,2025-10-05,Completed,2025-10-24,19,65.7,77.0,2,3.8,7.7
3439,60491,1,2025-07-07,In Progress,,,57.1,,2,2.9,2.5
3440,60491,2,2025-06-25,In Progress,,,60.4,,1,2.5,1.4
3441,60491,3,2025-10-28,Completed,2025-11-13,16,61.1,60.6,1,3.2,4.1
3442,60491,4,2025-05-23,Completed,2025-05-26,3,61.9,88.7,1,4.5,0.9
3443,60491,5,2025-11-03,Completed,2025-11-10,7,51.3,68.3,1,4.7,1.9
3444,60491,9,2025-10-26,Completed,2025-11-01,6,63.6,86.6,2,3.9,3.7
3445,60491,7,2025-10-27,Completed,2025-11-05,9,90.7,100.0,1,3.4,2.9
3446,60491,10,2025-09-27,Completed,2025-10-15,18,67.0,78.6,1,4.5,6.0
3447,60492,1,2025-10-19,Completed,2025-11-14,26,60.1,67.3,3,3.4,7.4
3448,60492,2,2025-07-09,In Progress,,,57.6,,1,3.4,2.8
3449,60492,3,2025-09-10,Completed,2025-09-21,11,48.8,51.0,1,3.8,4.5
3450,60492,4,2025-10-10,Completed,2025-10-13,3,60.1,76.8,2,4.4,1.2
3451,60492,5,2025-09-14,Completed,2025-09-20,6,41.2,64.6,1,4.3,1.7
3452,60492,7,2025-05-07,Completed,2025-05-16,9,58.5,79.8,1,4.3,2.6
3453,60493,1,2025-04-21,Completed,2025-05-09,18,62.6,73.8,1,3.0,7.4
3454,60493,2,2025-04-27,Completed,2025-05-10,13,72.9,81.0,2,3.1,5.0
3455,60493,3,2025-05-28,Completed,2025-06-14,17,57.6,66.1,1,3.1,4.2
3456,60493,4,2025-04-11,Completed,2025-04-15,4,71.1,89.0,1,3.8,1.1
3457,60493,5,2025-04-29,Completed,2025-05-06,7,55.3,78.5,3,4.6,1.9
3458,60493,6,2025-11-14,Completed,2025-11-20,6,48.7,72.2,1,4.1,3.5
3459,60493,9,2025-02-12,Completed,2025-02-22,10,55.8,69.6,1,3.8,2.9
3460,60494,1,2025-11-19,Dropped,,,66.4,,1,1.4,1.8
3461,60494,2,2025-07-24,Completed,2025-08-13,20,58.5,67.5,3,4.0,6.8
3462,60494,3,2025-09-08,Completed,2025-09-19,11,59.5,67.2,2,2.8,4.5
3463,60494,4,2025-11-05,Completed,2025-11-06,1,67.1,81.7,1,5.0,1.2
3464,60494,5,2025-10-18,Completed,2025-10-20,2,70.3,83.2,1,4.9,1.9
3465,60494,10,2025-09-05,Completed,2025-09-22,17,68.5,80.4,2,4.4,6.6
3466,60495,1,2025-08-09,Completed,2025-08-17,8,82.8,92.8,2,3.5,6.5
3467,60495,2,2025-07-10,Completed,2025-07-22,12,79.1,88.3,2,3.4,6.2
3468,60495,3,2025-01-31,Not Started,,,53.0,,0,,0.0
3469,60495,4,2025-08-31,Completed,2025-09-03,3,65.5,82.0,3,5.0,1.3
3470,60495,5,2025-11-15,Completed,2025-11-19,4,71.1,91.0,2,4.7,1.9
3471,60495,6,2025-07-07,Completed,2025-07-23,16,70.3,94.5,1,2.9,2.7
3472,60495,9,2025-10-25,Completed,2025-11-04,10,79.6,99.9,1,3.5,3.7
3473,60496,1,2025-02-03,Dropped,,,73.6,,1,1.6,0.3
3474,60496,2,2025-05-07,Completed,2025-05-26,19,78.5,97.6,1,4.0,7.1
3475,60496,3,2025-04-14,In Progress,,,71.4,,1,3.1,2.1
3476,60496,4,2025-04-08,Completed,2025-04-11,3,75.8,100.0,2,4.7,1.3
3477,60496,5,2025-06-04,Completed,2025-06-10,6,58.5,73.1,1,4.3,1.9
3478,60496,10,2025-01-19,Completed,2025-02-05,17,95.0,100.0,1,4.5,6.9
3479,60496,8,2025-04-25,Completed,2025-05-12,17,84.3,100.0,2,4.4,4.3
3480,60497,1,2025-09-17,Not Started,,,39.7,,0,,0.0
3481,60497,2,2025-05-09,Dropped,,,51.2,,2,1.8,0.5
3482,60497,3,2025-03-25,Dropped,,,54.2,,2,1.6,0.7
3483,60497,4,2025-03-27,Completed,2025-03-29,2,40.1,53.7,2,4.5,0.9
3484,60497,5,2025-09-11,Completed,2025-09-15,4,48.3,54.4,1,4.7,1.5
3485,60497,8,2025-01-10,Completed,2025-01-24,14,53.9,64.0,2,4.0,4.9
3486,60497,9,2025-10-02,Completed,2025-10-08,6,38.2,48.4,2,3.6,3.1
3487,60498,1,2025-06-30,Not Started,,,68.9,,0,,0.0
3488,60498,2,2025-08-06,Completed,2025-08-21,15,66.5,72.9,2,2.6,5.8
3489,60498,3,2025-09-17,Completed,2025-10-02,15,56.3,54.1,3,3.6,5.8
3490,60498,4,2025-04-22,Completed,2025-04-27,5,56.0,81.5,2,3.9,1.1
3491,60498,5,2025-09-09,Completed,2025-09-14,5,78.9,100.0,1,4.8,1.4
3492,60498,6,2025-01-25,Completed,2025-01-29,4,73.2,91.4,2,4.2,3.5
3493,60499,1,2025-09-14,Completed,2025-10-07,23,62.2,61.9,1,2.7,6.4
3494,60499,2,2025-01-12,Completed,2025-01-26,14,48.1,56.5,1,3.9,4.8
3495,60499,3,2025-10-30,Completed,2025-11-23,24,48.7,52.5,2,3.1,4.4
3496,60499,4,2025-06-25,Completed,2025-06-28,3,50.4,68.3,1,4.2,1.0
3497,60499,5,2025-01-12,Completed,2025-01-18,6,42.6,57.5,1,5.0,1.4
3498,60499,10,2025-02-22,Completed,2025-03-19,25,46.6,70.0,2,3.5,5.5
3499,60500,1,2025-04-24,Not Started,,,52.1,,0,,0.0
3500,60500,2,2025-06-15,Completed,2025-06-30,15,45.1,45.2,2,4.0,5.2
3501,60500,3,2025-09-15,In Progress,,,63.3,,1,3.1,2.1
3502,60500,4,2025-04-29,Not Started,,,55.8,,0,,0.0
3503,60500,5,2025-04-16,Completed,2025-04-17,1,50.7,63.0,2,5.0,1.6
3504,60500,9,2025-02-13,Completed,2025-02-26,13,57.9,76.6,2,4.3,2.7
3505,60500,8,2025-10-16,Completed,2025-11-02,17,49.8,61.0,1,3.9,3.8
3506,60501,1,2025-09-03,In Progress,,,60.5,,4,2.9,2.4
3507,60501,2,2025-06-22,Completed,2025-07-09,17,52.5,52.7,2,3.1,5.6
3508,60501,3,2025-05-23,Completed,2025-06-03,11,55.6,65.3,3,2.6,5.1
3509,60501,4,2025-02-12,Completed,2025-02-16,4,44.6,58.2,1,4.3,0.9
3510,60501,5,2025-05-16,Completed,2025-05-20,4,52.9,74.4,2,4.6,1.8
3511,60501,10,2025-11-03,Completed,2025-12-06,33,46.0,60.0,2,3.9,6.8
3512,60501,8,2025-03-06,Completed,2025-03-16,10,49.5,65.4,2,4.2,4.7
3513,60501,6,2025-01-12,Completed,2025-01-25,13,61.9,73.7,2,4.7,3.5
3514,60502,1,2025-11-13,Completed,2025-12-03,20,73.4,81.2,2,3.1,7.5
3515,60502,2,2025-11-04,Completed,2025-11-17,13,64.1,73.3,3,3.3,4.7
3516,60502,3,2025-05-24,Not Started,,,57.0,,0,,0.0
3517,60502,4,2025-05-22,Completed,2025-05-23,1,41.4,60.2,2,4.4,1.0
3518,60502,5,2025-08-27,Completed,2025-09-02,6,57.2,76.8,2,3.8,1.7
3519,60502,8,2025-06-01,Completed,2025-06-08,7,55.6,70.2,1,4.1,3.6
3520,60502,7,2025-06-09,Completed,2025-06-16,7,49.8,62.7,2,4.1,2.8
3521,60503,1,2025-03-24,Not Started,,,52.9,,0,,0.0
3522,60503,2,2025-02-07,Completed,2025-02-14,7,44.7,47.7,2,3.3,4.7
3523,60503,3,2025-06-06,Completed,2025-06-14,8,50.4,48.2,2,2.9,4.7
3524,60503,4,2025-06-19,Completed,2025-06-21,2,34.3,51.2,2,4.8,1.0
3525,60503,5,2025-01-24,Completed,2025-01-28,4,44.5,63.5,2,4.7,1.4
3526,60503,7,2025-10-27,Completed,2025-10-30,3,36.6,49.5,1,4.5,2.7
3527,60503,8,2025-07-23,Completed,2025-07-30,7,58.7,73.5,1,3.7,4.9
3528,60504,1,2025-10-26,Completed,2025-11-21,26,63.0,59.8,1,3.4,6.4
3529,60504,2,2025-11-19,Not Started,,,69.2,,0,,0.0
3530,60504,3,2025-10-20,Completed,2025-11-01,12,69.6,81.1,1,3.0,5.5
3531,60504,4,2025-03-07,Completed,2025-03-09,2,57.2,92.9,1,4.5,1.1
3532,60504,5,2025-01-22,Completed,2025-01-29,7,65.2,87.6,1,5.0,1.9
3533,60504,8,2025-10-26,Completed,2025-11-11,16,73.3,91.2,1,3.6,5.0
3534,60504,10,2025-08-23,Completed,2025-09-04,12,69.9,87.9,2,4.3,6.4
3535,60505,1,2025-08-19,Not Started,,,44.9,,0,,0.0
3536,60505,2,2025-08-18,Dropped,,,49.1,,3,1.5,1.4
3537,60505,3,2025-09-04,Completed,2025-09-15,11,37.5,39.9,3,3.7,4.4
3538,60505,4,2025-01-08,Completed,2025-01-10,2,53.1,64.7,2,5.0,1.2
3539,60505,5,2025-01-13,Completed,2025-01-18,5,57.2,70.6,1,4.8,1.5
3540,60505,8,2025-03-26,Not Started,,,48.5,,0,,0.0
3541,60505,10,2025-01-26,Completed,2025-02-15,20,44.2,63.8,2,4.2,7.8
3542,60505,9,2025-08-20,Completed,2025-09-04,15,44.6,52.1,2,4.1,3.2
3543,60506,1,2025-02-08,Not Started,,,81.0,,0,,0.0
3544,60506,2,2025-06-21,Completed,2025-07-06,15,82.7,97.6,1,2.8,6.6
3545,60506,3,2025-08-11,Completed,2025-09-06,26,75.3,82.9,1,3.0,5.3
3546,60506,4,2025-02-21,Completed,2025-02-23,2,62.8,80.8,1,4.7,1.0
3547,60506,5,2025-04-30,Completed,2025-05-04,4,59.4,83.7,1,4.8,1.6
3548,60506,8,2025-04-27,Dropped,,,75.4,,2,1.9,0.8
3549,60506,7,2025-09-21,Completed,2025-09-29,8,61.2,85.3,1,4.1,2.5
3550,60506,10,2025-07-19,Dropped,,,74.5,,1,2.8,1.5
3551,60507,1,2025-06-04,Completed,2025-06-12,8,56.7,59.0,2,3.4,6.4
3552,60507,2,2025-10-25,Not Started,,,59.2,,0,,0.0
3553,60507,3,2025-08-23,Dropped,,,62.2,,2,1.3,1.4
3554,60507,4,2025-04-13,Completed,2025-04-15,2,37.8,55.8,1,4.5,1.3
3555,60507,5,2025-05-25,Completed,2025-05-29,4,80.2,94.6,2,4.8,1.8
3556,60507,9,2025-01-07,Completed,2025-01-16,9,70.9,80.0,1,3.9,3.5
3557,60508,1,2025-08-30,Not Started,,,77.0,,0,,0.0
3558,60508,2,2025-10-29,In Progress,,,61.9,,1,3.0,3.4
3559,60508,3,2025-01-26,In Progress,,,66.0,,2,2.3,2.9
3560,60508,4,2025-06-06,Completed,2025-06-09,3,42.9,60.0,1,4.1,0.9
3561,60508,5,2025-01-23,Completed,2025-01-25,2,65.0,85.9,1,4.4,1.9
3562,60508,6,2025-03-06,Completed,2025-03-13,7,72.5,92.0,1,3.8,3.3
3563,60508,8,2025-06-10,Completed,2025-06-18,8,53.4,72.8,2,3.6,4.3
3564,60509,1,2025-10-20,Completed,2025-11-07,18,43.1,38.2,2,3.5,7.3
3565,60509,2,2025-02-10,Completed,2025-03-02,20,47.7,44.9,1,3.1,6.0
3566,60509,3,2025-08-18,Completed,2025-09-10,23,48.2,54.8,1,2.4,5.1
3567,60509,4,2025-07-23,Completed,2025-07-25,2,34.8,51.6,1,4.8,0.9
3568,60509,5,2025-11-04,Completed,2025-11-10,6,40.8,60.5,2,5.0,1.6
3569,60509,7,2025-06-05,Completed,2025-06-14,9,59.3,72.5,3,4.3,2.7
3570,60510,1,2025-10-02,Completed,2025-10-21,19,57.9,52.1,2,2.0,7.6
3571,60510,2,2025-10-28,Completed,2025-11-16,19,57.8,63.6,2,3.4,5.0
3572,60510,3,2025-10-01,In Progress,,,46.6,,2,2.6,1.4
3573,60510,4,2025-05-11,Completed,2025-05-14,3,66.1,85.8,2,4.5,1.1
3574,60510,5,2025-02-22,Completed,2025-02-27,5,51.4,58.8,1,4.3,1.5
3575,60510,7,2025-06-17,Completed,2025-06-26,9,49.0,60.7,1,4.4,2.6
3576,60511,1,2025-08-08,Dropped,,,52.0,,2,1.0,1.1
3577,60511,2,2025-11-18,Completed,2025-12-07,19,46.8,52.2,2,3.2,5.4
3578,60511,3,2025-05-10,Completed,2025-05-27,17,61.6,64.2,1,3.8,4.0
3579,60511,4,2025-03-27,Completed,2025-03-30,3,70.3,89.0,1,4.4,1.3
3580,60511,5,2025-10-28,Completed,2025-11-01,4,80.5,99.9,1,4.1,1.9
3581,60511,6,2025-09-21,Completed,2025-10-01,10,54.1,62.1,1,4.6,3.9
3582,60511,10,2025-03-04,Not Started,,,39.9,,0,,0.0
3583,60512,1,2025-10-28,Completed,2025-11-16,19,56.4,61.2,3,3.0,6.1
3584,60512,2,2025-09-22,Completed,2025-10-05,13,53.5,62.3,2,4.1,5.2
3585,60512,3,2025-09-21,In Progress,,,46.0,,1,2.5,2.2
3586,60512,4,2025-02-11,Completed,2025-02-14,3,60.9,63.5,1,4.8,0.9
3587,60512,5,2025-06-05,Completed,2025-06-10,5,63.9,79.5,1,4.7,1.6
3588,60512,9,2025-06-10,In Progress,,,64.2,,1,3.4,1.3
3589,60512,8,2025-01-26,Dropped,,,60.9,,1,2.4,1.5
3590,60513,1,2025-07-11,In Progress,,,58.0,,2,2.3,2.3
3591,60513,2,2025-07-14,Dropped,,,60.0,,3,2.1,0.5
3592,60513,3,2025-04-04,Completed,2025-04-18,14,73.9,73.7,2,3.2,5.5
3593,60513,4,2025-10-15,Completed,2025-10-19,4,54.7,77.0,1,4.4,0.9
3594,60513,5,2025-03-06,Completed,2025-03-07,1,54.8,69.1,1,5.0,1.6
3595,60513,7,2025-03-18,Completed,2025-03-25,7,64.3,83.6,2,3.8,2.9
3596,60513,10,2025-01-30,In Progress,,,42.1,,3,3.4,3.2
3597,60514,1,2025-09-19,Completed,2025-10-07,18,33.7,29.3,2,3.1,7.3
3598,60514,2,2025-11-05,Completed,2025-11-15,10,37.6,33.3,1,3.5,4.9
3599,60514,3,2025-01-11,In Progress,,,26.0,,3,2.0,2.4
3600,60514,4,2025-09-09,Completed,2025-09-14,5,30.2,43.7,2,4.8,1.3
3601,60514,5,2025-05-31,Completed,2025-06-02,2,47.2,60.4,3,4.4,1.7
3602,60514,6,2025-09-15,Not Started,,,34.0,,0,,0.0
3603,60515,1,2025-05-31,Dropped,,,70.8,,2,1.4,1.3
3604,60515,2,2025-02-09,Completed,2025-02-28,19,47.6,63.1,1,2.7,5.0
3605,60515,3,2025-09-18,Completed,2025-10-02,14,65.8,84.3,1,3.5,5.8
3606,60515,4,2025-06-07,Completed,2025-06-10,3,45.9,64.5,1,4.5,1.2
3607,60515,5,2025-04-05,Completed,2025-04-06,1,59.7,73.8,2,4.0,1.6
3608,60515,8,2025-01-11,In Progress,,,44.7,,3,3.6,2.7
3609,60515,9,2025-10-19,Completed,2025-10-31,12,44.7,56.0,2,3.7,3.6
3610,60516,1,2025-08-20,Not Started,,,65.2,,0,,0.0
3611,60516,2,2025-04-17,Not Started,,,72.0,,0,,0.0
3612,60516,3,2025-11-13,Completed,2025-11-22,9,62.4,68.6,2,3.0,5.3
3613,60516,4,2025-02-17,Completed,2025-02-19,2,77.7,100.0,1,4.5,1.1
3614,60516,5,2025-04-19,Completed,2025-04-21,2,44.0,69.5,1,5.0,1.5
3615,60516,8,2025-06-08,Completed,2025-06-15,7,40.4,62.9,1,3.9,3.9
3616,60516,6,2025-08-02,Completed,2025-08-12,10,62.6,85.9,2,4.2,3.2
3617,60517,1,2025-04-10,Not Started,,,74.5,,0,,0.0
3618,60517,2,2025-09-13,Completed,2025-10-05,22,72.7,80.3,3,3.3,5.9
3619,60517,3,2025-07-02,Completed,2025-07-14,12,72.3,79.5,3,3.2,4.0
3620,60517,4,2025-04-07,Completed,2025-04-09,2,56.9,78.0,1,3.9,1.2
3621,60517,5,2025-04-22,Completed,2025-04-23,1,60.5,76.5,2,4.9,1.6
3622,60517,9,2025-08-21,Completed,2025-09-01,11,58.8,71.8,1,3.3,2.6
3623,60517,7,2025-11-19,Completed,2025-11-29,10,62.0,85.9,1,4.4,2.2
3624,60517,6,2025-06-29,Completed,2025-07-08,9,51.8,66.4,2,4.3,3.4
3625,60518,1,2025-04-25,Completed,2025-05-15,20,67.7,75.6,1,3.5,5.8
3626,60518,2,2025-11-14,In Progress,,,71.0,,1,3.2,3.7
3627,60518,3,2025-06-10,In Progress,,,84.4,,1,3.0,2.1
3628,60518,4,2025-07-05,In Progress,,,63.1,,1,4.6,0.4
3629,60518,5,2025-01-26,Completed,2025-01-30,4,77.2,98.2,1,4.1,1.8
3630,60518,7,2025-01-29,Completed,2025-02-04,6,75.6,89.2,1,4.5,2.3
3631,60519,1,2025-03-19,Completed,2025-04-17,29,64.2,81.0,1,3.4,5.8
3632,60519,2,2025-09-03,In Progress,,,72.9,,1,2.7,2.4
3633,60519,3,2025-11-07,Dropped,,,83.8,,1,1.6,1.0
3634,60519,4,2025-05-01,Completed,2025-05-02,1,63.4,85.1,1,3.4,1.2
3635,60519,5,2025-04-03,Completed,2025-04-06,3,60.5,66.4,1,4.3,1.3
3636,60519,9,2025-05-13,Completed,2025-05-21,8,59.5,77.3,2,4.1,3.1
3637,60520,1,2025-04-22,Completed,2025-05-13,21,63.7,77.8,1,2.6,6.3
3638,60520,2,2025-08-19,Completed,2025-08-27,8,89.8,94.3,1,3.1,5.3
3639,60520,3,2025-06-21,Completed,2025-07-05,14,54.6,64.7,1,3.1,5.0
3640,60520,4,2025-07-06,Completed,2025-07-08,2,58.1,85.0,2,4.1,1.0
3641,60520,5,2025-09-05,Completed,2025-09-10,5,75.1,92.9,1,4.3,1.5
3642,60520,7,2025-03-04,Completed,2025-03-14,10,72.9,87.6,1,3.9,2.9
3643,60520,9,2025-03-09,Completed,2025-03-18,9,63.9,74.5,1,3.7,2.8
3644,60520,8,2025-03-11,Completed,2025-03-21,10,78.2,97.6,1,4.0,3.6
3645,60521,1,2025-11-05,Not Started,,,64.4,,0,,0.0
3646,60521,2,2025-09-09,Completed,2025-10-03,24,66.9,71.2,2,3.7,4.7
3647,60521,3,2025-03-02,Completed,2025-03-16,14,51.4,43.5,1,3.3,4.3
3648,60521,4,2025-10-06,Completed,2025-10-08,2,36.5,48.7,1,4.2,1.0
3649,60521,5,2025-08-25,Completed,2025-08-28,3,49.3,58.8,1,4.6,1.9
3650,60521,10,2025-04-21,Completed,2025-05-07,16,50.4,52.5,3,4.6,6.9
3651,60521,6,2025-04-02,Completed,2025-04-13,11,54.7,62.1,3,3.4,3.7
3652,60522,1,2025-07-08,Not Started,,,50.4,,0,,0.0
3653,60522,2,2025-04-02,Completed,2025-04-19,17,55.8,65.6,1,4.0,6.6
3654,60522,3,2025-09-19,Completed,2025-10-09,20,55.9,60.1,1,3.3,3.9
3655,60522,4,2025-09-19,Completed,2025-09-22,3,60.0,77.8,1,4.4,1.2
3656,60522,5,2025-08-09,Completed,2025-08-11,2,58.6,76.8,2,5.0,1.6
3657,60522,10,2025-05-28,Not Started,,,46.3,,0,,0.0
3658,60522,7,2025-10-20,Completed,2025-10-26,6,62.8,83.2,1,3.9,2.6
3659,60522,9,2025-03-04,Completed,2025-03-12,8,65.7,75.8,2,4.4,2.7
3660,60523,1,2025-04-04,In Progress,,,68.0,,1,2.6,3.5
3661,60523,2,2025-10-09,Completed,2025-10-21,12,55.9,65.5,2,3.2,6.1
3662,60523,3,2025-03-02,In Progress,,,43.8,,2,3.4,2.2
3663,60523,4,2025-05-27,Completed,2025-05-31,4,32.5,49.7,1,3.6,1.0
3664,60523,5,2025-06-04,Completed,2025-06-11,7,34.0,53.7,1,4.3,1.5
3665,60523,10,2025-10-08,Dropped,,,68.2,,1,2.9,0.6
3666,60524,1,2025-01-14,Completed,2025-02-10,27,47.3,57.9,3,4.0,5.2
3667,60524,2,2025-08-04,Dropped,,,62.5,,2,1.9,2.1
3668,60524,3,2025-06-20,Completed,2025-07-09,19,46.1,52.3,3,3.8,4.0
3669,60524,4,2025-08-25,Completed,2025-08-28,3,44.3,64.0,1,4.3,0.9
3670,60524,5,2025-09-18,Completed,2025-09-20,2,66.3,80.4,1,4.3,1.4
3671,60524,8,2025-10-16,Not Started,,,39.1,,0,,0.0
3672,60524,7,2025-11-08,Completed,2025-11-20,12,68.5,89.6,1,4.7,2.4
3673,60525,1,2025-06-25,In Progress,,,43.2,,2,2.2,3.2
3674,60525,2,2025-08-18,Completed,2025-09-17,30,49.2,48.6,2,3.2,5.8
3675,60525,3,2025-10-31,Completed,2025-11-16,16,56.7,65.0,1,3.5,4.0
3676,60525,4,2025-04-25,Completed,2025-04-28,3,38.0,40.4,3,5.0,0.9
3677,60525,5,2025-09-30,Completed,2025-10-05,5,58.8,78.2,2,5.0,1.6
3678,60525,9,2025-07-02,Completed,2025-07-09,7,27.3,30.7,2,3.9,3.4
3679,60525,10,2025-10-17,Completed,2025-11-02,16,48.7,48.3,4,4.8,5.9
3680,60526,1,2025-01-21,In Progress,,,59.8,,1,3.3,1.9
3681,60526,2,2025-01-31,Completed,2025-02-25,25,67.8,81.1,2,3.6,7.0
3682,60526,3,2025-05-28,Completed,2025-06-15,18,77.6,91.8,2,3.4,5.4
3683,60526,4,2025-01-09,Completed,2025-01-12,3,56.8,73.6,2,4.8,1.0
3684,60526,5,2025-01-13,Completed,2025-01-17,4,83.0,100.0,1,4.6,1.7
3685,60526,7,2025-11-12,Completed,2025-11-14,2,67.8,87.5,1,4.1,2.8
3686,60526,8,2025-06-05,Completed,2025-06-18,13,55.1,70.7,2,4.1,4.0
3687,60527,1,2025-01-09,Not Started,,,36.8,,0,,0.0
3688,60527,2,2025-02-01,Dropped,,,60.8,,2,1.5,2.2
3689,60527,3,2025-05-27,Completed,2025-06-03,7,38.2,40.0,2,2.4,5.7
3690,60527,4,2025-01-10,Completed,2025-01-12,2,46.0,58.5,2,4.7,1.0
3691,60527,5,2025-04-18,Completed,2025-04-24,6,58.4,92.6,1,5.0,1.8
3692,60527,7,2025-02-14,Completed,2025-02-20,6,51.2,57.1,1,4.7,2.5
3693,60528,1,2025-08-19,Not Started,,,44.5,,0,,0.0
3694,60528,2,2025-02-05,Completed,2025-02-20,15,21.4,25.1,2,3.3,5.2
3695,60528,3,2025-05-05,In Progress,,,37.5,,2,2.4,1.6
3696,60528,4,2025-05-21,Completed,2025-05-25,4,43.6,50.4,3,4.3,1.1
3697,60528,5,2025-11-14,Completed,2025-11-17,3,36.2,41.1,1,5.0,1.8
3698,60528,8,2025-09-13,Completed,2025-09-28,15,46.3,54.2,1,3.9,5.2
3699,60528,7,2025-02-01,Completed,2025-02-06,5,37.4,47.5,1,4.0,2.4
3700,60528,9,2025-07-02,Completed,2025-07-07,5,50.3,52.2,1,4.4,2.7
3701,60529,1,2025-06-03,Completed,2025-06-20,17,42.2,36.8,4,3.1,5.9
3702,60529,2,2025-06-07,Not Started,,,58.4,,0,,0.0
3703,60529,3,2025-05-12,Completed,2025-05-26,14,50.6,60.0,2,3.3,5.4
3704,60529,4,2025-02-16,Completed,2025-02-18,2,20.7,30.4,1,4.1,1.2
3705,60529,5,2025-07-07,Completed,2025-07-11,4,73.8,94.8,1,4.4,1.4
3706,60529,10,2025-06-21,Completed,2025-07-20,29,62.4,85.0,1,4.4,6.1
3707,60530,1,2025-04-21,Completed,2025-05-13,22,71.4,87.7,1,2.2,5.1
3708,60530,2,2025-06-13,Completed,2025-06-27,14,78.3,86.4,1,2.6,6.9
3709,60530,3,2025-10-20,Completed,2025-11-09,20,79.7,88.2,2,3.1,5.1
3710,60530,4,2025-09-10,Completed,2025-09-12,2,84.0,100.0,2,4.4,1.0
3711,60530,5,2025-07-26,Completed,2025-07-31,5,78.3,99.0,1,4.9,1.9
3712,60530,8,2025-05-23,Completed,2025-05-27,4,89.0,100.0,1,4.0,5.0
3713,60530,10,2025-04-13,Completed,2025-04-25,12,73.6,93.6,2,3.7,7.2
3714,60531,1,2025-04-04,Dropped,,,45.7,,1,2.0,1.1
3715,60531,2,2025-06-25,Completed,2025-07-16,21,64.0,74.1,3,3.4,5.1
3716,60531,3,2025-11-13,Completed,2025-12-01,18,41.3,56.2,1,3.0,4.1
3717,60531,4,2025-02-26,Completed,2025-03-02,4,55.3,74.0,1,4.9,1.1
3718,60531,5,2025-05-07,Completed,2025-05-08,1,59.3,76.4,2,4.1,1.4
3719,60531,8,2025-04-14,Completed,2025-04-21,7,70.0,85.8,1,5.0,4.2
3720,60531,9,2025-04-29,Completed,2025-05-08,9,70.9,77.7,1,3.4,2.9
3721,60532,1,2025-06-20,Dropped,,,65.6,,2,1.9,2.3
3722,60532,2,2025-01-15,Completed,2025-02-18,34,66.3,78.1,1,3.1,6.7
3723,60532,3,2025-01-17,Completed,2025-02-05,19,71.1,84.3,3,3.6,4.1
3724,60532,4,2025-11-17,Completed,2025-11-19,2,51.7,72.8,1,4.1,1.1
3725,60532,5,2025-02-10,Completed,2025-02-12,2,73.5,95.9,2,4.3,1.9
3726,60532,7,2025-02-12,Completed,2025-02-18,6,71.0,87.6,1,4.2,2.8
3727,60532,10,2025-01-25,Completed,2025-02-21,27,80.8,100.0,2,4.4,7.6
3728,60533,1,2025-08-11,Completed,2025-08-30,19,47.2,53.4,2,3.3,5.9
3729,60533,2,2025-06-07,Dropped,,,67.4,,1,1.0,1.1
3730,60533,3,2025-04-15,Completed,2025-04-26,11,54.6,72.2,2,3.3,5.2
3731,60533,4,2025-02-21,Completed,2025-02-23,2,77.1,93.4,1,4.8,1.0
3732,60533,5,2025-09-07,Completed,2025-09-09,2,59.3,73.0,2,4.9,1.8
3733,60533,6,2025-08-31,In Progress,,,67.0,,2,3.4,1.9
3734,60533,10,2025-05-31,Completed,2025-06-17,17,63.8,85.6,2,4.4,5.7
3735,60533,9,2025-03-04,Completed,2025-03-15,11,48.7,64.3,1,4.6,3.1
3736,60534,1,2025-08-15,Completed,2025-08-27,12,33.9,32.2,2,3.9,6.0
3737,60534,2,2025-09-04,In Progress,,,42.3,,2,2.1,2.3
3738,60534,3,2025-02-16,Completed,2025-02-26,10,42.3,45.0,2,3.7,4.1
3739,60534,4,2025-05-25,Completed,2025-05-28,3,57.8,76.9,1,5.0,0.9
3740,60534,5,2025-03-08,Completed,2025-03-14,6,30.7,42.7,3,4.7,1.5
3741,60534,9,2025-09-10,Completed,2025-09-17,7,65.9,82.2,2,4.2,3.2
3742,60535,1,2025-11-09,Completed,2025-12-08,29,72.6,74.6,2,3.2,7.6
3743,60535,2,2025-01-16,Completed,2025-01-24,8,53.2,58.8,2,3.2,7.0
3744,60535,3,2025-01-29,Not Started,,,23.6,,0,,0.0
3745,60535,4,2025-02-20,Completed,2025-02-22,2,42.5,51.3,3,4.4,1.1
3746,60535,5,2025-10-12,Completed,2025-10-16,4,38.1,51.7,3,4.6,1.6
3747,60535,9,2025-10-10,Dropped,,,50.2,,2,3.0,0.9
3748,60536,1,2025-01-22,Dropped,,,53.9,,3,1.7,1.8
3749,60536,2,2025-11-08,Not Started,,,42.8,,0,,0.0
3750,60536,3,2025-08-19,Not Started,,,38.9,,0,,0.0
3751,60536,4,2025-06-19,Not Started,,,47.2,,0,,0.0
3752,60536,5,2025-04-12,Completed,2025-04-14,2,54.1,73.7,2,4.8,1.6
3753,60536,8,2025-06-01,Completed,2025-06-16,15,57.3,79.4,1,4.2,4.1
3754,60536,10,2025-07-09,Completed,2025-07-30,21,57.3,69.1,2,5.0,6.1
3755,60537,1,2025-07-04,Completed,2025-07-28,24,47.0,52.0,2,3.3,7.2
3756,60537,2,2025-01-06,Completed,2025-01-25,19,71.2,85.0,3,2.6,6.0
3757,60537,3,2025-05-04,In Progress,,,62.6,,2,3.1,2.5
3758,60537,4,2025-07-19,Completed,2025-07-23,4,50.4,70.9,1,5.0,0.9
3759,60537,5,2025-09-10,Completed,2025-09-12,2,71.8,86.9,1,5.0,1.4
3760,60537,9,2025-03-27,Completed,2025-04-01,5,44.4,56.7,2,4.0,3.5
3761,60537,6,2025-05-11,Completed,2025-05-23,12,40.1,50.7,2,3.6,2.9
3762,60538,1,2025-11-18,Completed,2025-12-05,17,62.4,73.0,3,4.0,5.5
3763,60538,2,2025-06-13,Completed,2025-06-23,10,54.4,66.3,1,3.0,5.4
3764,60538,3,2025-10-27,Completed,2025-11-06,10,80.0,89.3,1,3.5,4.3
3765,60538,4,2025-02-16,Completed,2025-02-19,3,77.1,96.3,3,4.5,1.0
3766,60538,5,2025-06-05,Completed,2025-06-08,3,85.4,100.0,1,4.2,1.5
3767,60538,8,2025-03-27,Completed,2025-04-02,6,49.5,63.6,1,4.1,3.5
3768,60538,7,2025-09-28,Completed,2025-10-05,7,79.2,100.0,1,4.6,2.2
3769,60539,1,2025-09-08,Completed,2025-09-28,20,45.5,46.1,1,3.3,7.5
3770,60539,2,2025-09-04,Completed,2025-09-20,16,66.2,68.3,2,3.3,5.4
3771,60539,3,2025-10-24,Completed,2025-11-12,19,58.7,58.8,1,3.6,5.2
3772,60539,4,2025-05-14,Completed,2025-05-16,2,52.1,69.7,3,4.7,1.3
3773,60539,5,2025-08-06,Completed,2025-08-10,4,50.1,67.4,2,4.3,1.9
3774,60539,10,2025-07-25,Completed,2025-08-19,25,68.0,78.0,1,4.7,6.8
3775,60540,1,2025-06-30,In Progress,,,60.5,,2,2.7,3.5
3776,60540,2,2025-02-26,Completed,2025-03-16,18,65.4,69.4,2,3.3,4.9
3777,60540,3,2025-07-06,Completed,2025-07-21,15,66.9,83.0,1,3.0,4.9
3778,60540,4,2025-05-17,Completed,2025-05-19,2,64.0,83.9,2,3.5,1.3
3779,60540,5,2025-06-16,Completed,2025-06-23,7,57.6,75.3,1,4.3,1.4
3780,60540,10,2025-07-20,Completed,2025-08-13,24,70.4,93.5,1,4.3,7.3
3781,60540,7,2025-07-21,Completed,2025-07-22,1,46.7,67.7,1,4.2,2.6
3782,60540,9,2025-09-20,In Progress,,,56.0,,1,3.4,1.7
3783,60541,1,2025-05-09,Completed,2025-05-26,17,65.8,66.6,2,3.5,5.7
3784,60541,2,2025-01-24,Not Started,,,55.4,,0,,0.0
3785,60541,3,2025-07-01,Completed,2025-07-13,12,52.0,56.6,1,3.2,4.5
3786,60541,4,2025-01-22,Completed,2025-01-26,4,62.1,80.7,1,4.8,1.0
3787,60541,5,2025-08-20,Completed,2025-08-23,3,48.9,62.5,3,4.5,1.3
3788,60541,6,2025-07-06,Completed,2025-07-17,11,47.7,58.8,1,3.9,2.8
3789,60541,7,2025-08-07,Completed,2025-08-12,5,49.2,63.5,1,4.5,2.2
3790,60542,1,2025-10-05,Completed,2025-10-16,11,67.5,71.9,2,3.2,7.6
3791,60542,2,2025-10-09,Completed,2025-10-20,11,63.6,72.2,1,3.0,6.7
3792,60542,3,2025-11-03,Completed,2025-11-13,10,66.6,71.2,1,3.0,4.1
3793,60542,4,2025-02-04,In Progress,,,63.9,,1,3.9,0.3
3794,60542,5,2025-10-09,Completed,2025-10-11,2,62.8,79.8,1,4.8,1.8
3795,60542,10,2025-08-15,Completed,2025-08-27,12,37.5,47.3,2,4.9,6.7
3796,60542,9,2025-04-16,Completed,2025-04-27,11,64.8,84.4,1,4.0,2.9
3797,60543,1,2025-07-25,Dropped,,,60.3,,1,2.0,2.1
3798,60543,2,2025-11-12,Completed,2025-12-01,19,75.5,82.8,2,3.2,6.7
3799,60543,3,2025-11-05,Completed,2025-11-13,8,63.4,76.2,4,3.6,4.7
3800,60543,4,2025-06-01,Completed,2025-06-05,4,62.9,75.4,2,3.9,1.1
3801,60543,5,2025-05-25,Completed,2025-05-28,3,51.5,67.8,2,4.3,1.4
3802,60543,10,2025-10-04,Completed,2025-10-13,9,45.0,55.2,2,4.6,5.7
3803,60543,9,2025-05-25,Dropped,,,62.3,,2,2.9,0.8
3804,60544,1,2025-09-20,Completed,2025-10-12,22,66.9,79.4,2,2.8,5.6
3805,60544,2,2025-04-03,Not Started,,,71.0,,0,,0.0
3806,60544,3,2025-06-01,Not Started,,,52.3,,0,,0.0
3807,60544,4,2025-03-31,Completed,2025-04-04,4,58.1,82.7,1,4.1,1.2
3808,60544,5,2025-06-14,Completed,2025-06-16,2,60.8,82.3,2,4.5,1.6
3809,60544,9,2025-06-28,Completed,2025-07-05,7,68.7,79.6,2,3.6,2.7
3810,60544,6,2025-05-24,Completed,2025-05-30,6,66.9,85.3,2,3.8,3.6
3811,60545,1,2025-02-22,In Progress,,,58.6,,3,2.9,3.6
3812,60545,2,2025-06-30,Completed,2025-07-09,9,36.7,36.9,3,3.6,5.6
3813,60545,3,2025-03-04,Dropped,,,54.0,,1,1.3,0.3
3814,60545,4,2025-06-27,Completed,2025-06-28,1,33.8,43.0,1,4.5,0.9
3815,60545,5,2025-07-16,Completed,2025-07-18,2,49.3,59.2,2,4.5,1.7
3816,60545,7,2025-09-04,Dropped,,,35.7,,2,2.7,0.7
3817,60545,9,2025-01-24,Completed,2025-02-02,9,66.3,81.8,1,3.3,3.8
3818,60546,1,2025-10-11,Not Started,,,64.8,,0,,0.0
3819,60546,2,2025-11-05,Dropped,,,51.8,,2,2.0,0.3
3820,60546,3,2025-06-09,In Progress,,,54.3,,2,2.5,2.1
3821,60546,4,2025-01-13,Completed,2025-01-16,3,59.8,77.6,1,4.6,1.2
3822,60546,5,2025-06-04,Completed,2025-06-05,1,65.0,84.7,1,5.0,1.8
3823,60546,6,2025-03-07,Completed,2025-03-19,12,59.9,72.1,2,3.9,3.5
3824,60546,10,2025-08-18,Completed,2025-09-07,20,38.3,57.1,2,3.8,7.8
3825,60546,8,2025-08-27,Completed,2025-09-07,11,54.0,66.4,1,3.4,4.4
3826,60547,1,2025-08-06,Completed,2025-08-23,17,67.1,79.0,2,3.3,5.3
3827,60547,2,2025-04-05,Completed,2025-04-21,16,58.3,67.3,2,3.2,7.0
3828,60547,3,2025-01-06,Completed,2025-01-25,19,48.1,55.5,2,3.6,5.4
3829,60547,4,2025-03-31,Completed,2025-04-04,4,57.4,85.8,1,5.0,1.1
3830,60547,5,2025-09-11,Completed,2025-09-16,5,66.0,91.7,1,4.3,1.7
3831,60547,10,2025-08-22,Completed,2025-09-15,24,68.0,93.6,1,4.5,7.3
3832,60548,1,2025-02-06,Dropped,,,24.6,,1,1.7,1.5
3833,60548,2,2025-08-22,Dropped,,,41.5,,2,1.5,1.4
3834,60548,3,2025-02-12,Completed,2025-02-25,13,34.1,32.0,1,3.6,5.5
3835,60548,4,2025-01-23,Completed,2025-01-24,1,56.4,69.3,1,4.0,0.9
3836,60548,5,2025-10-18,Completed,2025-10-22,4,59.8,73.0,1,5.0,1.5
3837,60548,8,2025-11-10,Completed,2025-11-25,15,66.4,80.0,2,3.8,3.5
3838,60549,1,2025-04-12,Dropped,,,86.3,,1,1.4,1.0
3839,60549,2,2025-11-11,Completed,2025-12-02,21,77.5,90.8,1,3.3,5.5
3840,60549,3,2025-04-04,Completed,2025-04-18,14,63.9,78.9,1,3.0,4.2
3841,60549,4,2025-03-30,Completed,2025-04-02,3,75.4,94.3,2,5.0,1.1
3842,60549,5,2025-03-11,Completed,2025-03-15,4,80.8,100.0,1,5.0,1.5
3843,60549,9,2025-04-03,Completed,2025-04-13,10,77.5,100.0,1,3.6,3.3
3844,60549,8,2025-03-15,Completed,2025-03-25,10,94.7,100.0,1,4.4,5.1
3845,60549,10,2025-09-26,Completed,2025-10-06,10,68.9,89.6,1,4.1,7.8
3846,60550,1,2025-06-23,Not Started,,,70.6,,0,,0.0
3847,60550,2,2025-01-23,Not Started,,,81.9,,0,,0.0
3848,60550,3,2025-09-29,Completed,2025-10-03,4,68.5,98.3,3,3.6,5.4
3849,60550,4,2025-06-15,Completed,2025-06-18,3,82.0,100.0,1,4.3,0.9
3850,60550,5,2025-02-20,Completed,2025-02-23,3,55.9,71.7,2,4.9,1.5
3851,60550,7,2025-11-15,Completed,2025-11-22,7,64.1,82.5,1,4.3,2.3
3852,60550,9,2025-05-18,Completed,2025-05-26,8,78.5,86.2,2,3.8,3.4
3853,60551,1,2025-05-22,Completed,2025-05-31,9,48.4,41.5,3,3.4,5.2
3854,60551,2,2025-06-18,Dropped,,,41.5,,2,1.6,1.1
3855,60551,3,2025-04-15,Completed,2025-04-30,15,52.7,58.7,3,3.5,4.8
3856,60551,4,2025-05-27,Completed,2025-05-31,4,39.6,52.2,2,4.4,1.0
3857,60551,5,2025-06-05,Completed,2025-06-10,5,51.5,69.2,2,4.5,1.6
3858,60551,8,2025-10-28,Completed,2025-11-06,9,45.4,57.8,3,3.8,4.5
3859,60551,6,2025-06-25,Completed,2025-07-05,10,50.1,65.4,3,3.6,3.2
3860,60551,7,2025-04-06,Completed,2025-04-14,8,23.5,31.8,1,4.3,3.2
3861,60552,1,2025-06-08,Completed,2025-07-07,29,56.9,62.2,1,3.5,7.5
3862,60552,2,2025-11-11,Not Started,,,60.1,,0,,0.0
3863,60552,3,2025-08-17,Completed,2025-08-28,11,68.1,71.3,3,3.0,5.1
3864,60552,4,2025-06-01,Completed,2025-06-05,4,52.1,65.5,1,4.4,1.2
3865,60552,5,2025-04-02,Completed,2025-04-07,5,53.5,66.0,1,4.5,1.4
3866,60552,9,2025-04-06,Completed,2025-04-21,15,57.9,72.7,1,4.4,2.9
3867,60552,8,2025-06-02,Completed,2025-06-11,9,38.5,62.4,2,3.9,5.0
3868,60553,1,2025-07-05,Completed,2025-07-19,14,48.5,47.9,2,3.4,6.0
3869,60553,2,2025-02-06,In Progress,,,47.2,,2,2.5,3.3
3870,60553,3,2025-06-19,Dropped,,,61.7,,1,1.9,0.3
3871,60553,4,2025-10-18,Completed,2025-10-20,2,58.2,71.0,2,5.0,0.9
3872,60553,5,2025-02-08,Completed,2025-02-13,5,70.0,71.6,1,4.2,1.7
3873,60553,10,2025-04-15,Completed,2025-05-06,21,41.9,55.4,1,4.1,6.1
3874,60553,7,2025-08-13,Completed,2025-08-21,8,75.2,92.8,2,3.4,2.2
3875,60553,6,2025-09-15,Completed,2025-09-19,4,67.6,83.5,2,3.7,3.4
3876,60554,1,2025-06-12,Dropped,,,39.2,,1,1.9,1.9
3877,60554,2,2025-07-20,Not Started,,,51.2,,0,,0.0
3878,60554,3,2025-06-01,Completed,2025-06-18,17,60.5,73.0,2,2.3,5.1
3879,60554,4,2025-02-28,Completed,2025-03-04,4,54.4,74.8,1,4.7,1.2
3880,60554,5,2025-01-17,Completed,2025-01-23,6,58.1,78.9,2,4.1,1.6
3881,60554,7,2025-06-04,Completed,2025-06-11,7,61.8,81.0,1,4.5,2.9
3882,60554,8,2025-10-24,Completed,2025-11-08,15,79.6,87.7,2,4.1,4.6
3883,60555,1,2025-03-17,Completed,2025-04-01,15,93.3,100.0,2,3.5,5.2
3884,60555,2,2025-02-01,Not Started,,,66.8,,0,,0.0
3885,60555,3,2025-08-05,Completed,2025-08-12,7,60.6,77.1,1,3.1,4.4
3886,60555,4,2025-04-28,Completed,2025-05-01,3,71.0,93.8,1,4.5,1.3
3887,60555,5,2025-10-03,Completed,2025-10-09,6,77.0,100.0,1,4.8,1.9
3888,60555,9,2025-03-19,Completed,2025-03-27,8,66.2,86.5,1,4.2,3.8
3889,60555,6,2025-10-27,Completed,2025-11-11,15,77.5,100.0,1,3.8,3.9
3890,60556,1,2025-05-06,Not Started,,,64.8,,0,,0.0
3891,60556,2,2025-11-04,Completed,2025-11-08,4,73.1,82.8,1,3.0,7.1
3892,60556,3,2025-01-24,In Progress,,,49.3,,1,3.2,1.7
3893,60556,4,2025-01-27,Completed,2025-01-30,3,68.6,87.7,1,4.5,0.9
3894,60556,5,2025-04-05,Completed,2025-04-07,2,63.7,83.1,1,5.0,1.7
3895,60556,10,2025-06-03,Completed,2025-06-26,23,62.4,72.0,1,3.9,6.3
3896,60556,8,2025-08-03,Completed,2025-08-15,12,84.0,100.0,1,3.9,4.0
3897,60557,1,2025-10-02,Completed,2025-10-28,26,47.1,39.3,3,3.6,7.6
3898,60557,2,2025-10-09,Completed,2025-10-27,18,37.1,40.7,2,3.6,5.7
3899,60557,3,2025-01-21,In Progress,,,56.5,,3,2.1,1.9
3900,60557,4,2025-10-07,Completed,2025-10-08,1,38.4,47.1,1,4.5,1.3
3901,60557,5,2025-03-05,Completed,2025-03-07,2,41.1,54.4,2,4.9,1.5
3902,60557,10,2025-06-22,Completed,2025-07-05,13,35.4,53.5,3,4.3,7.0
3903,60558,1,2025-05-06,Dropped,,,40.3,,2,2.1,0.9
3904,60558,2,2025-04-07,Completed,2025-04-19,12,61.7,63.4,2,3.5,5.1
3905,60558,3,2025-04-24,Completed,2025-04-30,6,56.7,64.8,1,3.3,4.9
3906,60558,4,2025-11-02,Completed,2025-11-07,5,56.4,76.7,1,4.0,1.0
3907,60558,5,2025-03-04,Completed,2025-03-09,5,50.5,70.6,2,4.2,1.8
3908,60558,10,2025-08-26,In Progress,,,32.2,,1,3.2,3.7
3909,60558,9,2025-01-29,Completed,2025-01-30,1,51.8,70.0,1,3.6,2.8
3910,60559,1,2025-04-16,Dropped,,,34.9,,2,2.1,0.3
3911,60559,2,2025-02-20,Completed,2025-03-17,25,47.7,51.7,2,3.7,6.7
3912,60559,3,2025-10-22,Completed,2025-10-30,8,31.3,35.0,3,2.8,5.4
3913,60559,4,2025-03-05,Completed,2025-03-07,2,47.7,59.6,1,3.7,0.9
3914,60559,5,2025-10-15,Completed,2025-10-22,7,58.2,75.1,2,4.2,1.9
3915,60559,6,2025-08-16,In Progress,,,45.6,,2,4.4,1.5
3916,60559,7,2025-01-21,Completed,2025-01-27,6,43.5,60.8,2,3.7,2.5
3917,60559,10,2025-10-07,Completed,2025-10-12,5,34.4,52.2,3,3.8,5.7
3918,60560,1,2025-07-31,Completed,2025-08-14,14,75.9,81.9,2,3.9,6.5
3919,60560,2,2025-03-03,In Progress,,,57.2,,2,3.4,1.5
3920,60560,3,2025-07-09,In Progress,,,49.4,,2,2.9,2.6
3921,60560,4,2025-06-16,Completed,2025-06-19,3,55.4,83.3,1,4.5,0.9
3922,60560,5,2025-05-18,Completed,2025-05-23,5,72.6,96.8,1,4.3,1.3
3923,60560,9,2025-04-07,Completed,2025-04-18,11,68.0,75.5,1,4.4,3.2
3924,60560,8,2025-06-29,Completed,2025-07-13,14,59.6,71.0,2,3.7,3.9
3925,60561,1,2025-03-15,In Progress,,,69.0,,2,2.8,3.5
3926,60561,2,2025-04-02,Dropped,,,77.2,,3,1.2,1.7
3927,60561,3,2025-06-05,Dropped,,,38.4,,1,1.8,0.8
3928,60561,4,2025-02-19,Dropped,,,55.1,,2,3.1,0.3
3929,60561,5,2025-11-04,Completed,2025-11-09,5,72.4,91.8,1,4.4,1.9
3930,60561,10,2025-04-29,In Progress,,,47.2,,2,3.7,1.7
3931,60562,1,2025-09-25,Not Started,,,46.9,,0,,0.0
3932,60562,2,2025-02-23,Completed,2025-03-12,17,41.3,39.2,3,3.3,4.8
3933,60562,3,2025-05-24,Completed,2025-06-01,8,52.9,61.3,3,4.0,4.4
3934,60562,4,2025-05-22,Completed,2025-05-26,4,60.5,78.6,2,4.5,1.1
3935,60562,5,2025-05-14,Completed,2025-05-16,2,42.3,55.4,2,4.5,1.5
3936,60562,7,2025-08-28,Completed,2025-09-01,4,44.4,51.1,2,4.2,2.7
3937,60562,8,2025-11-11,In Progress,,,50.4,,2,4.4,2.7
3938,60563,1,2025-06-23,Not Started,,,61.1,,0,,0.0
3939,60563,2,2025-05-16,Dropped,,,70.7,,3,1.7,1.5
3940,60563,3,2025-10-01,Completed,2025-10-04,3,47.4,59.5,2,3.7,4.1
3941,60563,4,2025-05-20,Completed,2025-05-23,3,61.7,77.4,1,4.1,1.2
3942,60563,5,2025-11-11,Completed,2025-11-16,5,66.6,91.8,1,5.0,1.5
3943,60563,8,2025-05-04,Completed,2025-05-23,19,45.9,62.6,1,3.6,4.2
3944,60563,6,2025-07-30,Completed,2025-08-10,11,48.9,61.7,2,3.5,2.7
3945,60564,1,2025-10-19,Dropped,,,60.2,,2,1.8,0.8
3946,60564,2,2025-06-14,In Progress,,,60.6,,2,2.5,2.7
3947,60564,3,2025-01-17,Dropped,,,47.5,,1,1.8,1.4
3948,60564,4,2025-02-21,In Progress,,,64.2,,1,3.8,0.5
3949,60564,5,2025-04-25,Completed,2025-05-03,8,65.4,84.0,3,4.0,1.7
3950,60564,7,2025-03-18,Completed,2025-03-24,6,50.2,62.4,1,3.5,3.0
3951,60564,9,2025-11-02,Completed,2025-11-09,7,60.3,77.1,1,3.0,3.0
3952,60565,1,2025-05-30,Completed,2025-06-22,23,54.8,55.8,2,2.8,7.7
3953,60565,2,2025-11-16,Completed,2025-12-10,24,68.2,74.7,1,3.0,6.1
3954,60565,3,2025-03-03,Completed,2025-03-20,17,61.5,70.7,2,3.7,5.7
3955,60565,4,2025-01-22,Completed,2025-01-23,1,54.3,76.4,1,4.8,0.9
3956,60565,5,2025-10-12,Completed,2025-10-19,7,67.0,87.5,1,3.9,1.5
3957,60565,10,2025-04-03,Completed,2025-04-18,15,66.7,89.9,2,4.3,6.2
3958,60566,1,2025-03-12,Dropped,,,71.6,,1,2.1,1.6
3959,60566,2,2025-04-19,Completed,2025-05-13,24,59.2,71.5,2,3.1,6.1
3960,60566,3,2025-09-01,Not Started,,,70.3,,0,,0.0
3961,60566,4,2025-10-14,Completed,2025-10-16,2,67.4,92.2,1,4.5,1.1
3962,60566,5,2025-04-28,Completed,2025-05-02,4,67.5,81.0,2,4.3,1.9
3963,60566,7,2025-04-11,Completed,2025-04-16,5,57.5,67.2,2,3.9,2.5
3964,60566,6,2025-05-22,Completed,2025-05-30,8,70.9,90.0,2,4.0,2.7
3965,60566,9,2025-05-17,Completed,2025-05-27,10,71.0,91.4,2,3.5,3.8
3966,60567,1,2025-08-28,Completed,2025-09-13,16,80.2,85.5,1,3.2,7.2
3967,60567,2,2025-04-30,Dropped,,,67.4,,2,1.5,0.5
3968,60567,3,2025-06-08,Completed,2025-06-21,13,89.0,100.0,1,2.9,4.3
3969,60567,4,2025-09-29,Completed,2025-10-03,4,69.5,92.9,1,4.7,1.1
3970,60567,5,2025-04-21,Completed,2025-04-25,4,68.2,90.6,2,5.0,1.4
3971,60567,9,2025-06-14,Completed,2025-06-28,14,80.5,93.4,2,3.9,2.6
3972,60567,7,2025-03-22,Completed,2025-03-28,6,74.1,100.0,1,4.8,3.2
3973,60568,1,2025-02-17,Completed,2025-03-06,17,47.2,58.8,1,3.8,5.5
3974,60568,2,2025-05-14,Not Started,,,59.4,,0,,0.0
3975,60568,3,2025-03-14,Completed,2025-03-31,17,71.0,82.5,2,3.2,4.9
3976,60568,4,2025-11-08,Completed,2025-11-13,5,70.0,97.0,1,4.9,1.3
3977,60568,5,2025-07-06,Completed,2025-07-10,4,60.6,82.7,1,4.4,1.7
3978,60568,7,2025-04-24,Completed,2025-05-05,11,66.4,80.8,1,4.7,2.5
3979,60569,1,2025-08-04,In Progress,,,65.2,,1,2.1,2.1
3980,60569,2,2025-07-01,Dropped,,,70.2,,2,2.2,1.8
3981,60569,3,2025-08-07,Completed,2025-08-19,12,67.9,92.5,2,3.2,4.6
3982,60569,4,2025-01-30,Not Started,,,79.2,,0,,0.0
3983,60569,5,2025-07-31,Completed,2025-08-05,5,80.8,100.0,1,4.0,1.3
3984,60569,7,2025-07-12,Completed,2025-07-13,1,95.0,100.0,1,4.3,3.0
3985,60569,10,2025-03-06,Completed,2025-03-20,14,82.9,100.0,1,4.7,5.5
3986,60570,1,2025-03-12,In Progress,,,62.5,,1,2.5,1.7
3987,60570,2,2025-07-15,Completed,2025-08-14,30,43.2,41.5,2,2.9,5.8
3988,60570,3,2025-10-18,In Progress,,,51.5,,2,2.3,2.6
3989,60570,4,2025-03-17,Completed,2025-03-19,2,51.4,64.8,2,4.5,1.0
3990,60570,5,2025-02-02,Completed,2025-02-04,2,69.3,88.3,1,4.4,1.7
3991,60570,6,2025-10-27,Completed,2025-10-31,4,44.1,53.8,2,3.9,2.7
3992,60570,7,2025-08-28,Completed,2025-09-02,5,50.5,65.8,3,4.2,2.6
3993,60570,9,2025-10-01,Completed,2025-10-11,10,61.3,72.2,1,3.7,2.7
3994,60571,1,2025-05-18,In Progress,,,48.0,,2,2.9,2.0
3995,60571,2,2025-10-02,Completed,2025-10-27,25,62.6,71.5,2,2.5,5.0
3996,60571,3,2025-07-31,Dropped,,,39.9,,2,1.9,0.5
3997,60571,4,2025-10-03,Completed,2025-10-07,4,62.5,76.6,1,4.8,1.2
3998,60571,5,2025-09-15,Completed,2025-09-19,4,42.0,50.7,2,4.0,1.8
3999,60571,10,2025-04-18,Completed,2025-05-02,14,72.0,84.5,2,4.0,7.4
4000,60572,1,2025-08-06,In Progress,,,50.6,,2,2.8,3.8
4001,60572,2,2025-11-15,Completed,2025-12-04,19,67.7,71.8,1,3.5,5.8
4002,60572,3,2025-01-07,Completed,2025-01-22,15,73.6,79.7,2,3.1,4.8
4003,60572,4,2025-08-10,Completed,2025-08-12,2,63.8,76.3,1,4.5,0.9
4004,60572,5,2025-10-30,Completed,2025-11-03,4,51.7,69.0,1,5.0,1.9
4005,60572,9,2025-03-03,Completed,2025-03-09,6,58.3,75.9,1,3.5,3.1
4006,60573,1,2025-03-28,Completed,2025-04-24,27,52.1,65.5,1,3.2,6.8
4007,60573,2,2025-05-22,Completed,2025-06-06,15,58.6,61.3,2,3.7,5.1
4008,60573,3,2025-04-24,Completed,2025-05-08,14,67.2,73.5,2,3.1,4.9
4009,60573,4,2025-01-31,Completed,2025-02-01,1,70.4,92.8,1,4.5,1.2
4010,60573,5,2025-02-19,Completed,2025-02-24,5,45.9,56.8,2,5.0,1.8
4011,60573,7,2025-01-11,Completed,2025-01-25,14,40.6,54.1,2,4.2,2.8
4012,60573,8,2025-03-07,Completed,2025-03-22,15,54.7,71.9,1,3.7,4.0
4013,60574,1,2025-08-04,Completed,2025-08-19,15,60.3,72.2,2,3.3,5.3
4014,60574,2,2025-03-15,Completed,2025-04-02,18,45.9,51.9,3,3.4,4.7
4015,60574,3,2025-03-15,Completed,2025-03-27,12,55.2,66.3,1,3.9,4.4
4016,60574,4,2025-03-21,Completed,2025-03-22,1,81.1,95.1,2,4.9,1.1
4017,60574,5,2025-06-10,Completed,2025-06-15,5,75.4,94.5,2,4.5,1.4
4018,60574,7,2025-01-24,Completed,2025-02-02,9,56.3,75.3,1,3.3,3.0
4019,60574,6,2025-03-02,Completed,2025-03-10,8,57.7,74.5,1,3.9,3.0
4020,60574,9,2025-01-31,Completed,2025-02-15,15,72.6,82.2,2,3.5,3.0
4021,60575,1,2025-05-25,Completed,2025-06-12,18,41.6,45.5,1,2.8,5.5
4022,60575,2,2025-02-08,Dropped,,,61.0,,2,2.2,1.6
4023,60575,3,2025-06-04,In Progress,,,42.4,,2,2.6,2.6
4024,60575,4,2025-04-09,Completed,2025-04-11,2,62.3,86.6,2,4.4,0.9
4025,60575,5,2025-05-14,Completed,2025-05-18,4,61.7,85.1,1,4.7,1.6
4026,60575,7,2025-02-02,Completed,2025-02-10,8,70.8,85.4,2,3.8,3.1
4027,60576,1,2025-11-13,Completed,2025-11-27,14,74.1,84.5,1,3.0,7.6
4028,60576,2,2025-05-02,Completed,2025-05-12,10,61.2,76.1,2,3.5,5.3
4029,60576,3,2025-11-08,Completed,2025-11-23,15,77.5,84.9,2,3.5,5.6
4030,60576,4,2025-02-03,Completed,2025-02-06,3,80.4,97.5,1,4.7,0.9
4031,60576,5,2025-07-27,Completed,2025-07-30,3,57.3,76.6,1,3.7,1.7
4032,60576,7,2025-01-07,Completed,2025-01-16,9,69.6,90.5,2,2.9,3.0
4033,60577,1,2025-08-25,Dropped,,,24.1,,2,1.7,1.4
4034,60577,2,2025-08-23,Completed,2025-09-14,22,27.3,31.1,4,3.6,5.4
4035,60577,3,2025-10-18,Dropped,,,35.1,,1,1.6,1.5
4036,60577,4,2025-10-30,Completed,2025-11-01,2,22.3,32.8,3,4.4,1.1
4037,60577,5,2025-09-07,Not Started,,,33.2,,0,,0.0
4038,60577,8,2025-07-24,Completed,2025-08-07,14,44.5,50.0,3,3.6,5.2
4039,60578,1,2025-02-07,Completed,2025-03-01,22,56.8,62.4,2,4.3,6.8
4040,60578,2,2025-07-09,Completed,2025-07-29,20,57.3,75.8,1,3.2,4.9
4041,60578,3,2025-07-22,Completed,2025-08-03,12,65.9,79.5,1,3.4,4.1
4042,60578,4,2025-01-15,In Progress,,,69.1,,2,3.7,0.4
4043,60578,5,2025-05-01,Completed,2025-05-06,5,51.9,70.6,1,4.7,1.4
4044,60578,10,2025-03-13,Completed,2025-03-31,18,88.6,99.6,2,4.7,5.7
4045,60578,6,2025-10-29,Completed,2025-11-06,8,48.6,64.2,2,4.1,3.5
4046,60579,1,2025-02-02,Dropped,,,62.5,,2,1.5,1.2
4047,60579,2,2025-03-23,Not Started,,,67.3,,0,,0.0
4048,60579,3,2025-07-26,Completed,2025-08-09,14,66.7,77.9,1,3.3,4.2
4049,60579,4,2025-02-18,Completed,2025-02-20,2,67.3,85.9,2,5.0,1.0
4050,60579,5,2025-07-08,Completed,2025-07-14,6,86.5,100.0,1,4.6,1.8
4051,60579,10,2025-08-23,In Progress,,,67.9,,2,2.9,1.8
4052,60580,1,2025-05-22,Completed,2025-06-09,18,52.0,54.6,2,3.6,5.5
4053,60580,2,2025-08-29,Completed,2025-09-18,20,45.4,47.9,2,2.9,6.4
4054,60580,3,2025-06-16,Completed,2025-06-27,11,62.3,66.8,2,3.2,4.3
4055,60580,4,2025-10-17,Completed,2025-10-20,3,49.8,73.8,1,4.3,1.1
4056,60580,5,2025-06-27,Completed,2025-07-04,7,66.0,89.4,2,5.0,1.3
4057,60580,7,2025-02-02,Completed,2025-02-06,4,49.1,68.4,1,4.3,3.1
4058,60580,6,2025-06-06,Completed,2025-06-13,7,65.1,79.9,2,3.8,3.9
4059,60581,1,2025-09-19,Completed,2025-10-02,13,51.4,54.4,2,4.0,7.2
4060,60581,2,2025-06-22,Completed,2025-07-07,15,42.2,50.0,2,2.9,5.2
4061,60581,3,2025-05-05,Completed,2025-06-01,27,49.2,44.0,1,3.2,4.1
4062,60581,4,2025-01-23,Completed,2025-01-25,2,53.4,71.5,1,3.4,1.2
4063,60581,5,2025-06-07,Completed,2025-06-10,3,63.3,83.6,2,4.7,1.9
4064,60581,8,2025-10-07,Completed,2025-10-16,9,47.6,70.2,2,3.8,4.7
4065,60581,9,2025-01-18,Completed,2025-01-27,9,62.9,83.5,2,3.4,3.9
4066,60582,1,2025-02-22,Completed,2025-03-07,13,49.8,56.9,1,3.7,7.0
4067,60582,2,2025-02-25,Dropped,,,36.4,,2,1.4,1.9
4068,60582,3,2025-09-26,Completed,2025-10-06,10,52.6,57.3,2,3.5,4.2
4069,60582,4,2025-08-19,Completed,2025-08-20,1,58.8,78.3,1,4.0,1.3
4070,60582,5,2025-01-10,Completed,2025-01-14,4,55.9,66.9,2,4.1,1.4
4071,60582,6,2025-06-10,In Progress,,,55.2,,2,2.9,1.9
4072,60582,7,2025-05-10,Completed,2025-05-20,10,76.6,89.1,2,4.6,3.0
4073,60583,1,2025-05-19,Completed,2025-06-11,23,42.2,48.9,3,3.4,5.6
4074,60583,2,2025-10-01,Not Started,,,33.3,,0,,0.0
4075,60583,3,2025-09-10,Completed,2025-09-25,15,43.0,49.9,2,3.2,4.3
4076,60583,4,2025-09-02,Completed,2025-09-03,1,39.7,55.0,2,4.0,1.2
4077,60583,5,2025-01-22,Completed,2025-01-27,5,41.1,52.6,1,4.3,1.6
4078,60583,10,2025-05-08,Completed,2025-05-27,19,33.8,41.4,2,4.2,5.5
4079,60584,1,2025-03-14,Dropped,,,38.9,,2,1.0,0.8
4080,60584,2,2025-04-17,In Progress,,,37.4,,2,2.9,3.6
4081,60584,3,2025-09-01,Completed,2025-09-12,11,27.7,25.7,2,3.0,5.2
4082,60584,4,2025-07-16,Completed,2025-07-20,4,57.9,73.8,1,4.4,1.0
4083,60584,5,2025-09-14,Completed,2025-09-20,6,30.7,40.7,3,3.7,1.5
4084,60584,6,2025-03-15,Completed,2025-03-24,9,55.2,64.4,2,4.1,3.2
4085,60585,1,2025-11-07,Dropped,,,54.1,,2,1.5,1.5
4086,60585,2,2025-08-27,In Progress,,,63.7,,1,2.7,3.8
4087,60585,3,2025-06-05,Not Started,,,46.7,,0,,0.0
4088,60585,4,2025-03-15,Completed,2025-03-19,4,74.2,95.2,1,3.6,1.1
4089,60585,5,2025-09-14,Completed,2025-09-16,2,76.6,100.0,1,4.8,1.7
4090,60585,8,2025-04-28,Completed,2025-05-14,16,79.0,100.0,2,4.2,5.0
4091,60585,6,2025-08-12,Completed,2025-08-18,6,94.5,100.0,2,4.5,3.2
4092,60585,10,2025-08-23,Completed,2025-09-08,16,67.1,82.1,2,3.9,5.7
4093,60586,1,2025-01-09,Completed,2025-02-03,25,50.4,47.6,1,3.1,6.4
4094,60586,2,2025-05-02,In Progress,,,47.3,,4,3.0,2.7
4095,60586,3,2025-11-09,Completed,2025-11-27,18,52.4,44.0,3,2.4,4.8
4096,60586,4,2025-05-24,Completed,2025-05-27,3,31.2,46.1,1,4.2,1.2
4097,60586,5,2025-09-23,Completed,2025-09-28,5,37.7,54.6,2,4.2,1.4
4098,60586,8,2025-11-16,Completed,2025-11-28,12,45.3,55.8,3,4.4,4.8
4099,60586,10,2025-03-25,Completed,2025-04-13,19,39.2,52.5,2,3.7,5.4
4100,60586,6,2025-06-23,Completed,2025-07-07,14,34.5,47.7,2,4.1,3.5
4101,60587,1,2025-08-26,Not Started,,,43.0,,0,,0.0
4102,60587,2,2025-09-29,In Progress,,,52.1,,2,3.1,3.1
4103,60587,3,2025-10-31,Completed,2025-11-15,15,36.6,48.8,2,3.0,3.9
4104,60587,4,2025-05-17,Completed,2025-05-18,1,45.6,57.4,1,5.0,1.0
4105,60587,5,2025-02-25,Completed,2025-03-02,5,31.8,38.8,1,4.7,1.5
4106,60587,6,2025-08-10,Completed,2025-08-22,12,46.8,58.4,2,4.2,3.4
4107,60588,1,2025-11-02,Completed,2025-11-15,13,67.1,84.6,2,3.1,5.4
4108,60588,2,2025-09-20,In Progress,,,60.4,,1,2.6,3.0
4109,60588,3,2025-01-28,In Progress,,,67.9,,2,2.9,2.5
4110,60588,4,2025-10-30,Completed,2025-11-03,4,65.1,87.7,2,4.2,1.1
4111,60588,5,2025-03-05,Completed,2025-03-07,2,69.9,86.9,1,4.8,1.9
4112,60588,10,2025-02-01,Completed,2025-02-28,27,70.6,95.6,2,4.8,6.9
4113,60588,9,2025-05-28,Completed,2025-06-04,7,76.7,93.1,1,3.5,3.9
4114,60588,8,2025-06-14,Completed,2025-06-25,11,71.5,88.2,2,4.2,5.2
4115,60589,1,2025-03-09,Completed,2025-03-15,6,76.1,84.2,2,3.5,6.8
4116,60589,2,2025-05-05,Dropped,,,38.0,,2,2.1,0.9
4117,60589,3,2025-09-18,Completed,2025-09-30,12,58.2,67.1,2,3.5,5.2
4118,60589,4,2025-08-13,Completed,2025-08-16,3,80.8,100.0,1,4.6,1.2
4119,60589,5,2025-11-07,Completed,2025-11-12,5,60.5,81.3,2,4.5,1.8
4120,60589,7,2025-07-23,Completed,2025-07-29,6,55.1,66.7,2,4.0,2.6
4121,60589,8,2025-11-10,Completed,2025-11-22,12,53.2,66.7,2,3.1,4.1
4122,60590,1,2025-02-25,In Progress,,,62.4,,2,1.9,2.4
4123,60590,2,2025-10-18,Completed,2025-11-22,35,62.1,77.7,2,2.9,6.1
4124,60590,3,2025-11-01,Dropped,,,54.5,,1,2.0,1.7
4125,60590,4,2025-09-08,Completed,2025-09-11,3,54.8,73.8,1,4.2,0.9
4126,60590,5,2025-01-28,Completed,2025-01-30,2,54.2,73.5,1,4.8,1.9
4127,60590,9,2025-08-18,Completed,2025-08-31,13,45.2,66.5,2,4.5,3.3
4128,60590,10,2025-01-20,Completed,2025-02-07,18,62.8,78.5,1,5.0,5.7
4129,60591,1,2025-10-20,Completed,2025-11-02,13,52.2,53.6,3,4.1,6.5
4130,60591,2,2025-03-21,Dropped,,,49.2,,1,2.1,1.9
4131,60591,3,2025-10-13,Completed,2025-10-25,12,50.4,56.1,1,2.8,4.8
4132,60591,4,2025-09-27,Completed,2025-10-02,5,65.2,90.2,1,4.8,1.3
4133,60591,5,2025-08-26,Completed,2025-08-29,3,51.9,67.5,1,4.7,1.6
4134,60591,9,2025-08-03,Completed,2025-08-08,5,40.9,57.2,1,3.4,3.9
4135,60592,1,2025-07-28,Dropped,,,75.0,,1,1.6,1.3
4136,60592,2,2025-11-19,Completed,2025-12-14,25,57.2,68.1,1,3.0,7.0
4137,60592,3,2025-09-19,Completed,2025-10-03,14,68.4,83.0,2,3.0,4.6
4138,60592,4,2025-09-11,Completed,2025-09-12,1,64.9,86.1,2,4.5,0.9
4139,60592,5,2025-11-19,Completed,2025-11-22,3,77.7,98.6,2,5.0,1.4
4140,60592,10,2025-01-13,Completed,2025-01-30,17,50.0,75.1,1,3.7,6.0
4141,60592,7,2025-11-12,Completed,2025-11-21,9,75.8,85.9,1,4.2,3.2
4142,60593,1,2025-05-13,Completed,2025-06-02,20,61.2,57.8,1,3.1,5.8
4143,60593,2,2025-09-13,Completed,2025-10-16,33,36.2,34.3,1,4.3,6.8
4144,60593,3,2025-06-14,In Progress,,,44.3,,3,2.6,1.5
4145,60593,4,2025-10-09,Completed,2025-10-13,4,51.0,69.9,2,5.0,1.2
4146,60593,5,2025-09-15,Completed,2025-09-19,4,47.7,63.5,2,4.6,1.8
4147,60593,6,2025-04-19,Completed,2025-04-26,7,49.8,69.9,2,4.1,3.6
4148,60594,1,2025-10-19,In Progress,,,82.8,,2,2.7,1.9
4149,60594,2,2025-09-23,Dropped,,,58.0,,2,1.4,0.9
4150,60594,3,2025-10-17,Completed,2025-11-01,15,67.0,75.8,1,3.3,4.5
4151,60594,4,2025-09-18,Completed,2025-09-22,4,84.4,100.0,2,5.0,0.9
4152,60594,5,2025-02-26,Completed,2025-03-04,6,65.9,94.0,1,4.8,1.5
4153,60594,9,2025-09-28,Completed,2025-10-09,11,69.0,85.5,1,3.9,3.8
4154,60595,1,2025-10-25,In Progress,,,72.3,,3,2.5,3.2
4155,60595,2,2025-02-22,Completed,2025-03-16,22,61.0,71.5,2,3.3,5.7
4156,60595,3,2025-06-29,Completed,2025-07-13,14,85.4,100.0,1,3.9,5.8
4157,60595,4,2025-08-26,Completed,2025-08-29,3,55.3,72.5,1,4.2,1.3
4158,60595,5,2025-07-10,Completed,2025-07-14,4,92.1,100.0,1,3.7,1.6
4159,60595,9,2025-01-30,Completed,2025-02-07,8,74.7,92.0,2,4.1,3.7
4160,60595,7,2025-02-10,Completed,2025-02-20,10,72.4,93.6,2,4.7,3.1
4161,60596,1,2025-03-29,Completed,2025-04-09,11,53.9,69.1,2,3.5,7.0
4162,60596,2,2025-03-16,Completed,2025-04-12,27,66.3,69.5,1,2.5,5.9
4163,60596,3,2025-09-25,Completed,2025-10-12,17,59.5,66.1,2,3.4,5.1
4164,60596,4,2025-05-21,Completed,2025-05-24,3,74.9,96.2,1,4.7,0.9
4165,60596,5,2025-04-20,Completed,2025-04-24,4,49.7,76.8,1,4.2,1.8
4166,60596,6,2025-02-21,Completed,2025-03-02,9,50.1,78.1,1,4.3,3.8
4167,60596,8,2025-03-29,Completed,2025-04-15,17,73.6,92.9,1,3.4,3.4
4168,60597,1,2025-03-24,Dropped,,,59.6,,2,2.1,0.4
4169,60597,2,2025-02-27,Completed,2025-03-19,20,64.7,76.1,1,3.5,6.9
4170,60597,3,2025-04-25,In Progress,,,72.9,,2,2.7,1.5
4171,60597,4,2025-01-13,Completed,2025-01-16,3,67.4,91.7,1,4.6,1.3
4172,60597,5,2025-08-30,Completed,2025-09-03,4,69.1,89.4,2,5.0,1.7
4173,60597,8,2025-03-09,Completed,2025-03-26,17,48.2,70.7,1,4.1,4.8
4174,60598,1,2025-08-04,Completed,2025-08-21,17,51.2,56.4,1,3.1,7.1
4175,60598,2,2025-03-04,Dropped,,,54.8,,1,2.0,1.4
4176,60598,3,2025-09-11,Not Started,,,57.7,,0,,0.0
4177,60598,4,2025-11-04,Completed,2025-11-07,3,52.0,65.2,1,4.8,0.9
4178,60598,5,2025-09-02,Completed,2025-09-05,3,49.3,64.1,2,4.6,1.7
4179,60598,9,2025-08-08,Completed,2025-08-16,8,47.4,59.8,1,4.7,3.8
4180,60598,8,2025-07-01,Not Started,,,51.0,,0,,0.0
4181,60598,6,2025-06-28,Completed,2025-07-12,14,52.9,72.7,1,3.6,3.0
4182,60599,1,2025-10-27,In Progress,,,48.7,,2,2.9,4.2
4183,60599,2,2025-01-08,Completed,2025-02-06,29,56.2,63.9,2,3.1,5.9
4184,60599,3,2025-07-18,Dropped,,,47.1,,2,1.5,1.6
4185,60599,4,2025-08-28,Completed,2025-08-31,3,57.7,76.2,1,4.0,1.2
4186,60599,5,2025-05-10,Completed,2025-05-16,6,51.8,63.2,1,4.5,1.7
4187,60599,9,2025-09-27,Completed,2025-10-10,13,42.4,61.7,3,3.8,3.9
4188,60600,1,2025-04-07,In Progress,,,52.4,,2,2.7,3.5
4189,60600,2,2025-11-02,In Progress,,,77.8,,2,2.9,1.6
4190,60600,3,2025-09-30,Completed,2025-10-11,11,51.4,69.3,2,4.7,3.9
4191,60600,4,2025-02-13,Completed,2025-02-17,4,55.3,70.6,1,3.7,1.1
4192,60600,5,2025-09-01,Completed,2025-09-06,5,70.3,90.0,1,4.3,1.5
4193,60600,6,2025-04-04,Completed,2025-04-15,11,71.7,81.4,2,3.9,3.3
4194,60600,7,2025-10-14,Completed,2025-10-22,8,49.6,61.8,1,3.9,2.4
4195,60600,8,2025-02-26,Completed,2025-03-08,10,48.3,67.8,2,3.9,5.1
4196,60601,1,2025-02-04,Completed,2025-02-24,20,46.6,53.7,2,3.2,6.5
4197,60601,2,2025-06-22,Completed,2025-07-04,12,31.8,35.9,2,3.3,6.3
4198,60601,3,2025-04-01,Completed,2025-04-16,15,34.7,33.5,1,3.1,3.9
4199,60601,4,2025-08-02,Completed,2025-08-05,3,50.6,63.5,2,4.6,1.3
4200,60601,5,2025-11-14,Completed,2025-11-17,3,42.6,49.4,1,4.0,1.8
4201,60601,8,2025-07-20,Completed,2025-07-24,4,29.1,36.5,2,3.6,4.1
4202,60601,10,2025-02-25,Completed,2025-03-20,23,42.8,49.8,3,4.3,5.8
4203,60602,1,2025-10-24,In Progress,,,76.3,,1,3.4,2.4
4204,60602,2,2025-03-02,In Progress,,,80.1,,1,2.3,2.8
4205,60602,3,2025-09-08,Completed,2025-09-27,19,82.3,87.1,1,2.9,3.9
4206,60602,4,2025-02-25,Completed,2025-02-28,3,53.0,81.6,1,4.8,1.0
4207,60602,5,2025-05-15,Completed,2025-05-19,4,87.7,100.0,2,4.5,1.4
4208,60602,9,2025-06-01,Completed,2025-06-12,11,67.8,90.9,1,4.2,3.4
4209,60602,7,2025-09-05,Completed,2025-09-09,4,65.1,90.7,1,4.3,2.6
4210,60602,10,2025-09-11,Completed,2025-09-16,5,83.9,100.0,2,3.7,6.0
4211,60603,1,2025-05-13,Completed,2025-05-26,13,75.2,84.0,1,3.7,5.9
4212,60603,2,2025-06-08,Completed,2025-06-30,22,81.4,93.1,2,3.3,6.9
4213,60603,3,2025-02-20,In Progress,,,57.4,,2,2.0,2.1
4214,60603,4,2025-02-08,Completed,2025-02-10,2,73.1,94.7,1,3.5,1.2
4215,60603,5,2025-06-10,Completed,2025-06-12,2,49.4,67.9,2,4.3,1.8
4216,60603,10,2025-01-10,Completed,2025-02-04,25,68.5,89.6,2,4.4,6.6
4217,60604,1,2025-05-21,In Progress,,,38.7,,3,2.5,3.6
4218,60604,2,2025-02-09,Completed,2025-02-22,13,55.3,53.3,3,2.9,7.1
4219,60604,3,2025-05-23,Completed,2025-06-09,17,42.1,36.1,1,2.8,5.6
4220,60604,4,2025-06-13,Completed,2025-06-14,1,39.9,53.6,1,4.7,0.9
4221,60604,5,2025-03-12,Completed,2025-03-19,7,45.0,64.9,3,4.6,1.9
4222,60604,8,2025-10-22,Completed,2025-11-09,18,48.8,54.4,3,4.1,3.9
4223,60605,1,2025-09-22,Completed,2025-10-05,13,63.7,67.6,1,3.7,5.3
4224,60605,2,2025-06-20,Not Started,,,75.4,,0,,0.0
4225,60605,3,2025-06-27,In Progress,,,57.6,,2,3.1,2.2
4226,60605,4,2025-01-17,Completed,2025-01-19,2,46.2,63.2,2,4.3,1.1
4227,60605,5,2025-04-19,Completed,2025-04-24,5,55.6,74.1,3,4.4,1.3
4228,60605,7,2025-10-09,In Progress,,,40.5,,2,3.8,1.6
4229,60606,1,2025-09-19,Not Started,,,50.4,,0,,0.0
4230,60606,2,2025-06-26,Completed,2025-07-20,24,72.2,84.9,3,3.3,6.5
4231,60606,3,2025-03-04,Dropped,,,63.0,,1,2.2,1.5
4232,60606,4,2025-02-04,Completed,2025-02-07,3,65.9,85.7,1,4.3,1.3
4233,60606,5,2025-05-02,Completed,2025-05-07,5,54.6,71.0,2,3.9,1.8
4234,60606,9,2025-01-17,Completed,2025-01-23,6,60.8,74.8,2,3.4,3.5
4235,60607,1,2025-01-26,In Progress,,,79.3,,2,3.2,2.7
4236,60607,2,2025-04-26,Completed,2025-05-13,17,71.4,80.9,3,3.6,4.8
4237,60607,3,2025-09-16,Completed,2025-10-01,15,71.8,86.0,2,4.1,4.6
4238,60607,4,2025-11-08,Completed,2025-11-10,2,69.8,86.4,1,4.6,1.1
4239,60607,5,2025-01-16,Completed,2025-01-22,6,59.4,84.6,1,5.0,1.9
4240,60607,6,2025-10-12,Completed,2025-10-19,7,61.8,78.2,1,3.5,3.1
4241,60607,7,2025-07-16,Completed,2025-07-24,8,64.6,85.2,1,4.2,3.0
4242,60608,1,2025-03-09,In Progress,,,42.2,,3,2.1,2.8
4243,60608,2,2025-02-09,Completed,2025-02-26,17,58.4,69.2,2,3.0,5.3
4244,60608,3,2025-08-22,Completed,2025-09-11,20,50.0,61.5,2,2.7,4.4
4245,60608,4,2025-08-12,Completed,2025-08-14,2,52.3,68.4,1,4.2,1.1
4246,60608,5,2025-03-24,Completed,2025-03-30,6,54.3,74.5,2,5.0,1.3
4247,60608,9,2025-01-21,Completed,2025-01-28,7,59.1,72.4,2,4.1,2.7
4248,60608,6,2025-10-14,Completed,2025-10-22,8,52.8,67.4,2,3.9,2.6
4249,60608,10,2025-06-15,Completed,2025-07-07,22,72.1,81.7,3,4.4,6.5
4250,60609,1,2025-04-11,Completed,2025-05-03,22,45.2,48.2,2,3.3,7.7
4251,60609,2,2025-09-25,Completed,2025-10-12,17,40.5,43.4,3,3.3,5.0
4252,60609,3,2025-11-09,Completed,2025-11-22,13,57.2,59.0,2,3.5,5.4
4253,60609,4,2025-05-03,Completed,2025-05-04,1,52.7,60.8,1,4.9,1.2
4254,60609,5,2025-10-07,Completed,2025-10-14,7,31.6,51.4,1,3.7,1.3
4255,60609,7,2025-02-26,Completed,2025-03-06,8,47.9,63.0,3,4.8,3.0
4256,60609,6,2025-10-12,Completed,2025-10-15,3,51.4,67.6,2,3.8,3.3
4257,60610,1,2025-03-11,Completed,2025-03-29,18,54.8,48.3,1,3.7,6.2
4258,60610,2,2025-09-11,Completed,2025-09-26,15,20.0,21.9,2,3.9,5.4
4259,60610,3,2025-03-24,Completed,2025-04-01,8,44.5,44.7,2,2.4,5.5
4260,60610,4,2025-10-13,Completed,2025-10-15,2,50.0,64.6,2,4.7,1.0
4261,60610,5,2025-04-17,Completed,2025-04-25,8,29.8,39.3,1,4.6,1.4
4262,60610,9,2025-02-18,Completed,2025-02-24,6,53.6,65.7,2,3.8,3.1
4263,60610,10,2025-08-31,Completed,2025-09-24,24,45.3,51.6,2,4.8,5.8
4264,60611,1,2025-04-27,Completed,2025-05-23,26,52.9,51.3,1,3.3,6.5
4265,60611,2,2025-07-23,Completed,2025-08-10,18,53.2,60.2,2,2.9,7.1
4266,60611,3,2025-01-19,Completed,2025-01-25,6,51.4,56.0,1,3.3,5.5
4267,60611,4,2025-04-22,Completed,2025-04-25,3,44.3,62.6,3,4.4,1.0
4268,60611,5,2025-11-01,Completed,2025-11-04,3,46.5,54.1,1,4.4,1.9
4269,60611,9,2025-09-28,Completed,2025-10-06,8,37.5,46.8,1,4.2,3.3
4270,60611,7,2025-09-24,Completed,2025-10-03,9,47.6,62.5,2,4.3,3.2
4271,60612,1,2025-03-03,Completed,2025-03-11,8,46.9,50.5,2,3.5,5.6
4272,60612,2,2025-10-31,Completed,2025-11-15,15,54.8,55.8,2,3.5,6.8
4273,60612,3,2025-06-09,In Progress,,,70.1,,2,2.3,2.5
4274,60612,4,2025-07-18,Completed,2025-07-21,3,44.1,60.9,2,4.8,0.9
4275,60612,5,2025-08-13,Completed,2025-08-17,4,44.7,62.9,2,4.9,1.3
4276,60612,10,2025-09-07,In Progress,,,57.9,,2,3.0,3.6
4277,60612,8,2025-08-31,Completed,2025-09-15,15,53.8,69.7,2,4.5,4.0
4278,60613,1,2025-08-26,Dropped,,,43.0,,2,2.1,1.0
4279,60613,2,2025-06-18,Completed,2025-06-30,12,53.1,60.1,3,3.0,6.2
4280,60613,3,2025-06-02,Dropped,,,56.3,,2,1.4,0.8
4281,60613,4,2025-07-28,Completed,2025-07-31,3,66.1,88.0,1,4.5,0.9
4282,60613,5,2025-09-20,Completed,2025-09-22,2,64.5,80.5,1,5.0,1.9
4283,60613,7,2025-04-23,Completed,2025-04-29,6,55.0,70.3,1,4.1,2.8
4284,60613,10,2025-04-23,Completed,2025-05-07,14,38.1,52.3,2,4.7,6.7
4285,60613,9,2025-07-28,Completed,2025-08-10,13,70.0,85.7,2,4.7,2.7
4286,60614,1,2025-11-13,Completed,2025-11-28,15,53.1,52.7,2,2.9,5.7
4287,60614,2,2025-06-23,Completed,2025-07-13,20,34.7,41.9,3,2.6,6.7
4288,60614,3,2025-05-09,Completed,2025-05-22,13,39.3,42.1,1,3.5,4.6
4289,60614,4,2025-01-11,Completed,2025-01-13,2,28.2,36.0,1,4.4,1.3
4290,60614,5,2025-07-21,Completed,2025-07-26,5,58.0,62.8,3,4.1,1.3
4291,60614,10,2025-06-28,Completed,2025-07-08,10,52.4,62.6,3,3.4,5.6
4292,60614,7,2025-05-19,Completed,2025-05-29,10,49.6,60.3,1,3.5,2.3
4293,60615,1,2025-11-06,In Progress,,,43.9,,2,1.8,1.8
4294,60615,2,2025-10-25,In Progress,,,59.3,,2,2.6,2.8
4295,60615,3,2025-03-16,Not Started,,,53.1,,0,,0.0
4296,60615,4,2025-09-05,Completed,2025-09-09,4,60.7,83.4,1,4.5,1.2
4297,60615,5,2025-06-28,Completed,2025-07-02,4,66.7,86.6,1,4.4,1.3
4298,60615,10,2025-08-08,Completed,2025-08-17,9,84.2,100.0,1,4.6,7.0
4299,60616,1,2025-01-20,Completed,2025-02-04,15,66.3,73.1,1,3.1,6.6
4300,60616,2,2025-05-23,In Progress,,,70.3,,2,2.6,2.1
4301,60616,3,2025-06-25,Completed,2025-07-12,17,57.9,74.9,2,3.9,4.3
4302,60616,4,2025-08-14,Completed,2025-08-18,4,83.8,100.0,1,4.6,1.0
4303,60616,5,2025-08-19,Completed,2025-08-23,4,67.8,86.9,1,4.9,1.4
4304,60616,10,2025-01-07,Not Started,,,83.2,,0,,0.0
4305,60616,8,2025-01-22,In Progress,,,67.1,,2,3.6,2.4
4306,60617,1,2025-01-17,Completed,2025-02-13,27,54.4,69.2,1,3.3,7.0
4307,60617,2,2025-02-02,Not Started,,,64.8,,0,,0.0
4308,60617,3,2025-02-02,Completed,2025-02-11,9,61.6,60.7,1,3.6,5.5
4309,60617,4,2025-07-05,Completed,2025-07-06,1,79.2,100.0,2,5.0,1.0
4310,60617,5,2025-06-17,Completed,2025-06-20,3,61.8,81.1,1,4.4,1.8
4311,60617,7,2025-09-02,Completed,2025-09-13,11,65.2,79.1,2,4.6,2.9
4312,60618,1,2025-07-08,Dropped,,,46.0,,3,2.1,0.4
4313,60618,2,2025-01-23,In Progress,,,45.1,,1,2.0,2.3
4314,60618,3,2025-11-04,Not Started,,,49.7,,0,,0.0
4315,60618,4,2025-08-31,Completed,2025-09-02,2,50.9,68.4,1,4.9,1.0
4316,60618,5,2025-03-11,Completed,2025-03-13,2,54.6,74.7,2,4.1,1.5
4317,60618,7,2025-03-30,Completed,2025-04-06,7,66.4,75.6,2,4.3,2.4
4318,60618,6,2025-02-09,Completed,2025-02-20,11,79.7,86.7,3,3.9,3.5
4319,60619,1,2025-06-02,Completed,2025-06-26,24,70.9,73.7,2,3.4,6.0
4320,60619,2,2025-04-22,In Progress,,,51.0,,2,2.3,3.0
4321,60619,3,2025-04-20,Completed,2025-04-23,3,51.3,55.2,1,3.4,5.7
4322,60619,4,2025-02-12,Completed,2025-02-14,2,52.1,58.5,1,4.1,1.1
4323,60619,5,2025-09-05,Completed,2025-09-09,4,58.8,69.1,1,4.6,1.3
4324,60619,8,2025-11-01,Completed,2025-11-20,19,45.0,57.5,1,4.0,3.6
4325,60619,9,2025-10-07,Completed,2025-10-18,11,45.1,54.6,3,3.6,3.4
4326,60619,7,2025-01-18,Completed,2025-01-26,8,69.5,86.2,1,4.6,2.7
4327,60620,1,2025-06-28,Completed,2025-07-16,18,80.0,83.3,2,3.2,5.5
4328,60620,2,2025-11-13,Dropped,,,53.6,,2,2.3,2.1
4329,60620,3,2025-09-29,In Progress,,,71.1,,1,2.7,1.9
4330,60620,4,2025-05-04,Completed,2025-05-05,1,50.1,66.7,1,5.0,1.0
4331,60620,5,2025-08-19,Completed,2025-08-23,4,69.9,88.6,2,4.0,1.6
4332,60620,7,2025-02-01,Completed,2025-02-06,5,63.0,78.5,1,4.4,3.1
4333,60620,6,2025-02-25,In Progress,,,71.9,,1,3.5,1.0
4334,60621,1,2025-07-01,Not Started,,,61.0,,0,,0.0
4335,60621,2,2025-03-15,Completed,2025-04-01,17,59.6,54.2,2,3.1,5.1
4336,60621,3,2025-04-02,Completed,2025-04-17,15,84.0,88.4,2,3.1,5.3
4337,60621,4,2025-11-04,Completed,2025-11-05,1,50.8,71.4,2,4.5,1.0
4338,60621,5,2025-06-25,Completed,2025-06-30,5,81.3,100.0,1,3.8,1.6
4339,60621,9,2025-08-05,Completed,2025-08-21,16,61.0,71.3,1,3.9,3.7
4340,60621,7,2025-09-28,Completed,2025-10-06,8,41.0,47.5,1,4.1,3.2
4341,60622,1,2025-10-09,In Progress,,,55.0,,2,3.0,1.9
4342,60622,2,2025-07-30,Completed,2025-08-16,17,65.8,69.5,1,4.1,6.6
4343,60622,3,2025-06-16,Dropped,,,44.0,,2,2.2,0.4
4344,60622,4,2025-06-21,Completed,2025-06-23,2,56.7,76.9,2,4.9,1.1
4345,60622,5,2025-02-24,Completed,2025-02-28,4,58.3,71.2,3,4.6,1.3
4346,60622,10,2025-10-29,Completed,2025-11-13,15,48.7,60.8,1,4.6,7.1
4347,60623,1,2025-01-18,In Progress,,,44.5,,3,2.6,1.7
4348,60623,2,2025-02-01,Completed,2025-02-14,13,52.7,57.2,3,3.0,5.4
4349,60623,3,2025-11-07,Completed,2025-11-13,6,39.9,51.8,3,1.8,5.4
4350,60623,4,2025-03-05,Completed,2025-03-06,1,41.6,59.0,1,4.1,1.2
4351,60623,5,2025-05-09,Completed,2025-05-11,2,50.8,73.2,1,4.2,1.8
4352,60623,8,2025-02-03,Completed,2025-02-14,11,50.8,63.6,1,4.0,4.0
4353,60624,1,2025-11-10,Completed,2025-11-15,5,54.6,51.5,2,3.1,7.1
4354,60624,2,2025-08-07,Dropped,,,63.6,,1,1.9,1.6
4355,60624,3,2025-06-03,Completed,2025-06-20,17,52.0,47.0,2,2.9,4.3
4356,60624,4,2025-02-28,Completed,2025-03-01,1,47.7,60.3,1,5.0,1.1
4357,60624,5,2025-05-06,Completed,2025-05-10,4,46.3,63.7,2,4.9,1.5
4358,60624,8,2025-01-17,Completed,2025-01-28,11,48.0,64.9,3,4.5,3.5
4359,60624,9,2025-11-09,Completed,2025-11-21,12,40.7,50.3,2,4.1,3.6
4360,60625,1,2025-11-12,Completed,2025-11-27,15,54.1,50.5,2,2.8,7.0
4361,60625,2,2025-07-08,In Progress,,,47.9,,1,3.0,3.0
4362,60625,3,2025-09-03,Not Started,,,59.7,,0,,0.0
4363,60625,4,2025-04-06,In Progress,,,44.4,,2,3.8,0.6
4364,60625,5,2025-08-23,Completed,2025-08-28,5,53.6,66.2,2,4.4,1.5
4365,60625,8,2025-04-13,Completed,2025-04-27,14,58.3,74.9,3,3.9,4.3
4366,60625,6,2025-07-18,Completed,2025-07-27,9,42.9,52.3,2,4.4,3.2
4367,60625,7,2025-08-06,Completed,2025-08-15,9,77.0,91.2,2,4.5,2.4
4368,60626,1,2025-09-15,Not Started,,,53.3,,0,,0.0
4369,60626,2,2025-04-02,Completed,2025-04-24,22,47.3,51.2,2,3.6,5.8
4370,60626,3,2025-10-17,Completed,2025-11-01,15,62.5,64.1,4,2.8,4.7
4371,60626,4,2025-07-05,Completed,2025-07-08,3,55.1,78.2,1,5.0,0.9
4372,60626,5,2025-04-27,Completed,2025-05-02,5,58.3,71.3,2,4.0,1.5
4373,60626,7,2025-09-08,Completed,2025-09-11,3,56.3,67.2,1,3.9,2.7
4374,60626,8,2025-03-05,Completed,2025-03-17,12,44.1,61.6,2,4.5,4.1
4375,60627,1,2025-11-18,Completed,2025-12-10,22,61.6,66.1,3,2.7,6.8
4376,60627,2,2025-08-13,In Progress,,,75.0,,2,2.5,3.7
4377,60627,3,2025-03-25,Completed,2025-04-07,13,56.9,56.0,1,3.9,4.1
4378,60627,4,2025-08-03,Completed,2025-08-06,3,56.9,71.9,2,4.8,1.1
4379,60627,5,2025-05-14,Completed,2025-05-17,3,62.8,74.0,1,5.0,1.8
4380,60627,6,2025-04-07,Completed,2025-04-11,4,59.4,76.3,2,3.7,3.7
4381,60627,8,2025-08-05,Completed,2025-08-16,11,62.4,77.0,1,4.1,4.8
4382,60628,1,2025-10-30,Completed,2025-11-25,26,68.2,81.7,2,3.2,5.9
4383,60628,2,2025-07-27,In Progress,,,58.3,,1,3.2,2.8
4384,60628,3,2025-04-15,Dropped,,,26.7,,1,2.3,1.3
4385,60628,4,2025-02-23,Completed,2025-02-26,3,43.3,56.1,1,4.4,1.0
4386,60628,5,2025-01-15,Completed,2025-01-21,6,34.4,55.0,3,4.8,1.3
4387,60628,6,2025-05-28,Completed,2025-06-09,12,47.9,59.2,1,4.1,2.7
4388,60628,8,2025-04-05,Not Started,,,72.2,,0,,0.0
4389,60628,7,2025-07-15,Completed,2025-07-20,5,66.8,82.3,3,4.4,2.7
4390,60629,1,2025-01-17,In Progress,,,72.7,,1,2.8,3.1
4391,60629,2,2025-03-22,In Progress,,,67.0,,3,3.1,3.6
4392,60629,3,2025-08-28,Completed,2025-09-11,14,54.2,66.3,2,3.3,4.4
4393,60629,4,2025-03-28,Completed,2025-03-31,3,53.6,73.7,2,4.2,1.0
4394,60629,5,2025-01-10,Completed,2025-01-13,3,47.3,64.4,2,4.4,1.8
4395,60629,7,2025-07-14,Completed,2025-07-22,8,46.7,66.7,1,4.5,2.2
4396,60630,1,2025-05-08,In Progress,,,60.1,,2,2.8,4.0
4397,60630,2,2025-10-07,Completed,2025-10-27,20,63.8,61.5,3,3.8,5.0
4398,60630,3,2025-03-04,Completed,2025-03-17,13,62.4,61.8,1,2.8,5.4
4399,60630,4,2025-04-21,Completed,2025-04-23,2,52.8,75.6,1,4.4,0.9
4400,60630,5,2025-05-13,Completed,2025-05-17,4,61.7,77.7,1,4.8,1.8
4401,60630,7,2025-06-21,Completed,2025-06-29,8,24.0,44.0,1,4.3,2.8
4402,60631,1,2025-05-02,Completed,2025-05-13,11,44.7,48.8,2,3.7,7.6
4403,60631,2,2025-11-11,Completed,2025-11-26,15,43.5,52.1,2,3.3,5.9
4404,60631,3,2025-04-20,Not Started,,,75.5,,0,,0.0
4405,60631,4,2025-03-18,Completed,2025-03-21,3,81.8,92.3,2,4.5,1.2
4406,60631,5,2025-07-08,Completed,2025-07-10,2,64.4,89.3,2,5.0,1.3
4407,60631,6,2025-03-31,Completed,2025-04-07,7,69.1,89.0,1,4.4,2.6
4408,60631,10,2025-01-13,Completed,2025-02-05,23,57.6,74.5,1,4.2,7.0
4409,60632,1,2025-02-16,Dropped,,,64.4,,1,1.9,1.6
4410,60632,2,2025-06-09,Completed,2025-06-27,18,75.9,77.9,2,3.1,6.6
4411,60632,3,2025-01-30,Completed,2025-02-04,5,55.3,59.4,1,3.1,4.5
4412,60632,4,2025-03-08,Completed,2025-03-10,2,52.2,67.8,2,4.2,1.1
4413,60632,5,2025-07-05,Completed,2025-07-13,8,52.7,67.3,2,4.6,1.8
4414,60632,8,2025-06-17,Completed,2025-07-01,14,57.6,59.3,2,4.1,5.0
4415,60632,10,2025-02-14,Completed,2025-03-04,18,55.4,68.8,2,4.1,5.8
4416,60633,1,2025-01-08,Dropped,,,69.5,,2,1.5,1.4
4417,60633,2,2025-02-02,Not Started,,,91.7,,0,,0.0
4418,60633,3,2025-02-08,Completed,2025-02-18,10,79.5,86.2,1,3.3,3.9
4419,60633,4,2025-05-25,Completed,2025-05-29,4,57.1,76.3,2,4.3,1.1
4420,60633,5,2025-02-06,Completed,2025-02-10,4,56.9,79.7,2,5.0,1.9
4421,60633,10,2025-11-19,Completed,2025-12-09,20,74.4,99.5,1,4.8,6.0
4422,60633,8,2025-11-06,Completed,2025-11-23,17,69.5,84.9,1,4.2,3.7
4423,60634,1,2025-10-25,Completed,2025-11-12,18,76.9,94.0,2,4.1,6.9
4424,60634,2,2025-05-17,Completed,2025-05-29,12,57.0,70.3,1,3.2,5.7
4425,60634,3,2025-10-11,In Progress,,,61.2,,1,2.6,2.9
4426,60634,4,2025-04-04,Completed,2025-04-08,4,71.4,94.6,1,5.0,1.2
4427,60634,5,2025-01-12,Completed,2025-01-16,4,80.3,100.0,3,4.0,1.5
4428,60634,10,2025-03-22,Completed,2025-04-20,29,51.5,80.4,1,4.3,6.9
4429,60634,6,2025-09-27,Completed,2025-10-08,11,79.5,94.4,1,4.2,3.9
4430,60635,1,2025-05-24,Completed,2025-06-05,12,74.1,84.6,2,2.8,7.1
4431,60635,2,2025-11-03,Completed,2025-12-02,29,58.2,69.1,1,3.8,5.9
4432,60635,3,2025-07-19,Completed,2025-08-04,16,68.3,88.4,1,2.9,5.0
4433,60635,4,2025-04-07,Completed,2025-04-10,3,74.3,98.5,1,4.7,1.0
4434,60635,5,2025-06-09,Completed,2025-06-15,6,77.4,100.0,1,4.8,1.8
4435,60635,6,2025-03-07,Completed,2025-03-13,6,69.2,87.2,1,4.6,2.8
4436,60635,9,2025-08-04,Completed,2025-08-11,7,69.0,82.0,1,3.5,2.8
4437,60636,1,2025-09-09,In Progress,,,68.2,,1,3.0,3.9
4438,60636,2,2025-01-14,Completed,2025-01-30,16,65.8,71.6,2,3.9,6.5
4439,60636,3,2025-06-04,Not Started,,,52.1,,0,,0.0
4440,60636,4,2025-06-01,Completed,2025-06-04,3,62.3,78.2,2,4.4,1.0
4441,60636,5,2025-07-23,Not Started,,,61.3,,0,,0.0
4442,60636,9,2025-11-04,Completed,2025-11-10,6,68.4,74.1,1,3.8,3.0
4443,60637,1,2025-08-06,Completed,2025-09-01,26,58.8,62.5,3,2.7,5.4
4444,60637,2,2025-04-19,Completed,2025-05-16,27,39.3,46.2,3,3.7,5.0
4445,60637,3,2025-06-05,Completed,2025-06-09,4,46.4,51.0,3,3.2,5.5
4446,60637,4,2025-09-11,Completed,2025-09-14,3,39.1,54.4,1,4.0,1.0
4447,60637,5,2025-09-26,Completed,2025-09-29,3,48.0,62.2,1,4.4,1.7
4448,60637,9,2025-02-21,Completed,2025-03-01,8,64.3,83.6,1,3.4,2.9
4449,60637,10,2025-08-12,Completed,2025-08-27,15,46.8,52.6,3,4.3,6.9
4450,60637,7,2025-06-03,Completed,2025-06-11,8,53.4,72.1,1,3.7,2.9
4451,60638,1,2025-07-07,Completed,2025-08-05,29,77.8,89.0,1,2.7,7.5
4452,60638,2,2025-03-15,Completed,2025-03-26,11,57.4,64.8,2,3.7,5.1
4453,60638,3,2025-04-14,Dropped,,,49.2,,2,2.1,1.7
4454,60638,4,2025-09-15,Completed,2025-09-18,3,66.5,96.2,1,3.9,1.2
4455,60638,5,2025-10-01,Completed,2025-10-07,6,77.6,96.4,2,4.3,1.5
4456,60638,8,2025-04-28,Dropped,,,46.5,,1,2.5,1.4
4457,60638,9,2025-02-10,Completed,2025-02-27,17,52.8,71.2,1,3.0,2.8
4458,60639,1,2025-10-29,Completed,2025-11-13,15,62.1,70.0,1,2.8,5.4
4459,60639,2,2025-02-04,Completed,2025-02-15,11,56.3,72.3,1,3.2,6.2
4460,60639,3,2025-05-24,Completed,2025-06-11,18,75.7,94.0,1,3.0,5.3
4461,60639,4,2025-04-27,Completed,2025-04-30,3,88.5,100.0,1,4.5,0.9
4462,60639,5,2025-11-07,Completed,2025-11-12,5,68.1,91.9,1,4.7,1.7
4463,60639,9,2025-08-29,Completed,2025-09-12,14,55.1,69.6,3,4.6,3.4
4464,60640,1,2025-03-27,Completed,2025-04-18,22,67.5,76.6,2,3.5,6.4
4465,60640,2,2025-07-15,Completed,2025-07-25,10,57.3,65.9,1,3.1,5.4
4466,60640,3,2025-06-24,Completed,2025-07-14,20,57.0,61.2,1,3.0,5.8
4467,60640,4,2025-01-25,Completed,2025-01-28,3,61.3,70.6,2,3.9,1.1
4468,60640,5,2025-08-03,Completed,2025-08-10,7,69.3,88.7,1,4.4,1.4
4469,60640,6,2025-01-28,Completed,2025-02-02,5,65.3,82.9,1,3.9,3.4
4470,60640,10,2025-06-11,Completed,2025-06-29,18,69.2,95.3,3,4.3,7.6
4471,60641,1,2025-08-08,Completed,2025-08-29,21,60.2,63.3,2,3.8,7.5
4472,60641,2,2025-07-24,In Progress,,,53.5,,1,2.4,2.4
4473,60641,3,2025-02-02,Completed,2025-02-18,16,56.9,63.2,2,3.4,4.8
4474,60641,4,2025-07-29,Completed,2025-08-01,3,55.1,82.0,1,4.0,1.0
4475,60641,5,2025-03-08,Completed,2025-03-12,4,53.5,66.1,2,4.3,1.8
4476,60641,9,2025-03-30,Completed,2025-04-10,11,47.0,54.3,2,3.9,3.3
4477,60641,6,2025-02-15,Completed,2025-02-22,7,59.7,77.6,2,4.0,3.3
4478,60641,7,2025-10-27,Completed,2025-11-02,6,50.3,62.2,2,4.8,3.0
4479,60642,1,2025-10-28,Completed,2025-11-15,18,58.1,75.8,3,3.0,5.5
4480,60642,2,2025-06-01,Completed,2025-06-20,19,60.0,59.5,2,3.7,5.6
4481,60642,3,2025-02-21,Dropped,,,64.8,,2,2.0,1.2
4482,60642,4,2025-04-03,Completed,2025-04-05,2,61.4,82.6,2,4.3,1.1
4483,60642,5,2025-07-20,Completed,2025-07-22,2,56.9,66.9,2,5.0,1.6
4484,60642,9,2025-01-08,Completed,2025-01-18,10,33.3,34.5,3,3.9,3.9
4485,60642,8,2025-04-10,Completed,2025-04-18,8,44.5,51.4,2,3.4,3.8
4486,60642,6,2025-11-13,Not Started,,,62.2,,0,,0.0
4487,60643,1,2025-03-28,Completed,2025-04-17,20,55.2,65.9,1,3.1,5.6
4488,60643,2,2025-04-27,Completed,2025-05-15,18,31.9,37.0,1,3.5,4.7
4489,60643,3,2025-05-13,Completed,2025-05-28,15,50.8,55.3,3,3.6,5.6
4490,60643,4,2025-08-26,Completed,2025-08-27,1,67.8,75.5,2,4.0,1.0
4491,60643,5,2025-02-11,Completed,2025-02-16,5,59.8,78.1,2,4.1,1.6
4492,60643,8,2025-11-06,Completed,2025-11-25,19,57.0,60.6,1,4.2,4.0
4493,60643,6,2025-09-08,Completed,2025-09-15,7,48.4,65.1,2,4.2,3.8
4494,60644,1,2025-08-22,Not Started,,,59.4,,0,,0.0
4495,60644,2,2025-10-28,Completed,2025-11-07,10,43.7,45.8,2,3.0,5.5
4496,60644,3,2025-03-04,Completed,2025-03-25,21,39.5,35.1,1,2.6,4.2
4497,60644,4,2025-08-05,Completed,2025-08-08,3,52.1,62.2,1,3.9,1.0
4498,60644,5,2025-05-10,Completed,2025-05-14,4,55.9,72.7,1,4.7,1.4
4499,60644,8,2025-01-16,Completed,2025-01-27,11,53.0,68.0,2,4.6,3.9
4500,60644,10,2025-05-05,Not Started,,,63.5,,0,,0.0
4501,60644,6,2025-04-12,Completed,2025-04-21,9,59.8,74.6,1,4.1,3.3
4502,60645,1,2025-10-06,Completed,2025-11-01,26,65.9,72.8,3,3.6,7.6
4503,60645,2,2025-05-27,Dropped,,,62.7,,1,2.5,1.8
4504,60645,3,2025-09-22,Completed,2025-09-26,4,77.5,86.1,1,3.5,4.7
4505,60645,4,2025-05-23,Completed,2025-05-24,1,73.6,97.6,1,4.4,0.9
4506,60645,5,2025-02-03,Completed,2025-02-07,4,47.6,68.8,2,4.0,1.8
4507,60645,8,2025-06-13,Completed,2025-06-29,16,65.6,86.2,3,4.2,3.8
4508,60646,1,2025-04-08,Completed,2025-04-21,13,51.2,60.2,2,3.4,6.8
4509,60646,2,2025-06-11,Dropped,,,59.6,,1,1.9,0.4
4510,60646,3,2025-03-01,Completed,2025-03-18,17,67.9,78.0,2,3.0,5.2
4511,60646,4,2025-02-02,Completed,2025-02-04,2,56.6,79.8,2,3.6,0.9
4512,60646,5,2025-05-23,Completed,2025-05-26,3,54.5,67.3,1,4.8,1.8
4513,60646,8,2025-04-30,Completed,2025-05-11,11,60.1,82.7,1,4.1,5.1
4514,60647,1,2025-09-07,Not Started,,,60.4,,0,,0.0
4515,60647,2,2025-04-17,Completed,2025-05-01,14,71.2,72.9,1,3.6,5.6
4516,60647,3,2025-08-24,Completed,2025-09-04,11,73.9,79.0,1,3.1,4.7
4517,60647,4,2025-05-11,Completed,2025-05-13,2,46.4,66.9,1,4.5,1.1
4518,60647,5,2025-06-18,Completed,2025-06-22,4,64.8,78.0,1,4.2,1.5
4519,60647,9,2025-06-04,Completed,2025-06-21,17,77.2,96.2,2,4.1,2.7
4520,60647,7,2025-04-21,Completed,2025-04-25,4,71.4,95.3,1,4.4,3.2
4521,60647,8,2025-11-05,Completed,2025-11-15,10,62.7,87.4,2,4.0,3.8
4522,60648,1,2025-10-09,Completed,2025-10-27,18,88.7,94.1,2,3.0,7.3
4523,60648,2,2025-06-09,Completed,2025-06-23,14,65.5,72.9,1,3.0,7.0
4524,60648,3,2025-10-23,Completed,2025-10-27,4,57.8,70.2,2,3.1,5.8
4525,60648,4,2025-05-22,Completed,2025-05-24,2,66.5,97.2,2,4.7,1.0
4526,60648,5,2025-08-02,Completed,2025-08-10,8,57.6,78.5,1,4.0,1.4
4527,60648,6,2025-09-23,Completed,2025-09-30,7,38.2,48.4,2,4.6,2.9
4528,60648,8,2025-06-29,Completed,2025-07-06,7,59.7,75.9,2,4.0,3.7
4529,60649,1,2025-02-09,Dropped,,,65.1,,1,2.1,2.1
4530,60649,2,2025-03-08,In Progress,,,47.4,,2,1.9,1.8
4531,60649,3,2025-05-12,Completed,2025-05-30,18,57.9,61.2,2,3.6,4.9
4532,60649,4,2025-02-12,Completed,2025-02-13,1,86.8,100.0,2,4.6,1.3
4533,60649,5,2025-05-14,Completed,2025-05-19,5,82.5,97.9,1,4.4,1.9
4534,60649,10,2025-09-13,In Progress,,,55.0,,1,4.0,2.2
4535,60649,8,2025-04-24,Completed,2025-05-05,11,69.0,87.6,1,3.9,4.5
4536,60650,1,2025-10-30,Completed,2025-11-03,4,61.2,62.4,2,2.9,6.8
4537,60650,2,2025-03-09,Not Started,,,46.7,,0,,0.0
4538,60650,3,2025-03-21,Completed,2025-04-11,21,62.9,72.6,1,2.9,5.5
4539,60650,4,2025-01-11,Completed,2025-01-13,2,53.8,64.0,1,4.3,0.9
4540,60650,5,2025-05-11,Completed,2025-05-15,4,41.5,56.5,3,4.1,1.5
4541,60650,8,2025-03-31,In Progress,,,51.2,,1,4.0,2.0
4542,60650,9,2025-01-17,Completed,2025-01-24,7,49.9,62.6,2,3.6,3.6
4543,60651,1,2025-08-24,Completed,2025-09-12,19,56.8,62.6,1,3.3,6.1
4544,60651,2,2025-02-28,Completed,2025-03-21,21,52.6,55.6,2,3.9,7.0
4545,60651,3,2025-11-14,Completed,2025-11-27,13,40.7,52.9,2,3.5,4.6
4546,60651,4,2025-09-05,Completed,2025-09-09,4,50.6,62.6,1,4.7,0.9
4547,60651,5,2025-04-18,Completed,2025-04-25,7,50.0,66.4,1,4.5,1.4
4548,60651,6,2025-08-31,Completed,2025-09-11,11,65.8,71.3,3,3.4,3.4
4549,60651,7,2025-05-13,Completed,2025-05-20,7,61.5,83.2,1,4.2,2.4
4550,60652,1,2025-02-12,Completed,2025-02-22,10,50.5,57.9,3,3.1,6.4
4551,60652,2,2025-06-17,Completed,2025-07-07,20,78.2,91.8,3,3.3,5.8
4552,60652,3,2025-09-23,Completed,2025-10-10,17,37.2,43.7,2,3.5,5.7
4553,60652,4,2025-10-23,Completed,2025-10-25,2,35.1,54.4,1,4.7,1.2
4554,60652,5,2025-02-10,Completed,2025-02-13,3,31.2,50.2,2,4.3,1.4
4555,60652,6,2025-07-26,Completed,2025-08-05,10,53.4,63.3,2,3.8,3.6
4556,60652,8,2025-03-02,Completed,2025-03-10,8,61.1,73.0,2,4.4,4.4
4557,60652,9,2025-11-14,Completed,2025-11-20,6,55.1,66.6,2,4.1,2.6
4558,60653,1,2025-02-20,Completed,2025-03-09,17,79.2,89.1,1,3.2,5.4
4559,60653,2,2025-07-01,In Progress,,,75.4,,1,2.4,3.1
4560,60653,3,2025-08-29,Completed,2025-09-12,14,73.6,86.8,1,3.0,4.3
4561,60653,4,2025-07-11,Completed,2025-07-13,2,79.3,96.8,2,4.2,1.2
4562,60653,5,2025-03-13,Completed,2025-03-14,1,75.5,95.3,1,4.4,1.8
4563,60653,9,2025-05-30,Completed,2025-06-08,9,85.3,100.0,1,3.5,3.7
4564,60653,8,2025-10-06,Completed,2025-10-22,16,69.7,90.6,1,4.4,3.6
4565,60653,10,2025-08-09,Completed,2025-08-12,3,71.3,87.4,2,4.5,5.7
4566,60654,1,2025-07-05,Dropped,,,53.8,,4,2.4,1.7
4567,60654,2,2025-09-19,In Progress,,,61.4,,2,2.7,1.6
4568,60654,3,2025-03-02,Completed,2025-03-11,9,72.8,74.1,1,3.3,5.7
4569,60654,4,2025-07-08,Completed,2025-07-10,2,64.1,93.5,1,3.8,1.1
4570,60654,5,2025-08-29,Completed,2025-09-03,5,74.8,92.8,2,4.6,1.5
4571,60654,6,2025-05-02,Completed,2025-05-15,13,72.5,91.7,2,3.7,2.8
4572,60655,1,2025-04-16,Completed,2025-05-02,16,36.8,33.2,1,3.3,6.3
4573,60655,2,2025-10-04,In Progress,,,50.1,,1,2.8,2.9
4574,60655,3,2025-06-10,Completed,2025-06-20,10,42.2,41.9,2,3.3,3.8
4575,60655,4,2025-09-17,Completed,2025-09-20,3,62.6,78.5,2,4.8,0.9
4576,60655,5,2025-06-11,Completed,2025-06-16,5,31.5,43.0,1,3.8,1.6
4577,60655,8,2025-09-04,Completed,2025-09-19,15,34.1,33.9,2,4.0,4.5
4578,60655,7,2025-09-01,Completed,2025-09-09,8,45.5,57.3,1,3.1,3.1
4579,60656,1,2025-10-01,Completed,2025-10-18,17,61.0,77.4,1,3.0,6.7
4580,60656,2,2025-02-14,In Progress,,,71.5,,2,2.5,3.2
4581,60656,3,2025-09-21,Completed,2025-10-05,14,69.6,82.1,1,3.3,5.6
4582,60656,4,2025-04-20,Completed,2025-04-22,2,69.0,94.6,1,3.8,1.2
4583,60656,5,2025-09-25,Completed,2025-10-01,6,77.9,98.9,1,5.0,1.8
4584,60656,6,2025-01-30,Completed,2025-02-11,12,72.0,93.4,1,3.6,3.6
4585,60656,9,2025-02-23,Completed,2025-03-05,10,73.2,81.6,1,4.2,3.1
4586,60657,1,2025-01-15,Completed,2025-02-02,18,73.3,81.7,2,3.8,6.9
4587,60657,2,2025-01-13,Completed,2025-01-25,12,67.7,74.4,3,2.4,6.9
4588,60657,3,2025-07-10,Completed,2025-07-19,9,57.3,52.4,2,3.9,4.6
4589,60657,4,2025-03-18,Completed,2025-03-20,2,66.0,76.6,2,4.1,1.1
4590,60657,5,2025-05-30,Completed,2025-06-05,6,49.6,67.9,1,4.2,1.9
4591,60657,6,2025-05-17,Completed,2025-05-27,10,56.2,75.3,1,3.9,3.5
4592,60657,10,2025-02-12,Completed,2025-02-27,15,55.6,71.1,1,3.6,6.8
4593,60658,1,2025-03-17,Completed,2025-04-07,21,64.5,63.0,1,4.0,6.1
4594,60658,2,2025-06-15,Completed,2025-07-13,28,35.4,41.2,2,3.2,4.7
4595,60658,3,2025-02-10,Completed,2025-02-20,10,52.8,63.6,3,3.8,5.5
4596,60658,4,2025-03-02,Completed,2025-03-05,3,59.6,76.0,2,4.2,1.3
4597,60658,5,2025-10-12,Completed,2025-10-16,4,59.2,79.5,1,5.0,1.8
4598,60658,7,2025-11-05,Completed,2025-11-12,7,41.5,54.6,1,4.7,2.1
4599,60658,9,2025-02-08,Completed,2025-02-13,5,51.0,71.4,2,3.3,3.4
4600,60659,1,2025-05-24,Completed,2025-06-08,15,55.6,65.4,2,2.7,6.3
4601,60659,2,2025-07-28,Completed,2025-08-13,16,81.2,94.4,2,3.3,6.0
4602,60659,3,2025-09-03,Completed,2025-09-20,17,74.4,75.7,1,2.9,5.4
4603,60659,4,2025-04-06,Completed,2025-04-09,3,50.2,69.3,1,3.7,1.1
4604,60659,5,2025-07-27,Completed,2025-07-29,2,65.6,87.9,1,4.1,1.5
4605,60659,10,2025-04-17,Completed,2025-04-28,11,46.8,72.5,2,4.5,7.3
4606,60659,7,2025-01-09,Completed,2025-01-17,8,59.6,71.9,1,5.0,2.9
4607,60659,6,2025-05-01,Completed,2025-05-02,1,57.6,70.8,4,4.7,3.9
4608,60660,1,2025-07-30,Not Started,,,65.6,,0,,0.0
4609,60660,2,2025-07-01,In Progress,,,54.9,,2,3.2,2.5
4610,60660,3,2025-03-02,In Progress,,,53.4,,1,3.0,2.7
4611,60660,4,2025-09-06,Completed,2025-09-10,4,62.1,80.2,1,4.5,1.2
4612,60660,5,2025-02-08,Completed,2025-02-14,6,38.6,51.9,3,3.9,1.3
4613,60660,6,2025-10-01,Completed,2025-10-13,12,47.1,69.1,2,3.9,3.8
4614,60660,7,2025-04-19,Completed,2025-04-26,7,48.3,63.4,1,4.2,2.9
4615,60660,8,2025-10-08,Completed,2025-10-20,12,56.6,72.0,2,3.7,4.3
4616,60661,1,2025-06-14,Not Started,,,35.7,,0,,0.0
4617,60661,2,2025-06-19,Not Started,,,31.2,,0,,0.0
4618,60661,3,2025-02-05,Dropped,,,34.1,,3,2.0,0.3
4619,60661,4,2025-08-19,Completed,2025-08-21,2,48.0,53.0,2,5.0,1.1
4620,60661,5,2025-04-30,Completed,2025-05-02,2,55.0,60.6,2,4.7,1.9
4621,60661,9,2025-07-05,Completed,2025-07-15,10,45.1,54.5,2,4.3,3.8
4622,60661,7,2025-03-19,Completed,2025-03-29,10,51.7,58.0,1,3.9,2.7
4623,60662,1,2025-04-09,Completed,2025-05-02,23,70.2,80.7,2,2.9,6.0
4624,60662,2,2025-04-17,Completed,2025-04-27,10,78.8,82.5,1,3.2,5.1
4625,60662,3,2025-08-30,Completed,2025-09-11,12,71.5,77.1,2,2.9,5.5
4626,60662,4,2025-10-24,Completed,2025-10-25,1,57.4,80.6,1,4.4,1.2
4627,60662,5,2025-03-24,Completed,2025-03-27,3,56.5,77.4,1,3.8,1.7
4628,60662,7,2025-03-02,Completed,2025-03-10,8,64.5,77.0,2,4.5,2.8
4629,60662,6,2025-04-27,Completed,2025-05-04,7,69.1,92.1,1,3.9,2.8
4630,60663,1,2025-11-04,Not Started,,,63.9,,0,,0.0
4631,60663,2,2025-10-31,Completed,2025-11-16,16,53.1,56.8,2,3.1,6.8
4632,60663,3,2025-01-08,Completed,2025-01-21,13,79.3,84.2,2,3.7,5.6
4633,60663,4,2025-09-27,Completed,2025-10-01,4,51.9,67.4,1,5.0,1.0
4634,60663,5,2025-11-04,Completed,2025-11-09,5,50.5,67.1,1,4.5,1.7
4635,60663,10,2025-09-12,Completed,2025-10-03,21,52.2,61.2,3,4.1,6.9
4636,60663,9,2025-04-22,Completed,2025-04-28,6,62.3,82.5,1,3.7,2.7
4637,60664,1,2025-01-28,Not Started,,,61.9,,0,,0.0
4638,60664,2,2025-08-12,Dropped,,,71.6,,2,1.7,0.4
4639,60664,3,2025-07-09,Completed,2025-07-27,18,62.9,71.0,2,3.1,4.7
4640,60664,4,2025-01-14,Completed,2025-01-17,3,44.3,71.7,1,4.7,1.0
4641,60664,5,2025-07-21,Completed,2025-07-24,3,45.6,55.3,1,4.4,1.5
4642,60664,6,2025-07-07,Completed,2025-07-10,3,60.5,78.8,1,3.6,2.6
4643,60664,9,2025-06-09,In Progress,,,59.4,,2,3.4,1.2
4644,60665,1,2025-06-10,In Progress,,,64.3,,2,2.8,2.8
4645,60665,2,2025-03-04,Completed,2025-03-28,24,71.9,93.2,2,2.0,5.3
4646,60665,3,2025-02-19,Completed,2025-03-01,10,66.6,72.4,1,3.5,4.7
4647,60665,4,2025-07-18,Completed,2025-07-19,1,50.4,71.3,2,4.5,1.2
4648,60665,5,2025-01-27,Completed,2025-01-30,3,69.6,85.3,1,4.8,1.4
4649,60665,6,2025-09-01,Completed,2025-09-12,11,72.8,88.5,1,3.5,2.9
4650,60665,10,2025-09-11,Completed,2025-09-16,5,61.5,91.8,1,4.4,5.8
4651,60665,8,2025-02-15,Completed,2025-03-01,14,68.5,80.8,1,4.2,4.3
4652,60666,1,2025-11-03,Not Started,,,77.9,,0,,0.0
4653,60666,2,2025-08-20,In Progress,,,92.7,,2,2.4,2.8
4654,60666,3,2025-06-25,Completed,2025-07-07,12,76.6,86.1,1,3.5,4.2
4655,60666,4,2025-08-12,Completed,2025-08-15,3,89.8,100.0,1,4.4,1.0
4656,60666,5,2025-06-04,Completed,2025-06-07,3,54.2,70.7,1,4.3,1.3
4657,60666,7,2025-02-02,Completed,2025-02-08,6,78.1,100.0,1,4.0,3.1
4658,60666,9,2025-08-19,Completed,2025-08-31,12,73.4,93.4,1,3.2,3.8
4659,60667,1,2025-09-01,Not Started,,,45.0,,0,,0.0
4660,60667,2,2025-01-06,Not Started,,,38.0,,0,,0.0
4661,60667,3,2025-11-18,Completed,2025-11-29,11,49.2,49.9,3,4.2,5.8
4662,60667,4,2025-06-19,Completed,2025-06-22,3,52.5,62.7,2,4.5,1.2
4663,60667,5,2025-09-08,Completed,2025-09-13,5,55.7,71.7,2,4.4,1.7
4664,60667,10,2025-07-18,Completed,2025-08-07,20,58.7,75.3,2,3.9,6.5
4665,60667,6,2025-08-14,Completed,2025-08-23,9,54.8,60.9,2,3.6,2.8
4666,60668,1,2025-02-27,In Progress,,,55.4,,2,2.9,1.9
4667,60668,2,2025-05-12,In Progress,,,52.1,,3,2.2,1.6
4668,60668,3,2025-05-10,Completed,2025-05-29,19,60.8,62.6,2,2.7,4.6
4669,60668,4,2025-01-25,Completed,2025-01-26,1,54.2,67.5,2,4.1,1.2
4670,60668,5,2025-08-18,Completed,2025-08-22,4,51.8,74.3,3,5.0,1.8
4671,60668,9,2025-05-15,Completed,2025-05-19,4,21.8,29.0,1,3.6,3.1
4672,60668,6,2025-04-01,Completed,2025-04-09,8,68.1,72.9,1,3.8,3.4
4673,60669,1,2025-10-31,Completed,2025-11-24,24,77.3,83.4,2,3.2,5.4
4674,60669,2,2025-05-13,Completed,2025-05-30,17,60.9,73.1,2,3.8,6.6
4675,60669,3,2025-05-10,In Progress,,,59.5,,1,2.7,2.1
4676,60669,4,2025-10-04,Completed,2025-10-08,4,71.6,98.2,1,3.8,1.2
4677,60669,5,2025-01-20,Completed,2025-01-22,2,51.9,78.8,2,4.5,1.3
4678,60669,10,2025-06-11,Completed,2025-07-06,25,60.9,83.4,1,4.2,6.9
4679,60669,7,2025-03-09,Completed,2025-03-16,7,85.8,100.0,2,4.1,3.2
4680,60670,1,2025-02-24,Completed,2025-03-15,19,48.0,57.8,3,3.3,5.9
4681,60670,2,2025-04-07,Completed,2025-05-05,28,72.9,73.7,1,3.5,5.9
4682,60670,3,2025-04-02,In Progress,,,54.0,,2,2.3,1.4
4683,60670,4,2025-08-07,Completed,2025-08-10,3,57.5,68.9,2,4.2,1.1
4684,60670,5,2025-08-05,Completed,2025-08-12,7,45.6,64.1,2,3.9,1.6
4685,60670,6,2025-09-04,Completed,2025-09-15,11,46.4,57.2,2,4.2,2.8
4686,60671,1,2025-05-06,In Progress,,,62.0,,2,3.5,3.9
4687,60671,2,2025-09-12,Completed,2025-09-29,17,56.3,76.6,1,2.7,5.3
4688,60671,3,2025-05-10,Dropped,,,54.4,,2,1.8,0.9
4689,60671,4,2025-06-30,Completed,2025-07-03,3,51.4,65.1,3,4.6,1.0
4690,60671,5,2025-06-13,Completed,2025-06-18,5,48.0,64.0,2,4.7,1.3
4691,60671,6,2025-10-16,Completed,2025-10-26,10,58.3,83.6,2,4.5,3.6
4692,60671,7,2025-06-19,Completed,2025-06-26,7,47.3,59.3,2,4.1,3.1
4693,60672,1,2025-06-16,Dropped,,,78.7,,2,2.6,1.4
4694,60672,2,2025-03-07,In Progress,,,50.5,,1,2.1,2.5
4695,60672,3,2025-11-09,Completed,2025-11-25,16,75.7,85.5,1,3.2,5.8
4696,60672,4,2025-08-04,Completed,2025-08-08,4,65.3,81.0,1,4.5,1.1
4697,60672,5,2025-09-08,Completed,2025-09-13,5,75.7,95.0,2,4.1,1.9
4698,60672,7,2025-03-01,Completed,2025-03-10,9,64.0,70.0,1,3.9,2.2
4699,60673,1,2025-09-13,Completed,2025-10-13,30,49.0,53.0,1,3.8,6.5
4700,60673,2,2025-03-31,In Progress,,,65.9,,2,3.0,2.8
4701,60673,3,2025-06-29,Completed,2025-07-06,7,42.3,57.9,2,3.1,4.6
4702,60673,4,2025-02-02,Completed,2025-02-06,4,84.3,96.1,1,4.8,1.2
4703,60673,5,2025-08-12,Completed,2025-08-18,6,53.2,73.5,1,4.4,1.6
4704,60673,10,2025-11-01,Completed,2025-11-18,17,67.6,76.2,2,4.0,6.0
4705,60673,9,2025-07-18,Completed,2025-07-24,6,74.5,92.4,1,3.6,2.8
4706,60673,6,2025-10-08,Completed,2025-10-22,14,63.1,83.9,1,3.7,2.8
4707,60674,1,2025-09-14,Completed,2025-09-28,14,58.3,71.2,1,3.6,6.1
4708,60674,2,2025-07-17,Completed,2025-08-14,28,58.6,65.5,3,2.6,5.5
4709,60674,3,2025-07-28,In Progress,,,54.6,,3,2.2,1.4
4710,60674,4,2025-05-14,Completed,2025-05-17,3,63.6,83.7,2,4.8,0.9
4711,60674,5,2025-10-23,Completed,2025-10-27,4,61.4,81.0,2,4.6,1.6
4712,60674,6,2025-10-15,Completed,2025-10-21,6,51.8,59.1,2,3.9,2.9
4713,60674,9,2025-01-25,Completed,2025-01-30,5,59.4,72.2,1,3.2,2.6
4714,60674,10,2025-05-28,In Progress,,,46.8,,3,3.2,3.6
4715,60675,1,2025-02-27,Completed,2025-03-15,16,57.7,66.5,2,3.4,7.7
4716,60675,2,2025-09-02,Completed,2025-09-18,16,59.8,64.5,1,3.0,6.7
4717,60675,3,2025-02-02,Completed,2025-02-26,24,48.3,55.3,1,4.2,4.4
4718,60675,4,2025-04-15,Completed,2025-04-17,2,67.3,85.1,1,5.0,1.0
4719,60675,5,2025-02-19,Completed,2025-02-23,4,63.8,79.4,2,4.5,1.9
4720,60675,10,2025-03-17,Completed,2025-04-13,27,66.4,73.6,1,4.6,6.7
4721,60675,9,2025-07-29,Completed,2025-08-09,11,52.3,59.5,1,3.5,3.2
4722,60676,1,2025-01-26,Completed,2025-02-02,7,72.7,79.2,2,3.6,6.9
4723,60676,2,2025-03-24,Completed,2025-04-06,13,29.2,40.3,2,2.6,6.6
4724,60676,3,2025-10-05,Completed,2025-10-29,24,51.4,56.2,1,3.0,4.1
4725,60676,4,2025-11-17,Completed,2025-11-19,2,54.2,69.0,2,4.3,1.2
4726,60676,5,2025-03-21,Completed,2025-03-26,5,50.7,72.0,1,3.9,1.5
4727,60676,6,2025-05-20,Completed,2025-05-26,6,55.9,64.4,1,3.9,3.6
4728,60676,7,2025-08-10,Completed,2025-08-14,4,43.7,53.4,2,3.8,2.7
4729,60676,10,2025-09-23,Dropped,,,70.4,,3,3.2,2.1
4730,60677,1,2025-08-30,Dropped,,,64.9,,1,2.4,1.9
4731,60677,2,2025-11-16,In Progress,,,55.8,,2,3.2,3.0
4732,60677,3,2025-04-13,In Progress,,,58.0,,2,2.1,1.3
4733,60677,4,2025-10-31,Completed,2025-11-05,5,39.7,64.6,1,4.0,1.2
4734,60677,5,2025-05-22,Completed,2025-05-24,2,49.0,57.6,2,4.2,1.7
4735,60677,10,2025-05-15,Completed,2025-06-07,23,51.8,75.3,1,3.9,6.6
4736,60678,1,2025-04-17,Not Started,,,74.9,,0,,0.0
4737,60678,2,2025-05-31,In Progress,,,74.9,,2,2.7,2.4
4738,60678,3,2025-05-03,Not Started,,,73.9,,0,,0.0
4739,60678,4,2025-08-16,Completed,2025-08-20,4,78.5,91.7,1,3.9,1.0
4740,60678,5,2025-06-21,Completed,2025-06-23,2,64.9,80.2,1,4.4,1.9
4741,60678,9,2025-07-29,Completed,2025-08-07,9,63.2,81.4,2,3.9,3.2
4742,60679,1,2025-02-22,Completed,2025-03-15,21,52.0,59.6,3,3.3,7.1
4743,60679,2,2025-03-17,Completed,2025-03-30,13,67.9,77.7,2,2.8,5.8
4744,60679,3,2025-06-22,Completed,2025-07-05,13,83.3,86.7,1,3.3,5.6
4745,60679,4,2025-08-17,Completed,2025-08-18,1,55.3,63.9,1,4.4,1.3
4746,60679,5,2025-04-15,Completed,2025-04-17,2,54.9,83.9,1,4.9,1.8
4747,60679,9,2025-02-11,Completed,2025-02-21,10,65.1,78.2,1,3.8,3.6
4748,60679,10,2025-09-12,In Progress,,,60.5,,2,3.4,3.1
4749,60680,1,2025-03-02,Completed,2025-03-27,25,50.8,59.3,2,3.1,7.5
4750,60680,2,2025-05-25,Completed,2025-06-10,16,63.2,74.4,1,3.7,7.1
4751,60680,3,2025-07-24,Not Started,,,77.4,,0,,0.0
4752,60680,4,2025-06-18,Completed,2025-06-21,3,82.9,96.3,1,4.1,1.0
4753,60680,5,2025-01-17,Completed,2025-01-23,6,59.2,78.7,1,4.7,1.5
4754,60680,7,2025-02-02,Completed,2025-02-08,6,84.6,99.6,1,4.5,3.1
4755,60681,1,2025-10-08,Completed,2025-10-27,19,72.7,76.9,2,3.6,6.4
4756,60681,2,2025-05-21,Not Started,,,84.1,,0,,0.0
4757,60681,3,2025-03-14,Completed,2025-03-31,17,80.2,94.4,2,2.9,4.0
4758,60681,4,2025-08-07,Completed,2025-08-09,2,85.5,100.0,2,4.5,0.9
4759,60681,5,2025-07-10,Completed,2025-07-12,2,83.8,100.0,1,4.6,1.8
4760,60681,8,2025-06-14,Completed,2025-06-25,11,61.8,76.1,2,4.4,4.7
4761,60682,1,2025-06-06,In Progress,,,65.0,,2,2.5,1.6
4762,60682,2,2025-08-10,In Progress,,,44.4,,2,2.1,3.2
4763,60682,3,2025-03-18,Completed,2025-03-23,5,61.2,67.7,3,3.4,4.5
4764,60682,4,2025-06-05,Completed,2025-06-08,3,59.7,97.3,1,4.2,1.1
4765,60682,5,2025-02-14,Completed,2025-02-19,5,61.1,76.7,1,5.0,1.5
4766,60682,10,2025-11-02,Dropped,,,78.7,,2,2.7,0.8
4767,60682,6,2025-01-28,Completed,2025-01-31,3,72.6,88.3,3,4.1,3.6
4768,60683,1,2025-06-09,Dropped,,,61.8,,1,1.6,1.1
4769,60683,2,2025-02-16,Completed,2025-03-20,32,53.1,66.4,3,2.8,5.9
4770,60683,3,2025-06-29,Completed,2025-07-13,14,74.9,85.7,1,2.6,5.6
4771,60683,4,2025-07-19,Completed,2025-07-20,1,70.3,85.1,2,4.2,1.3
4772,60683,5,2025-02-06,Completed,2025-02-10,4,52.6,80.8,1,5.0,1.8
4773,60683,9,2025-02-02,Completed,2025-02-10,8,62.3,71.3,1,3.5,2.8
4774,60683,7,2025-11-18,Completed,2025-11-29,11,55.0,85.1,2,4.1,2.2
4775,60683,6,2025-02-13,Completed,2025-02-26,13,65.1,81.0,2,3.5,2.7
4776,60684,1,2025-09-18,Not Started,,,72.2,,0,,0.0
4777,60684,2,2025-01-14,Not Started,,,54.6,,0,,0.0
4778,60684,3,2025-04-11,Not Started,,,70.9,,0,,0.0
4779,60684,4,2025-04-11,Completed,2025-04-14,3,83.3,100.0,1,4.9,1.2
4780,60684,5,2025-02-24,Completed,2025-03-04,8,60.6,82.0,2,4.2,1.8
4781,60684,6,2025-07-07,Completed,2025-07-14,7,69.6,96.1,1,4.2,3.2
4782,60684,9,2025-01-11,Completed,2025-01-17,6,76.9,95.4,1,3.7,3.7
4783,60685,1,2025-01-31,Completed,2025-02-15,15,55.7,51.9,1,3.5,6.4
4784,60685,2,2025-04-07,Completed,2025-04-24,17,55.2,66.4,2,2.8,5.8
4785,60685,3,2025-06-29,Completed,2025-07-14,15,50.0,56.7,1,3.6,5.0
4786,60685,4,2025-02-22,Completed,2025-02-26,4,56.2,79.0,2,5.0,0.9
4787,60685,5,2025-01-26,Completed,2025-01-31,5,59.3,73.7,2,4.5,1.9
4788,60685,8,2025-03-31,Completed,2025-04-10,10,41.5,52.2,3,3.7,4.8
4789,60686,1,2025-07-02,Not Started,,,65.4,,0,,0.0
4790,60686,2,2025-05-01,Not Started,,,62.6,,0,,0.0
4791,60686,3,2025-09-29,In Progress,,,79.4,,2,2.5,2.9
4792,60686,4,2025-11-19,In Progress,,,74.6,,1,4.4,0.7
4793,60686,5,2025-02-22,Completed,2025-02-26,4,68.6,90.9,1,4.9,1.3
4794,60686,7,2025-08-31,Completed,2025-09-08,8,43.9,64.0,1,3.3,3.0
4795,60687,1,2025-05-27,In Progress,,,42.4,,2,2.6,3.5
4796,60687,2,2025-04-23,In Progress,,,45.7,,3,2.7,3.2
4797,60687,3,2025-05-06,Not Started,,,51.9,,0,,0.0
4798,60687,4,2025-08-02,Completed,2025-08-04,2,53.4,75.5,1,4.9,0.9
4799,60687,5,2025-08-29,Completed,2025-08-30,1,53.8,69.6,1,4.3,1.7
4800,60687,8,2025-08-10,Completed,2025-08-28,18,50.0,61.8,2,4.2,4.4
4801,60687,7,2025-09-06,In Progress,,,62.1,,2,4.0,1.0
4802,60688,1,2025-03-24,Completed,2025-04-12,19,41.8,41.1,2,3.0,7.6
4803,60688,2,2025-03-17,Not Started,,,77.8,,0,,0.0
4804,60688,3,2025-10-31,Completed,2025-11-10,10,58.5,70.3,2,2.5,4.3
4805,60688,4,2025-10-06,Completed,2025-10-12,6,66.4,85.8,1,3.9,1.1
4806,60688,5,2025-06-15,Completed,2025-06-18,3,60.3,77.6,1,4.1,1.4
4807,60688,9,2025-06-01,Completed,2025-06-06,5,60.2,77.9,1,3.5,3.1
4808,60688,6,2025-03-17,Completed,2025-03-30,13,51.5,70.1,1,4.6,3.6
4809,60689,1,2025-09-28,Completed,2025-10-27,29,73.6,83.2,2,2.8,6.3
4810,60689,2,2025-03-04,Completed,2025-03-19,15,60.3,65.1,3,3.9,6.6
4811,60689,3,2025-09-29,Completed,2025-10-16,17,67.6,79.4,2,3.0,5.7
4812,60689,4,2025-06-04,Completed,2025-06-08,4,69.3,87.2,1,3.9,0.9
4813,60689,5,2025-05-24,Completed,2025-05-28,4,54.7,72.5,1,4.9,1.4
4814,60689,10,2025-04-30,Dropped,,,54.9,,3,2.7,0.6
4815,60689,8,2025-03-11,Completed,2025-03-15,4,58.2,63.2,2,3.5,3.6
4816,60689,7,2025-08-10,Completed,2025-08-21,11,51.8,65.2,1,4.4,2.5
4817,60690,1,2025-05-20,Completed,2025-06-06,17,67.9,71.4,1,3.2,6.5
4818,60690,2,2025-02-16,In Progress,,,53.0,,2,2.0,3.1
4819,60690,3,2025-11-14,Completed,2025-11-25,11,83.1,88.9,1,2.9,5.7
4820,60690,4,2025-09-21,Completed,2025-09-24,3,61.9,80.7,1,5.0,1.0
4821,60690,5,2025-10-18,Completed,2025-10-25,7,66.6,91.8,1,4.3,1.7
4822,60690,8,2025-03-03,Not Started,,,80.8,,0,,0.0
4823,60691,1,2025-05-05,Completed,2025-05-27,22,46.9,52.2,2,3.5,6.5
4824,60691,2,2025-09-28,Completed,2025-10-18,20,71.0,73.1,3,2.4,7.0
4825,60691,3,2025-05-06,Completed,2025-05-24,18,44.1,40.9,3,3.5,4.1
4826,60691,4,2025-05-21,Completed,2025-05-24,3,41.6,47.7,2,4.6,1.0
4827,60691,5,2025-01-06,Completed,2025-01-10,4,43.3,64.6,1,4.7,1.8
4828,60691,8,2025-03-12,Completed,2025-03-23,11,45.6,62.7,3,3.9,3.5
4829,60691,7,2025-03-21,Completed,2025-03-26,5,55.7,73.9,3,3.7,2.8
4830,60691,6,2025-07-08,Completed,2025-07-19,11,38.5,40.6,2,4.2,3.6
4831,60692,1,2025-10-07,Completed,2025-10-31,24,42.6,36.7,1,3.4,5.2
4832,60692,2,2025-01-14,In Progress,,,69.4,,2,2.5,1.9
4833,60692,3,2025-01-07,Completed,2025-01-22,15,34.0,36.6,2,3.6,5.4
4834,60692,4,2025-06-27,Completed,2025-06-30,3,56.5,68.3,2,4.1,1.2
4835,60692,5,2025-01-23,Completed,2025-01-29,6,45.0,58.0,1,4.8,1.6
4836,60692,10,2025-05-16,Dropped,,,38.7,,2,3.0,0.7
4837,60692,9,2025-06-27,Completed,2025-07-06,9,48.7,61.0,1,4.2,3.9
4838,60692,8,2025-10-11,In Progress,,,57.7,,2,2.7,2.0
4839,60693,1,2025-01-26,Completed,2025-02-12,17,72.6,82.4,2,3.8,7.0
4840,60693,2,2025-04-26,Completed,2025-05-17,21,71.0,89.2,1,3.1,6.5
4841,60693,3,2025-05-24,Completed,2025-06-09,16,68.5,78.4,1,2.9,5.8
4842,60693,4,2025-04-17,Completed,2025-04-22,5,72.5,91.9,1,4.9,0.9
4843,60693,5,2025-03-24,Completed,2025-03-27,3,88.1,100.0,3,5.0,1.8
4844,60693,9,2025-06-25,Completed,2025-07-06,11,60.9,83.0,1,4.5,2.8
4845,60694,1,2025-03-08,Completed,2025-03-13,5,60.1,70.0,1,3.6,5.9
4846,60694,2,2025-07-30,Completed,2025-08-14,15,32.4,36.0,2,4.1,4.8
4847,60694,3,2025-03-24,Completed,2025-04-12,19,53.1,56.2,2,2.9,4.4
4848,60694,4,2025-01-11,Completed,2025-01-12,1,64.4,73.9,2,4.7,1.0
4849,60694,5,2025-08-21,Completed,2025-08-28,7,44.8,59.6,3,4.3,1.5
4850,60694,10,2025-08-04,Completed,2025-08-27,23,55.4,70.1,2,4.8,5.7
4851,60694,6,2025-10-26,Completed,2025-11-04,9,53.6,61.1,3,4.4,2.6
4852,60695,1,2025-11-17,Completed,2025-12-03,16,54.4,55.6,2,3.5,5.3
4853,60695,2,2025-05-25,In Progress,,,50.2,,2,3.1,2.4
4854,60695,3,2025-02-06,Completed,2025-02-24,18,50.1,60.4,3,2.8,4.0
4855,60695,4,2025-02-09,Completed,2025-02-10,1,51.0,75.2,2,4.7,1.0
4856,60695,5,2025-05-08,Completed,2025-05-13,5,51.5,74.1,1,3.9,1.9
4857,60695,6,2025-02-28,Not Started,,,55.6,,0,,0.0
4858,60695,9,2025-04-23,Completed,2025-04-28,5,40.6,51.6,2,3.4,3.7
4859,60696,1,2025-01-17,In Progress,,,53.4,,2,3.0,3.3
4860,60696,2,2025-04-12,Not Started,,,44.0,,0,,0.0
4861,60696,3,2025-05-14,Completed,2025-05-21,7,80.0,82.4,2,3.0,4.8
4862,60696,4,2025-08-12,Completed,2025-08-15,3,47.5,63.8,1,4.5,1.1
4863,60696,5,2025-11-13,Completed,2025-11-15,2,60.3,84.2,1,4.8,1.7
4864,60696,9,2025-01-23,Completed,2025-01-31,8,51.9,66.8,2,3.5,2.9
4865,60697,1,2025-05-18,Completed,2025-05-31,13,57.3,62.7,3,2.8,5.7
4866,60697,2,2025-02-04,Completed,2025-02-19,15,59.8,65.1,2,3.4,6.8
4867,60697,3,2025-10-07,In Progress,,,47.0,,2,2.6,2.1
4868,60697,4,2025-08-06,Completed,2025-08-09,3,48.9,70.2,3,4.0,0.9
4869,60697,5,2025-07-08,Completed,2025-07-15,7,55.3,75.2,1,4.4,1.8
4870,60697,10,2025-04-07,Completed,2025-04-27,20,55.8,69.7,1,4.5,6.9
4871,60697,9,2025-10-05,Completed,2025-10-13,8,51.3,72.7,3,4.0,2.7
4872,60697,7,2025-04-29,Completed,2025-05-07,8,53.1,68.1,2,4.1,3.1
4873,60698,1,2025-04-23,Completed,2025-05-10,17,36.1,42.0,2,2.9,7.1
4874,60698,2,2025-04-21,In Progress,,,54.9,,2,3.0,2.8
4875,60698,3,2025-03-18,In Progress,,,33.5,,2,2.7,1.3
4876,60698,4,2025-10-02,Completed,2025-10-06,4,54.0,76.4,2,4.3,1.1
4877,60698,5,2025-10-13,Completed,2025-10-21,8,52.5,68.9,1,4.7,1.7
4878,60698,9,2025-09-15,Completed,2025-09-24,9,50.3,66.3,1,3.2,3.1
4879,60698,8,2025-02-11,Completed,2025-02-18,7,34.6,43.9,2,3.7,3.5
4880,60698,6,2025-09-29,Completed,2025-10-12,13,36.8,52.9,3,3.3,2.7
4881,60699,1,2025-07-20,Completed,2025-08-05,16,62.5,70.3,2,3.3,6.6
4882,60699,2,2025-05-29,Completed,2025-06-14,16,74.1,77.7,1,3.1,5.9
4883,60699,3,2025-11-15,Completed,2025-11-25,10,66.0,66.0,1,4.4,4.3
4884,60699,4,2025-06-14,Completed,2025-06-17,3,69.1,86.8,1,4.8,1.2
4885,60699,5,2025-10-21,Completed,2025-10-25,4,58.1,81.1,1,4.3,1.4
4886,60699,9,2025-05-01,Completed,2025-05-15,14,69.1,95.2,2,4.0,3.2
4887,60699,7,2025-06-15,Completed,2025-06-27,12,53.6,74.7,1,3.9,2.8
4888,60700,1,2025-01-21,Completed,2025-01-27,6,68.2,76.6,2,3.1,5.5
4889,60700,2,2025-10-08,In Progress,,,68.9,,2,2.8,3.8
4890,60700,3,2025-04-23,Not Started,,,51.0,,0,,0.0
4891,60700,4,2025-08-12,Completed,2025-08-15,3,56.7,76.7,1,4.1,1.2
4892,60700,5,2025-07-05,Completed,2025-07-09,4,69.7,88.6,1,5.0,1.3
4893,60700,9,2025-09-14,Completed,2025-09-19,5,57.2,74.4,3,4.3,3.5
4894,60700,7,2025-09-02,Completed,2025-09-06,4,73.2,92.4,2,3.7,2.6
4895,60700,6,2025-03-26,Completed,2025-03-28,2,75.1,93.3,2,3.7,3.2
4896,60701,1,2025-09-28,Completed,2025-10-30,32,73.2,89.3,2,3.7,6.7
4897,60701,2,2025-06-07,Dropped,,,64.4,,2,2.1,0.4
4898,60701,3,2025-09-13,Completed,2025-09-23,10,60.3,75.8,2,3.1,5.0
4899,60701,4,2025-08-27,Completed,2025-08-29,2,68.0,83.3,2,4.7,1.2
4900,60701,5,2025-04-18,Completed,2025-04-24,6,71.3,93.0,1,4.4,1.5
4901,60701,7,2025-10-07,Completed,2025-10-13,6,67.0,73.4,1,3.6,2.8
4902,60702,1,2025-04-09,In Progress,,,63.4,,3,2.6,4.1
4903,60702,2,2025-05-13,Not Started,,,54.4,,0,,0.0
4904,60702,3,2025-03-03,Completed,2025-03-14,11,64.1,62.6,1,2.5,4.3
4905,60702,4,2025-03-15,Completed,2025-03-19,4,52.9,65.9,3,4.8,1.2
4906,60702,5,2025-04-08,Completed,2025-04-12,4,69.8,81.9,1,3.9,1.4
4907,60702,8,2025-07-16,Completed,2025-07-22,6,49.1,68.8,2,3.7,4.3
4908,60703,1,2025-05-22,Completed,2025-06-10,19,61.1,62.2,3,2.7,5.4
4909,60703,2,2025-05-21,Completed,2025-06-01,11,51.8,57.0,2,3.2,7.1
4910,60703,3,2025-06-23,Completed,2025-07-09,16,41.7,49.7,1,3.6,4.4
4911,60703,4,2025-03-09,Completed,2025-03-12,3,57.8,69.9,2,4.1,1.1
4912,60703,5,2025-10-20,Completed,2025-10-27,7,70.9,84.9,1,4.6,1.3
4913,60703,8,2025-07-06,Completed,2025-07-18,12,57.3,75.5,4,3.8,4.5
4914,60703,6,2025-02-10,In Progress,,,42.8,,2,3.7,0.8
4915,60704,1,2025-03-26,Completed,2025-04-27,32,83.2,94.7,2,3.2,7.4
4916,60704,2,2025-10-07,Completed,2025-10-08,1,75.9,86.0,1,3.2,4.9
4917,60704,3,2025-09-25,Completed,2025-10-14,19,61.6,79.3,2,3.4,5.1
4918,60704,4,2025-06-01,Completed,2025-06-04,3,64.8,79.3,1,4.0,1.3
4919,60704,5,2025-01-22,Completed,2025-01-29,7,57.5,70.4,1,4.1,1.6
4920,60704,6,2025-08-10,Completed,2025-08-15,5,60.5,77.4,1,3.4,3.8
4921,60704,9,2025-04-23,Completed,2025-04-30,7,62.4,67.9,1,3.8,2.7
4922,60705,1,2025-08-06,Completed,2025-08-19,13,82.0,100.0,1,2.7,5.7
4923,60705,2,2025-01-18,In Progress,,,60.7,,2,2.3,3.4
4924,60705,3,2025-03-15,Completed,2025-03-23,8,71.0,78.5,2,3.5,4.4
4925,60705,4,2025-07-23,Completed,2025-07-27,4,80.2,100.0,1,4.6,1.3
4926,60705,5,2025-03-30,Completed,2025-04-04,5,69.9,92.4,1,4.2,1.8
4927,60705,7,2025-11-03,Completed,2025-11-09,6,62.1,74.2,1,4.8,2.8
4928,60705,6,2025-10-21,Completed,2025-11-01,11,78.6,97.7,2,4.2,2.7
4929,60705,9,2025-01-20,Completed,2025-01-31,11,70.0,82.7,2,3.3,3.2
4930,60706,1,2025-03-24,In Progress,,,82.2,,1,3.4,3.1
4931,60706,2,2025-07-17,Completed,2025-08-07,21,69.6,73.9,2,3.3,5.1
4932,60706,3,2025-01-28,In Progress,,,66.7,,2,2.9,1.5
4933,60706,4,2025-11-18,Completed,2025-11-20,2,66.8,87.1,1,5.0,0.9
4934,60706,5,2025-01-27,Completed,2025-01-29,2,64.2,85.6,1,4.5,1.4
4935,60706,10,2025-01-20,Completed,2025-02-01,12,66.8,89.8,1,4.2,6.7
4936,60707,1,2025-06-19,Completed,2025-07-04,15,40.9,38.5,2,3.1,6.7
4937,60707,2,2025-04-25,Completed,2025-05-19,24,37.6,31.4,1,3.1,6.3
4938,60707,3,2025-08-13,Completed,2025-08-26,13,53.3,46.9,2,3.2,5.6
4939,60707,4,2025-10-07,Completed,2025-10-10,3,34.2,48.3,1,3.9,1.0
4940,60707,5,2025-03-30,Completed,2025-04-02,3,60.6,76.9,1,4.4,1.3
4941,60707,10,2025-08-10,In Progress,,,36.9,,2,3.6,2.9
4942,60708,1,2025-10-24,Completed,2025-11-25,32,52.6,60.3,2,3.7,5.6
4943,60708,2,2025-07-08,Completed,2025-07-23,15,36.8,38.4,1,3.1,7.1
4944,60708,3,2025-04-20,Completed,2025-05-02,12,58.6,66.6,2,3.5,5.7
4945,60708,4,2025-02-07,Completed,2025-02-10,3,66.1,84.4,2,4.7,1.2
4946,60708,5,2025-07-10,Completed,2025-07-16,6,60.0,76.2,1,4.2,1.9
4947,60708,7,2025-10-16,Completed,2025-10-19,3,45.8,53.1,2,4.1,2.6
4948,60709,1,2025-09-19,Completed,2025-10-12,23,52.3,63.5,1,3.4,6.5
4949,60709,2,2025-01-26,Completed,2025-02-14,19,42.5,42.2,1,3.6,5.2
4950,60709,3,2025-03-24,Completed,2025-04-04,11,58.6,70.7,2,3.3,4.6
4951,60709,4,2025-01-28,Completed,2025-02-02,5,42.6,52.4,1,4.6,1.1
4952,60709,5,2025-08-10,Completed,2025-08-16,6,47.3,68.1,2,4.4,1.9
4953,60709,7,2025-05-21,Completed,2025-06-01,11,67.2,80.6,1,3.7,3.1
4954,60710,1,2025-05-09,Completed,2025-05-21,12,56.6,59.5,2,3.2,5.2
4955,60710,2,2025-04-30,Completed,2025-05-10,10,51.6,53.5,2,3.2,6.0
4956,60710,3,2025-10-13,In Progress,,,42.9,,1,2.8,2.2
4957,60710,4,2025-06-03,Completed,2025-06-07,4,53.5,66.7,2,4.8,1.2
4958,60710,5,2025-04-13,Completed,2025-04-17,4,47.0,65.6,1,5.0,1.6
4959,60710,8,2025-01-18,Completed,2025-01-25,7,57.7,63.0,2,4.4,5.0
4960,60710,6,2025-01-07,Completed,2025-01-16,9,62.1,80.2,1,4.0,3.2
4961,60711,1,2025-07-09,Completed,2025-07-27,18,42.6,48.8,1,2.9,7.7
4962,60711,2,2025-05-26,Dropped,,,55.9,,2,1.4,2.1
4963,60711,3,2025-10-19,Completed,2025-11-10,22,71.2,72.8,3,3.7,5.3
4964,60711,4,2025-04-16,Completed,2025-04-18,2,67.4,81.7,2,5.0,1.0
4965,60711,5,2025-09-04,Completed,2025-09-10,6,47.6,63.9,1,3.6,1.4
4966,60711,10,2025-10-21,Completed,2025-10-29,8,80.8,97.4,1,5.0,5.8
4967,60712,1,2025-08-14,Completed,2025-09-12,29,85.2,93.0,1,2.9,6.4
4968,60712,2,2025-10-11,Completed,2025-10-22,11,79.3,85.8,1,3.3,5.9
4969,60712,3,2025-05-28,Completed,2025-06-13,16,64.2,63.0,1,2.7,5.2
4970,60712,4,2025-06-26,Completed,2025-06-30,4,67.8,89.0,2,5.0,1.1
4971,60712,5,2025-04-02,Completed,2025-04-05,3,72.7,93.3,1,4.3,1.4
4972,60712,9,2025-04-21,Completed,2025-04-28,7,62.2,79.2,1,4.1,3.2
4973,60712,10,2025-10-07,Completed,2025-10-25,18,42.6,58.9,2,4.0,6.2
4974,60713,1,2025-03-05,Completed,2025-03-23,18,74.3,81.5,2,3.2,5.9
4975,60713,2,2025-08-19,Completed,2025-09-11,23,72.5,92.0,1,3.5,5.7
4976,60713,3,2025-05-10,Completed,2025-05-22,12,60.2,67.2,1,3.7,4.1
4977,60713,4,2025-04-27,Completed,2025-04-29,2,40.5,50.9,1,4.5,1.2
4978,60713,5,2025-02-17,Completed,2025-02-22,5,54.4,78.8,2,3.9,1.6
4979,60713,10,2025-07-01,Not Started,,,61.2,,0,,0.0
4980,60713,8,2025-05-06,Completed,2025-05-22,16,66.0,87.8,2,3.8,3.8
4981,60713,9,2025-05-24,Completed,2025-05-31,7,54.8,72.5,1,3.3,3.8
4982,60714,1,2025-01-10,Completed,2025-02-07,28,70.0,72.4,1,3.7,7.6
4983,60714,2,2025-09-08,Completed,2025-09-28,20,68.8,77.6,1,2.7,6.3
4984,60714,3,2025-06-16,Completed,2025-06-26,10,63.1,77.1,1,4.6,4.2
4985,60714,4,2025-04-14,Completed,2025-04-16,2,55.2,83.5,1,4.9,1.0
4986,60714,5,2025-06-03,Completed,2025-06-09,6,76.7,100.0,1,4.9,1.7
4987,60714,7,2025-09-04,Completed,2025-09-10,6,66.5,90.7,3,3.8,2.9
4988,60714,8,2025-01-13,Completed,2025-01-25,12,70.0,93.5,1,4.0,3.5
4989,60715,1,2025-03-29,Completed,2025-04-16,18,47.2,59.1,2,3.7,7.7
4990,60715,2,2025-07-04,Completed,2025-07-21,17,37.7,47.9,1,3.2,6.0
4991,60715,3,2025-10-26,In Progress,,,55.0,,1,2.4,2.9
4992,60715,4,2025-02-25,Completed,2025-02-28,3,43.1,63.1,2,4.4,1.3
4993,60715,5,2025-01-17,Completed,2025-01-22,5,52.9,66.3,1,5.0,1.7
4994,60715,8,2025-05-18,Completed,2025-05-27,9,49.0,67.3,1,4.3,4.0
4995,60715,10,2025-04-14,In Progress,,,59.1,,2,3.8,2.0
4996,60716,1,2025-07-30,Not Started,,,83.0,,0,,0.0
4997,60716,2,2025-06-16,In Progress,,,65.1,,2,2.3,3.4
4998,60716,3,2025-06-29,Not Started,,,33.8,,0,,0.0
4999,60716,4,2025-07-31,Completed,2025-08-02,2,67.1,92.4,1,3.7,1.1
5000,60716,5,2025-06-19,Completed,2025-06-25,6,60.4,79.7,1,4.8,1.5
5001,60716,8,2025-08-20,Completed,2025-09-01,12,52.3,69.3,1,3.9,4.3
5002,60716,9,2025-04-13,Completed,2025-04-25,12,68.8,91.3,1,3.2,2.8
5003,60716,7,2025-09-17,Completed,2025-09-24,7,48.3,62.9,1,4.5,2.2
5004,60717,1,2025-07-27,Completed,2025-08-19,23,47.2,48.4,3,2.7,5.7
5005,60717,2,2025-10-08,Completed,2025-11-04,27,57.2,68.9,2,2.9,5.0
5006,60717,3,2025-05-18,Completed,2025-06-03,16,33.0,36.5,2,2.5,5.3
5007,60717,4,2025-10-24,In Progress,,,47.7,,2,4.0,0.3
5008,60717,5,2025-07-28,Completed,2025-07-31,3,28.5,39.5,1,5.0,1.7
5009,60717,6,2025-11-11,Completed,2025-11-18,7,40.7,54.3,3,3.7,3.7
5010,60718,1,2025-02-11,Not Started,,,44.1,,0,,0.0
5011,60718,2,2025-04-09,In Progress,,,39.2,,3,3.0,2.6
5012,60718,3,2025-04-16,Dropped,,,61.5,,2,1.3,1.4
5013,60718,4,2025-04-22,Completed,2025-04-23,1,55.4,79.5,2,4.5,1.2
5014,60718,5,2025-09-07,Completed,2025-09-12,5,64.2,83.0,2,4.7,1.7
5015,60718,9,2025-03-18,Dropped,,,60.0,,2,1.6,1.0
5016,60718,6,2025-11-16,Completed,2025-11-24,8,47.6,63.6,1,3.9,2.8
5017,60719,1,2025-10-19,Completed,2025-11-18,30,64.1,78.3,2,3.1,5.5
5018,60719,2,2025-07-28,Not Started,,,66.2,,0,,0.0
5019,60719,3,2025-04-17,Dropped,,,56.6,,2,1.4,1.0
5020,60719,4,2025-10-04,Completed,2025-10-05,1,63.6,80.9,1,4.0,1.0
5021,60719,5,2025-01-08,Completed,2025-01-09,1,68.0,91.9,1,4.7,1.8
5022,60719,9,2025-04-09,In Progress,,,92.4,,2,2.3,1.2
5023,60719,8,2025-04-25,Not Started,,,70.8,,0,,0.0
5024,60720,1,2025-08-05,Completed,2025-08-31,26,35.0,36.1,2,2.7,5.7
5025,60720,2,2025-07-10,Completed,2025-07-13,3,50.6,51.4,2,3.9,5.6
5026,60720,3,2025-01-11,Completed,2025-01-22,11,53.2,60.7,2,3.6,4.8
5027,60720,4,2025-04-30,Dropped,,,36.8,,3,3.3,0.3
5028,60720,5,2025-09-24,Completed,2025-09-28,4,35.8,39.1,1,4.3,1.4
5029,60720,7,2025-01-19,Completed,2025-01-30,11,45.5,60.0,2,4.5,2.2
5030,60721,1,2025-08-05,In Progress,,,74.8,,2,2.9,1.9
5031,60721,2,2025-05-10,In Progress,,,50.9,,3,1.8,3.6
5032,60721,3,2025-03-09,In Progress,,,66.2,,1,2.8,2.7
5033,60721,4,2025-05-23,Completed,2025-05-26,3,64.7,82.1,1,4.5,0.9
5034,60721,5,2025-04-19,Completed,2025-04-25,6,70.3,94.2,1,3.6,1.4
5035,60721,6,2025-03-11,Completed,2025-03-20,9,50.7,67.4,1,4.5,3.8
5036,60721,9,2025-07-17,Completed,2025-08-02,16,56.8,77.7,2,4.0,3.3
5037,60722,1,2025-03-05,Completed,2025-03-26,21,50.9,65.9,1,2.9,6.6
5038,60722,2,2025-03-05,Not Started,,,42.1,,0,,0.0
5039,60722,3,2025-03-02,Completed,2025-03-19,17,47.1,54.3,2,3.6,4.9
5040,60722,4,2025-01-28,Completed,2025-01-31,3,57.9,64.3,1,4.6,1.1
5041,60722,5,2025-10-04,Completed,2025-10-08,4,58.1,77.7,1,4.4,1.8
5042,60722,10,2025-09-01,Completed,2025-09-27,26,49.5,66.4,2,4.9,6.2
5043,60722,9,2025-02-01,Completed,2025-02-04,3,42.3,61.2,1,3.7,2.8
5044,60723,1,2025-09-06,In Progress,,,45.8,,1,2.4,1.7
5045,60723,2,2025-11-05,Completed,2025-11-14,9,69.9,78.3,1,3.7,5.9
5046,60723,3,2025-06-30,Completed,2025-07-10,10,59.7,70.2,1,3.2,5.5
5047,60723,4,2025-06-19,Completed,2025-06-21,2,58.4,85.1,1,4.3,1.2
5048,60723,5,2025-04-11,Completed,2025-04-14,3,58.4,75.0,1,4.2,1.4
5049,60723,9,2025-07-24,Completed,2025-08-01,8,58.1,74.4,1,3.8,3.0
5050,60723,8,2025-11-16,Completed,2025-11-29,13,61.2,78.3,2,3.3,5.1
5051,60724,1,2025-01-27,Completed,2025-02-13,17,54.7,59.1,1,3.3,7.8
5052,60724,2,2025-08-19,Completed,2025-08-31,12,74.9,83.2,3,3.3,6.7
5053,60724,3,2025-10-02,In Progress,,,58.9,,2,2.9,1.2
5054,60724,4,2025-09-21,Completed,2025-09-22,1,35.2,53.1,1,5.0,1.2
5055,60724,5,2025-05-26,Completed,2025-05-29,3,42.2,58.5,1,4.3,1.4
5056,60724,9,2025-10-17,Completed,2025-10-21,4,47.5,63.7,1,4.1,3.3
5057,60724,7,2025-01-30,Completed,2025-02-07,8,61.4,71.0,2,4.3,2.8
5058,60725,1,2025-04-03,Not Started,,,28.4,,0,,0.0
5059,60725,2,2025-08-29,In Progress,,,36.5,,2,3.1,1.6
5060,60725,3,2025-09-20,Dropped,,,27.7,,2,2.3,1.4
5061,60725,4,2025-10-11,Completed,2025-10-13,2,20.3,30.2,2,4.7,1.3
5062,60725,5,2025-09-11,Completed,2025-09-16,5,23.0,29.4,2,3.7,1.7
5063,60725,7,2025-02-16,Completed,2025-02-23,7,33.0,43.4,2,3.7,2.4
5064,60725,10,2025-02-11,Completed,2025-02-26,15,20.0,26.2,4,4.2,6.3
5065,60726,1,2025-10-20,Dropped,,,47.1,,3,2.4,0.5
5066,60726,2,2025-05-10,In Progress,,,65.7,,1,3.5,3.0
5067,60726,3,2025-03-09,Completed,2025-03-14,5,55.3,66.9,1,3.1,4.4
5068,60726,4,2025-08-13,Not Started,,,61.6,,0,,0.0
5069,60726,5,2025-01-30,Completed,2025-02-04,5,40.1,60.8,2,4.8,1.7
5070,60726,9,2025-06-19,Completed,2025-06-28,9,58.1,77.0,2,4.2,3.4
5071,60727,1,2025-03-03,In Progress,,,37.2,,1,3.3,2.1
5072,60727,2,2025-08-29,Not Started,,,47.2,,0,,0.0
5073,60727,3,2025-04-26,Completed,2025-05-02,6,75.8,84.7,1,3.0,4.0
5074,60727,4,2025-06-02,Completed,2025-06-06,4,53.3,68.5,1,3.6,1.2
5075,60727,5,2025-05-01,Completed,2025-05-07,6,73.2,98.6,1,4.4,1.4
5076,60727,10,2025-03-20,Completed,2025-04-01,12,62.5,77.1,1,4.0,6.0
5077,60728,1,2025-06-19,In Progress,,,44.2,,1,2.4,1.5
5078,60728,2,2025-07-12,Completed,2025-07-26,14,54.6,46.7,2,3.1,7.1
5079,60728,3,2025-07-11,Completed,2025-07-27,16,53.8,61.6,1,3.0,4.7
5080,60728,4,2025-07-22,Completed,2025-07-24,2,56.0,65.0,1,4.9,1.1
5081,60728,5,2025-10-21,Completed,2025-10-26,5,58.2,66.8,2,4.0,1.8
5082,60728,7,2025-04-08,Completed,2025-04-16,8,40.5,52.8,1,4.3,2.7
5083,60728,10,2025-04-15,Completed,2025-04-28,13,54.8,63.1,1,4.6,5.3
5084,60729,1,2025-05-09,Completed,2025-05-22,13,63.1,67.5,1,3.3,6.6
5085,60729,2,2025-10-12,In Progress,,,70.6,,1,2.5,2.7
5086,60729,3,2025-06-14,Completed,2025-06-21,7,67.5,70.7,1,2.9,4.7
5087,60729,4,2025-10-19,Completed,2025-10-21,2,43.0,62.0,1,4.1,1.0
5088,60729,5,2025-08-01,Completed,2025-08-06,5,51.3,75.0,1,4.8,1.8
5089,60729,9,2025-04-02,Completed,2025-04-11,9,43.4,51.7,1,3.4,3.9
5090,60729,6,2025-10-05,Completed,2025-10-11,6,57.9,69.4,2,3.4,2.9
5091,60730,1,2025-03-12,Not Started,,,90.0,,0,,0.0
5092,60730,2,2025-05-27,In Progress,,,74.5,,1,2.9,2.1
5093,60730,3,2025-02-07,Not Started,,,83.5,,0,,0.0
5094,60730,4,2025-10-06,Completed,2025-10-08,2,88.7,100.0,1,4.6,1.3
5095,60730,5,2025-01-17,Completed,2025-01-18,1,90.8,100.0,1,3.9,1.9
5096,60730,6,2025-07-23,Completed,2025-08-01,9,74.6,100.0,1,4.5,3.4
5097,60730,8,2025-10-23,Completed,2025-10-31,8,61.3,81.7,1,3.7,3.6
5098,60731,1,2025-10-22,Completed,2025-11-08,17,68.1,71.6,2,2.8,6.5
5099,60731,2,2025-09-29,Completed,2025-10-20,21,53.8,62.8,2,3.2,7.1
5100,60731,3,2025-04-02,Completed,2025-04-12,10,54.3,67.0,2,3.7,5.5
5101,60731,4,2025-08-03,Completed,2025-08-06,3,70.4,92.0,2,4.2,1.1
5102,60731,5,2025-08-12,Completed,2025-08-14,2,50.8,77.1,1,4.1,1.4
5103,60731,8,2025-10-21,In Progress,,,62.9,,2,3.3,1.4
5104,60731,10,2025-10-10,Completed,2025-11-01,22,55.0,76.2,3,4.2,7.6
5105,60732,1,2025-08-28,Completed,2025-09-02,5,62.9,64.0,1,3.6,5.2
5106,60732,2,2025-10-30,Dropped,,,58.9,,1,2.0,1.8
5107,60732,3,2025-07-20,Completed,2025-07-31,11,48.0,56.3,1,3.9,5.0
5108,60732,4,2025-05-22,Completed,2025-05-24,2,70.7,94.1,1,4.8,0.9
5109,60732,5,2025-06-06,Completed,2025-06-08,2,64.7,80.5,2,4.8,1.8
5110,60732,7,2025-03-14,Completed,2025-03-24,10,75.0,100.0,1,3.9,3.1
5111,60732,9,2025-01-16,Completed,2025-01-29,13,58.8,71.7,1,3.8,2.7
5112,60733,1,2025-02-11,Completed,2025-03-04,21,51.6,64.2,2,3.2,7.2
5113,60733,2,2025-11-13,Not Started,,,69.1,,0,,0.0
5114,60733,3,2025-02-13,Completed,2025-02-22,9,66.0,75.6,2,3.5,5.1
5115,60733,4,2025-06-28,Completed,2025-06-30,2,47.9,61.5,1,4.0,1.1
5116,60733,5,2025-03-31,Completed,2025-04-03,3,54.4,69.2,1,4.8,1.5
5117,60733,9,2025-03-08,In Progress,,,51.3,,1,2.9,1.6
5118,60733,10,2025-08-17,Completed,2025-09-03,17,41.4,53.2,3,3.9,7.7
5119,60733,8,2025-02-04,Completed,2025-02-22,18,53.9,74.9,2,3.9,4.5
5120,60734,1,2025-09-16,Not Started,,,67.5,,0,,0.0
5121,60734,2,2025-04-11,Completed,2025-04-22,11,74.1,88.7,1,3.1,6.9
5122,60734,3,2025-04-16,Completed,2025-05-05,19,59.2,70.8,2,3.4,4.8
5123,60734,4,2025-02-26,Completed,2025-03-02,4,59.1,81.3,1,4.4,0.9
5124,60734,5,2025-01-10,Completed,2025-01-13,3,58.4,79.1,1,4.9,1.6
5125,60734,7,2025-05-05,Completed,2025-05-13,8,85.1,92.1,3,4.5,2.9
5126,60734,10,2025-08-01,Completed,2025-08-22,21,49.2,62.6,2,4.0,7.2
5127,60734,8,2025-04-21,Completed,2025-05-04,13,64.6,85.7,1,4.7,4.5
5128,60735,1,2025-04-12,Dropped,,,65.4,,3,2.0,2.2
5129,60735,2,2025-10-11,Dropped,,,32.5,,2,1.8,0.7
5130,60735,3,2025-06-16,Completed,2025-06-27,11,66.9,67.6,1,3.4,4.9
5131,60735,4,2025-09-26,Completed,2025-09-28,2,58.9,77.7,1,5.0,1.0
5132,60735,5,2025-03-06,Completed,2025-03-09,3,70.6,87.4,2,4.8,1.5
5133,60735,6,2025-10-13,Completed,2025-10-22,9,77.1,86.9,1,4.3,3.4
5134,60735,10,2025-01-24,Completed,2025-02-07,14,60.8,70.0,2,4.3,6.8
5135,60735,9,2025-07-14,Completed,2025-07-21,7,57.4,73.6,1,4.1,3.2
5136,60736,1,2025-07-25,Completed,2025-08-09,15,75.4,85.2,1,3.0,7.7
5137,60736,2,2025-04-26,Completed,2025-05-07,11,74.9,81.8,1,3.8,5.0
5138,60736,3,2025-10-26,Completed,2025-11-16,21,89.9,100.0,2,3.5,5.3
5139,60736,4,2025-07-26,Completed,2025-07-29,3,70.4,92.1,1,4.4,1.2
5140,60736,5,2025-04-11,Completed,2025-04-17,6,68.4,95.3,1,4.6,1.8
5141,60736,7,2025-09-04,Completed,2025-09-09,5,65.2,86.3,1,3.8,2.1
5142,60736,9,2025-08-31,Not Started,,,69.0,,0,,0.0
5143,60736,8,2025-10-15,Not Started,,,81.7,,0,,0.0
5144,60737,1,2025-07-10,Completed,2025-08-02,23,76.6,85.0,2,2.9,5.5
5145,60737,2,2025-08-27,Completed,2025-09-20,24,64.4,73.1,1,2.7,6.2
5146,60737,3,2025-03-20,Completed,2025-04-05,16,74.9,79.5,2,3.3,4.4
5147,60737,4,2025-01-19,Completed,2025-01-23,4,68.2,92.5,1,4.4,1.2
5148,60737,5,2025-08-27,Completed,2025-08-30,3,68.8,89.0,2,4.5,1.5
5149,60737,8,2025-06-10,Completed,2025-06-19,9,73.4,97.1,1,3.9,5.1
5150,60738,1,2025-10-19,Completed,2025-11-03,15,50.3,51.8,1,2.5,5.3
5151,60738,2,2025-06-11,In Progress,,,39.9,,3,2.3,1.5
5152,60738,3,2025-04-28,Completed,2025-05-10,12,74.9,75.6,1,3.6,5.7
5153,60738,4,2025-05-04,Completed,2025-05-06,2,50.2,59.2,1,4.3,1.0
5154,60738,5,2025-02-02,Completed,2025-02-04,2,69.8,83.4,1,4.8,1.3
5155,60738,7,2025-02-12,Completed,2025-02-22,10,52.9,70.3,2,4.2,3.2
5156,60739,1,2025-01-21,Completed,2025-01-27,6,51.9,59.8,2,3.6,6.9
5157,60739,2,2025-01-15,Completed,2025-01-25,10,60.9,73.0,4,3.7,5.0
5158,60739,3,2025-04-09,Completed,2025-04-20,11,63.0,68.4,2,2.9,4.0
5159,60739,4,2025-09-18,Completed,2025-09-20,2,37.4,62.2,1,4.5,1.3
5160,60739,5,2025-11-18,Completed,2025-11-22,4,47.1,65.2,3,4.2,1.5
5161,60739,8,2025-08-05,Completed,2025-08-15,10,57.8,71.9,1,3.2,3.6
5162,60739,10,2025-07-15,Completed,2025-08-01,17,42.8,55.8,3,3.8,7.2
5163,60739,6,2025-04-08,Completed,2025-04-19,11,69.5,84.7,1,4.0,3.6
5164,60740,1,2025-03-14,Completed,2025-04-05,22,76.6,81.5,2,3.2,5.6
5165,60740,2,2025-11-12,Completed,2025-11-26,14,52.3,63.6,2,3.0,6.4
5166,60740,3,2025-07-13,Completed,2025-07-24,11,48.4,46.0,1,3.6,4.6
5167,60740,4,2025-06-22,Completed,2025-06-25,3,41.7,57.1,1,4.5,1.2
5168,60740,5,2025-09-22,Completed,2025-09-25,3,41.1,48.8,1,4.2,1.5
5169,60740,9,2025-07-19,Completed,2025-07-30,11,61.8,70.1,1,3.9,3.3
5170,60740,6,2025-11-18,Completed,2025-12-01,13,57.0,63.3,2,3.5,3.8
5171,60741,1,2025-01-31,Completed,2025-02-21,21,57.7,76.8,1,3.8,5.3
5172,60741,2,2025-09-21,Completed,2025-10-12,21,73.2,86.8,2,3.6,6.8
5173,60741,3,2025-04-05,Dropped,,,56.1,,2,1.5,1.8
5174,60741,4,2025-02-23,Completed,2025-02-25,2,73.8,92.2,2,4.2,1.1
5175,60741,5,2025-08-07,Completed,2025-08-10,3,62.5,80.9,2,4.2,1.6
5176,60741,9,2025-10-09,Completed,2025-10-16,7,52.4,62.3,1,3.0,3.1
5177,60741,6,2025-10-16,Completed,2025-10-29,13,54.4,64.7,1,3.7,3.0
5178,60742,1,2025-06-29,In Progress,,,57.1,,1,2.9,4.2
5179,60742,2,2025-02-24,Completed,2025-03-14,18,51.7,60.8,1,3.1,6.0
5180,60742,3,2025-10-14,Completed,2025-10-19,5,53.1,60.4,1,3.4,4.6
5181,60742,4,2025-08-21,Completed,2025-08-26,5,41.1,61.8,2,4.3,1.3
5182,60742,5,2025-09-16,Completed,2025-09-20,4,59.3,68.6,2,3.9,1.8
5183,60742,9,2025-07-14,Completed,2025-07-18,4,66.3,87.9,2,3.3,3.6
5184,60742,6,2025-09-06,Completed,2025-09-16,10,58.9,72.9,1,4.0,3.7
5185,60742,8,2025-11-07,Completed,2025-11-23,16,50.4,64.4,1,4.2,4.6
5186,60743,1,2025-01-14,Completed,2025-02-07,24,57.4,63.7,1,3.7,7.7
5187,60743,2,2025-08-07,Completed,2025-08-14,7,69.1,73.8,1,3.6,6.5
5188,60743,3,2025-11-05,Completed,2025-11-25,20,66.2,75.1,2,4.0,5.4
5189,60743,4,2025-06-28,Completed,2025-06-30,2,57.9,74.8,1,4.7,0.9
5190,60743,5,2025-07-16,Completed,2025-07-18,2,66.7,85.8,1,3.6,1.9
5191,60743,8,2025-08-24,Not Started,,,55.5,,0,,0.0
5192,60744,1,2025-07-30,Completed,2025-08-14,15,62.9,70.0,3,2.8,5.2
5193,60744,2,2025-08-19,Not Started,,,35.3,,0,,0.0
5194,60744,3,2025-09-09,Completed,2025-09-22,13,57.4,73.5,3,2.6,4.7
5195,60744,4,2025-05-30,Completed,2025-05-31,1,42.4,52.7,2,4.5,0.9
5196,60744,5,2025-04-04,Completed,2025-04-10,6,60.3,80.4,1,4.3,1.5
5197,60744,8,2025-04-01,Completed,2025-04-09,8,59.5,77.2,2,4.4,4.6
5198,60744,10,2025-10-08,Completed,2025-10-28,20,64.9,85.0,2,4.1,6.7
5199,60745,1,2025-09-04,Completed,2025-09-10,6,60.2,64.9,2,3.3,6.0
5200,60745,2,2025-05-14,In Progress,,,63.1,,2,3.0,3.2
5201,60745,3,2025-05-23,Completed,2025-06-14,22,53.3,49.0,1,3.6,4.1
5202,60745,4,2025-03-08,Completed,2025-03-11,3,70.0,84.4,1,4.0,1.2
5203,60745,5,2025-11-07,Completed,2025-11-09,2,55.9,76.6,1,4.5,1.5
5204,60745,7,2025-04-19,Completed,2025-04-24,5,43.9,61.8,1,4.2,2.7
5205,60745,8,2025-01-31,In Progress,,,60.5,,1,3.1,1.2
5206,60746,1,2025-02-27,Completed,2025-03-19,20,73.2,84.8,2,3.8,6.5
5207,60746,2,2025-02-16,Completed,2025-03-03,15,72.2,82.0,2,3.4,5.2
5208,60746,3,2025-01-11,Dropped,,,53.9,,1,1.9,0.7
5209,60746,4,2025-03-18,Completed,2025-03-20,2,54.9,67.8,1,4.1,0.9
5210,60746,5,2025-08-14,Completed,2025-08-18,4,67.4,81.0,2,4.4,1.8
5211,60746,7,2025-08-23,Completed,2025-08-30,7,62.6,79.2,1,4.4,2.7
5212,60746,9,2025-06-19,Completed,2025-06-23,4,52.5,76.4,3,3.5,3.9
5213,60746,8,2025-10-21,Completed,2025-11-06,16,53.9,72.1,2,3.9,4.4
5214,60747,1,2025-01-26,Completed,2025-02-17,22,63.4,78.4,1,2.9,5.6
5215,60747,2,2025-04-23,Completed,2025-05-20,27,80.8,85.5,1,3.4,6.8
5216,60747,3,2025-08-26,Dropped,,,63.0,,1,1.6,0.5
5217,60747,4,2025-09-05,Completed,2025-09-06,1,75.0,97.7,1,4.7,1.2
5218,60747,5,2025-08-23,Completed,2025-08-30,7,75.4,100.0,1,4.8,1.8
5219,60747,10,2025-06-09,Completed,2025-06-26,17,81.8,100.0,1,4.3,7.4
5220,60747,6,2025-08-26,In Progress,,,76.9,,1,3.6,1.1
5221,60748,1,2025-06-13,Completed,2025-06-22,9,61.6,68.4,1,3.4,7.4
5222,60748,2,2025-02-07,In Progress,,,60.0,,1,2.7,1.7
5223,60748,3,2025-03-02,Completed,2025-03-22,20,77.7,84.6,2,3.2,3.9
5224,60748,4,2025-07-26,Completed,2025-07-29,3,66.6,86.2,1,4.6,1.1
5225,60748,5,2025-01-14,Completed,2025-01-18,4,44.3,68.2,2,4.2,1.6
5226,60748,9,2025-07-30,Completed,2025-08-04,5,63.4,74.1,1,4.0,2.7
5227,60748,6,2025-10-30,Completed,2025-11-12,13,54.2,67.3,1,4.2,3.1
5228,60749,1,2025-09-04,Completed,2025-09-27,23,62.2,73.1,2,3.5,6.1
5229,60749,2,2025-03-27,Completed,2025-04-19,23,78.0,85.0,3,4.1,5.9
5230,60749,3,2025-06-05,Completed,2025-06-16,11,79.8,84.7,2,3.3,5.5
5231,60749,4,2025-04-05,Completed,2025-04-06,1,68.6,91.0,2,4.2,1.3
5232,60749,5,2025-03-10,Completed,2025-03-15,5,60.4,78.2,2,4.1,1.9
5233,60749,7,2025-07-10,Completed,2025-07-17,7,64.2,89.8,1,3.8,2.5
5234,60749,10,2025-04-08,Completed,2025-04-22,14,68.8,92.6,2,4.4,6.1
5235,60750,1,2025-10-18,Completed,2025-11-02,15,62.5,66.1,1,3.1,5.2
5236,60750,2,2025-04-09,Completed,2025-04-22,13,64.2,68.9,2,4.1,6.8
5237,60750,3,2025-05-18,Dropped,,,37.4,,2,1.4,0.2
5238,60750,4,2025-09-10,Completed,2025-09-14,4,50.8,58.2,3,4.8,1.1
5239,60750,5,2025-05-09,Completed,2025-05-15,6,31.5,59.2,3,4.5,1.7
5240,60750,10,2025-05-04,In Progress,,,45.9,,1,4.1,3.7
